uid,gid,player,solo,comb,sck,saf,blk,ints,pdef,frcv,forc,tdd,rety,tdret,peny,snp,fp,fp2,game,seas,year,team,posd,jnum,dcp
162805,5058,RS-2250,4,1,0,0,0,0,0,0,0,0,0,0,38,63,4.5,0,1,2,2019,CHI,RILB,58,1
162806,5058,RR-0850,3,0,1,0,0,0,0,0,0,0,0,0,0,26,5,1,1,4,2019,CHI,DT,95,2
162807,5058,KC-1225,1,4,0.5,0,0,0,0,0,0,0,0,0,5,56,4,0.5,1,4,2019,GB,NT,97,1
162808,5058,DL-2325,1,2,0,0,0,0,0,0,0,0,0,0,0,47,2,0,1,4,2019,GB,DE,94,1
162809,5058,PS-0550,2,3,1.5,0,0,0,1,0,0,0,0,0,0,72,7.5,1.5,1,5,2019,GB,LOLB,91,1
162810,5058,RG-1818,5,1,0,0,0,0,1,0,0,0,0,0,0,56,6.5,0,1,2,2019,GB,FS,24,2
162811,5058,AA-0543,2,1,0,0,0,1,0,0,0,0,0,0,0,73,4.5,2,1,5,2019,GB,FS,31,1
162812,5058,BM-0345,5,2,1,0,0,0,0,0,0,0,0,0,0,73,8,1,1,4,2019,GB,LILB,50,1
162813,5058,KM-0050,5,0,0,0,0,0,0,0,0,0,0,0,0,58,5,0,1,6,2019,CHI,LOLB,52,1
162814,5058,LF-0450,4,0,2,0,0,0,0,0,0,0,0,0,0,55,8,2,1,4,2019,CHI,ROLB,94,1
162815,5058,TB-3150,3,2,0,0,0,0,0,0,0,0,0,0,10,27,4,0,1,2,2019,GB,LCB,28,2
162816,5058,KK-0750,5,0,1,0,0,0,1,0,0,0,0,0,0,42,8,1,1,3,2019,GB,RCB,20,1
162817,5058,ZS-0075,3,0,1,0,0,0,0,0,0,0,0,0,0,67,5,1,1,5,2019,GB,ROLB,55,1
162818,5058,JA-0475,3,2,0,0,0,0,2,0,0,0,0,0,0,73,6,0,1,2,2019,GB,LCB,23,1
162819,5058,PA-0300,2,1,0,0,0,0,2,0,0,0,0,0,0,64,4.5,0,1,9,2019,CHI,RCB,20,1
162820,5058,KF-0500,6,0,0,0,0,0,2,0,0,0,0,0,5,64,8,0,1,6,2019,CHI,LCB,23,1
162821,5058,JI-1000,0,0,0,0,0,0,0,0,0,0,0,0,4,0,0,0,1,2,2019,CHI,RILB,45,2
162822,5058,TW-2700,3,0,0,0,0,0,2,0,0,0,0,0,21,73,5,0,1,14,2019,GB,RCB,38,2
162823,5058,KF-0050,0,1,0,0,0,0,0,0,0,0,0,0,0,23,0.5,0,1,4,2019,GB,LOLB,51,2
162824,5058,EJ-0125,2,0,0,0,0,0,0,0,0,0,0,0,0,64,2,0,1,3,2019,CHI,S,39,1
162825,5058,DS-0712,3,0,0,0,0,0,1,0,0,0,0,0,0,73,4,0,1,1,2019,GB,SS,21,1
162826,5058,DT-1950,4,1,0,0,0,0,0,0,0,0,0,0,0,64,4.5,0,1,8,2019,CHI,LILB,59,1
162827,5058,BN-0450,0,1,0,0,0,0,0,0,0,0,0,0,0,32,0.5,0,1,2,2019,CHI,DE,98,1
162828,5058,AH-3050,2,0,1,0,0,0,0,0,0,0,0,0,0,50,4,1,1,8,2019,CHI,DT,96,1
162829,5058,BS-2300,1,0,0,0,0,0,1,0,0,0,0,0,0,32,2,0,1,9,2019,CHI,LCB,24,2
162830,5058,HC-0050,5,0,0,0,0,0,0,0,0,0,0,0,0,60,5,0,1,6,2019,CHI,S,21,1
162831,5058,AL-1200,1,0,1,0,0,0,0,0,0,0,0,0,0,8,3,1,1,6,2019,CHI,ROLB,99,2
162832,5058,MA-0275,1,0,0,0,0,0,0,0,0,0,0,0,0,22,1,0,1,3,2019,GB,DE,90,1
162833,5058,EG-0350,1,0,0,0,0,0,0,0,0,0,0,0,0,33,1,0,1,5,2019,CHI,NT,91,1
162834,5058,DS-1780,0,0,0,0,0,0,0,0,0,0,0,0,10,3,0,0,1,1,2019,CHI,LCB,33,3
162835,5059,AB-0650,6,0,1,0,0,0,0,0,0,0,0,0,5,72,8,1,1,6,2019,MIN,SLB,55,1
162836,5059,SS-2750,1,1,0,0,0,0,0,0,0,0,0,0,5,42,1.5,0,1,6,2019,MIN,DT,93,1
162837,5059,EW-1350,0,1,0,0,1,0,0,0,0,0,0,0,0,7,2.5,2,1,3,2019,MIN,SLB,50,2
162838,5059,VB-0075,2,1,0,0,0,0,0,0,0,0,0,0,0,48,2.5,0,1,5,2019,ATL,DE,44,1
162839,5059,XR-0100,5,2,0,0,0,0,1,0,0,0,0,0,0,66,7,0,1,7,2019,MIN,RCB,29,1
162840,5059,LJ-1700,2,2,1,0,0,0,0,0,0,0,0,0,0,40,5,1,1,10,2019,MIN,NT,98,1
162841,5059,TW-1187,2,1,0,0,0,0,0,0,1,0,0,0,26,67,4.5,0,1,5,2019,MIN,LCB,26,1
162842,5059,EG-0900,1,0,1,0,0,0,0,0,0,0,0,0,5,65,3,1,1,10,2019,MIN,RDE,97,1
162843,5059,AH-1300,3,2,0,0,0,2,0,1,0,0,0,0,0,78,10,6,1,5,2019,MIN,FS,41,1
162844,5059,DJ-2450,5,0,0,0,0,0,0,0,0,0,0,0,0,33,5,0,1,4,2019,ATL,MLB,45,1
162845,5059,EK-0250,5,1,0,0,0,0,2,0,0,0,0,0,0,72,7.5,0,1,5,2019,MIN,MLB,54,1
162846,5059,JK-0225,6,2,0,0,0,0,1,0,0,0,0,0,0,45,8,0,1,4,2019,MIN,FS,27,2
162847,5059,DH-4650,4,0,1,0,0,0,0,0,0,0,0,0,0,65,6,1,1,5,2019,MIN,LDE,99,1
162848,5059,MA-0350,1,0,0,0,0,0,0,0,0,0,0,0,0,21,1,0,1,4,2019,MIN,RCB,20,2
162849,5059,HS-0130,7,2,0,0,0,0,2,0,0,0,0,0,0,78,10,0,1,8,2019,MIN,SS,22,1
162850,5059,TM-2250,3,1,0,0,0,0,0,0,0,0,0,0,0,47,3.5,0,1,3,2019,ATL,RDE,98,1
162851,5059,TD-0850,4,4,0,0,0,0,0,0,0,0,0,0,0,41,6,0,1,5,2019,ATL,DT,96,1
162852,5059,DC-0325,6,0,0,0,0,0,0,0,0,0,0,0,20,53,6,0,1,4,2019,ATL,SLB,59,1
162853,5059,GJ-0250,4,1,1,0,0,0,0,0,1,0,0,0,0,42,8.5,1,1,5,2019,ATL,DT,97,1
162854,5059,DK-0362,1,0,0,0,0,0,0,0,0,0,0,0,0,11,1,0,1,3,2019,ATL,RCB,27,2
162855,5059,AB-0100,1,1,0,0,0,0,0,0,0,0,0,0,0,43,1.5,0,1,9,2019,ATL,LDE,93,1
162856,5059,IO-0150,1,0,0,0,0,0,0,0,0,0,0,0,15,42,1,0,1,2,2019,ATL,RCB,26,1
162857,5059,JC-5560,1,1,0,0,0,0,0,0,0,0,0,0,0,22,1.5,0,1,8,2019,ATL,DT,95,2
162858,5059,AC-1500,0,1,0,0,0,0,0,0,0,0,0,0,0,12,0.5,0,1,9,2019,ATL,RDE,99,2
162859,5059,RA-0675,2,0,0,0,0,0,0,0,0,0,0,0,0,47,2,0,1,6,2019,ATL,FS,37,1
162860,5059,JJ-2525,1,0,0,0,0,0,0,0,0,0,0,0,0,26,1,0,1,3,2019,MIN,NT,94,2
162861,5059,FO-0150,3,2,0,0,0,0,0,0,0,0,0,0,0,23,4,0,1,2,2019,ATL,SLB,54,2
162862,5059,KN-0125,1,0,0,0,0,0,0,0,0,0,0,0,8,50,1,0,1,4,2019,ATL,SS,22,1
162863,5059,KB-1675,1,0,0,0,0,0,0,0,0,0,0,0,24,15,1,0,1,1,2019,MIN,LCB,38,3
162864,5059,SW-0600,0,0,0,0,0,0,0,0,0,0,0,0,5,34,0,0,1,4,2019,MIN,LDE,91,2
162865,5060,RJ-2000,4,1,0,0,0,0,0,0,0,0,0,0,0,32,4.5,0,1,10,2019,MIA,SS,20,1
162866,5060,XH-0100,2,2,0,0,0,0,0,0,0,0,0,0,0,71,3,0,1,4,2019,MIA,RCB,25,1
162867,5060,SE-0150,2,2,0.5,0,0,0,0,0,0,0,0,0,0,68,4,0.5,1,1,2019,MIA,OLB,49,1
162868,5060,ER-0475,8,3,0,0,0,0,0,0,0,0,0,0,5,72,9.5,0,1,5,2019,MIA,LCB,21,1
162869,5060,MF-0550,4,2,0,0,0,0,0,0,0,0,0,0,0,49,5,0,1,2,2019,MIA,FS,29,2
162870,5060,DG-1275,3,2,0,0,0,0,0,0,0,0,0,0,0,45,4,0,1,3,2019,MIA,NT,56,1
162871,5060,KY-0075,2,0,0,0,0,0,0,0,0,0,0,0,0,21,2,0,1,2,2019,BAL,WLB,40,2
162872,5060,BW-2020,0,2,0,0,0,0,0,0,0,0,0,0,0,25,1,0,1,7,2019,BAL,DT,98,1
162873,5060,PM-0500,1,2,1,0,0,0,0,0,0,0,0,0,0,25,4,1,1,9,2019,BAL,RUSH,90,1
162874,5060,ET-0200,1,0,0,0,0,1,0,0,0,0,0,0,0,47,3,2,1,10,2019,BAL,FS,29,1
162875,5060,TJ-0950,2,1,0,0,0,0,0,0,0,0,0,0,0,46,2.5,0,1,7,2019,BAL,SS,23,1
162876,5060,MJ-2700,3,0,1,0,0,0,0,0,0,0,0,0,0,39,5,1,1,4,2019,BAL,SLB,99,1
162877,5060,PO-0175,5,0,1,0,0,0,1,0,0,0,0,0,0,49,8,1,1,4,2019,BAL,MLB,48,1
162878,5060,CJ-2350,0,0,0,0,0,0,0,0,0,0,29,0,0,2,0,0,1,4,2019,BAL,RCB,27,3
162879,5060,RM-3150,1,2,0,0,0,0,0,0,0,0,0,0,0,22,2,0,1,3,2019,MIA,LB,52,1
162880,5060,JL-0775,1,3,0.5,0,0,0,0,0,0,0,0,0,0,51,3.5,0.5,1,1,2019,MIA,NT,98,2
162881,5060,MP-1225,2,1,0,0,0,0,0,0,0,0,0,0,0,26,2.5,0,1,4,2019,BAL,NT,97,1
162882,5060,AA-0590,4,0,0,0,0,0,1,0,0,0,0,0,0,45,5,0,1,2,2019,BAL,LCB,34,2
162883,5060,JB-0550,2,6,0,0,0,0,0,0,0,0,0,0,0,72,5,0,1,2,2019,MIA,LB,55,1
162884,5060,BM-0775,3,1,0,0,0,0,0,0,0,0,0,0,15,59,3.5,0,1,5,2019,MIA,FS,28,1
162885,5060,CH-1450,1,0,0,0,0,0,0,0,0,0,0,0,5,61,1,0,1,3,2019,MIA,OLB,90,1
162886,5060,AM-2975,1,4,0,0,0,0,0,0,0,0,0,0,5,47,3,0,1,3,2019,MIA,LDE,93,2
162887,5060,CB-1775,1,0,0,0,0,0,0,0,0,0,0,0,0,13,1,0,1,2,2019,BAL,WLB,49,1
162888,5060,MH-3742,1,0,0,0,0,1,1,0,0,0,0,0,0,46,4,2,1,3,2019,BAL,LCB,44,1
162889,5060,JW-5450,0,1,0,0,0,0,0,0,0,0,0,0,4,15,0.5,0,1,3,2019,MIA,LCB,33,2
162890,5060,JB-3350,0,0,0,0,0,0,0,1,0,0,0,0,0,3,2,2,1,8,2019,BAL,RCB,28,4
162891,5060,JJ-1650,3,1,0,0,0,0,0,0,0,0,0,0,0,47,3.5,0,1,7,2019,MIA,LDE,95,1
162892,5060,CL-0212,0,0,0,0,0,0,1,0,0,0,0,0,10,13,1,0,1,2,2019,MIA,LCB,30,3
162893,5060,CC-1950,1,0,0,0,0,0,1,0,0,0,0,0,0,16,2,0,1,3,2019,BAL,FS,36,3
162894,5060,JG-2950,1,0,0,0,0,0,0,0,0,0,0,0,0,30,1,0,1,4,2019,MIA,RWR,19,1
162895,5060,CW-2150,2,2,0,0,0,0,0,0,0,0,0,0,0,65,3,0,1,1,2019,MIA,DE,94,1
162896,5060,TW-2350,0,0,0,0,0,0,0,0,0,0,0,0,15,27,0,0,1,3,2019,BAL,RUSH,56,2
162897,5060,BC-0500,0,0,0,0,0,0,1,0,0,0,0,0,0,30,1,0,1,12,2019,BAL,RCB,24,2
162898,5060,BT-0950,1,0,0,0,0,0,0,0,0,0,0,0,0,3,1,0,1,7,2019,BAL,SS,31,3
162899,5060,TB-2025,1,0,0,0,0,0,0,0,0,0,0,0,0,23,1,0,1,3,2019,BAL,SLB,54,2
162900,5060,WA-0050,3,3,0,0,0,0,0,0,0,0,0,0,0,18,4.5,0,1,6,2019,MIA,SS,35,2
162901,5060,AL-0650,0,0,0,0,0,0,0,0,0,0,0,0,5,14,0,0,1,10,2019,BAL,SS,41,2
162902,5060,JC-5565,0,1,0,0,0,0,0,0,0,0,0,0,0,14,0.5,0,1,2,2019,MIA,OLB,51,2
162903,5061,CM-3250,4,1,0,0,0,1,1,1,0,1,0,0,0,48,15.5,10,1,6,2019,NYJ,ILB,57,1
162904,5061,TJ-2250,7,1,0,0,0,0,0,0,0,0,0,0,15,69,7.5,0,1,8,2019,NYJ,RCB,22,1
162905,5061,DR-1950,6,2,0,0,0,0,0,0,0,0,0,0,10,69,7,0,1,5,2019,NYJ,LCB,27,1
162906,5061,JA-0150,5,1,0,0,0,0,1,0,0,0,0,0,0,69,6.5,0,1,3,2019,NYJ,SS,33,1
162907,5061,JJ-1675,1,2,1,1,0,0,0,0,1,0,0,0,0,41,8,3,1,4,2019,NYJ,OLB,48,1
162908,5061,SM-2200,0,1,0,0,0,0,0,1,0,0,0,0,0,35,2.5,2,1,11,2019,NYJ,NT,99,1
162909,5061,TJ-1250,3,0,0,0,0,0,1,0,0,0,0,0,0,33,4,0,1,2,2019,BUF,NCB,24,1
162910,5061,TE-0012,3,5,0,0,0,0,0,0,0,0,0,0,0,72,5.5,0,1,2,2019,BUF,MLB,49,1
162911,5061,MM-3168,6,3,0,0,0,0,0,0,0,0,0,0,0,72,7.5,0,1,3,2019,BUF,SLB,58,1
162912,5061,LW-1350,0,5,0,0,0,0,0,0,0,0,0,0,0,61,2.5,0,1,5,2019,NYJ,LDE,92,1
162913,5061,NH-1225,4,3,0,0,0,1,0,0,0,0,0,0,0,68,7.5,2,1,5,2019,NYJ,ILB,46,1
162914,5061,TB-0625,0,1,0,0,0,0,0,0,0,0,0,0,0,14,0.5,0,1,3,2019,NYJ,OLB,93,2
162915,5061,JH-5900,1,2,1.5,0,0,0,2,0,0,0,0,0,10,50,7,1.5,1,10,2019,BUF,RDE,55,1
162916,5061,JP-4150,6,3,1,0,0,0,0,0,0,0,0,0,0,72,9.5,1,1,7,2019,BUF,SS,21,1
162917,5061,MH-4000,1,1,0,0,0,0,0,0,0,0,10,0,0,72,1.5,0,1,7,2019,BUF,FS,23,1
162918,5061,TW-1725,2,2,0,0,0,0,0,0,0,0,0,0,0,72,3,0,1,3,2019,BUF,LCB,27,1
162919,5061,SL-0350,1,3,1,0,0,0,1,0,0,0,0,0,0,22,5.5,1,1,4,2019,BUF,RDE,90,2
162920,5061,HA-0400,0,2,0,0,0,0,0,0,0,0,0,0,15,49,1,0,1,5,2019,NYJ,RDE,96,1
162921,5061,LA-0200,2,2,0.5,0,0,0,1,0,0,0,0,0,0,26,5,0.5,1,15,2019,BUF,WLB,57,1
162922,5061,LW-0150,4,1,0,0,0,0,2,0,0,0,0,0,0,72,6.5,0,1,2,2019,BUF,RCB,39,1
162923,5061,EO-0275,2,0,0,0,0,0,0,0,0,0,0,0,0,47,2,0,1,1,2019,BUF,DT,91,1
162924,5061,FL-0300,1,1,0,0,0,0,0,0,0,0,0,0,0,26,1.5,0,1,2,2019,NYJ,OLB,50,2
162925,5061,BK-0150,0,1,0,0,0,0,0,0,0,0,0,0,5,31,0.5,0,1,4,2019,NYJ,RDE,91,2
162926,5061,SL-0950,0,1,0,0,0,0,0,0,0,0,0,0,0,30,0.5,0,1,7,2019,BUF,DT,98,1
162927,5061,RM-4100,1,0,0,0,0,0,0,0,0,0,0,0,0,1,1,0,1,7,2019,NYJ,SS,45,2
162928,5061,HL-0100,0,0,0,0,0,0,1,0,0,0,0,0,0,25,1,0,1,3,2019,NYJ,OLB,44,1
162929,5061,BP-1050,0,1,0,0,0,0,0,0,0,0,0,0,0,37,0.5,0,1,4,2019,NYJ,LCB,34,2
162930,5061,SN-0150,5,2,0,0,0,0,0,0,0,0,0,0,0,33,6,0,1,2,2019,BUF,NCB,33,2
162931,5061,JP-2850,0,0,0,0,0,0,0,0,0,0,0,0,15,25,0,0,1,5,2019,BUF,DT,97,2
162932,5061,MM-1725,4,1,0,0,0,0,1,0,0,0,0,0,0,69,5.5,0,1,3,2019,NYJ,FS,20,1
162933,5061,TM-3450,0,1,0,0,0,0,1,1,0,0,0,0,0,57,3.5,2,1,6,2019,BUF,LDE,93,1
162934,5061,BC-0625,1,1,0,0,0,0,0,0,0,0,0,0,0,22,1.5,0,1,1,2019,NYJ,ILB,53,2
162935,5062,QW-0050,4,0,0,0,0,0,0,0,0,0,0,0,0,45,4,0,1,1,2019,JAC,WLB,56,1
162936,5062,JR-0150,5,0,0,0,0,0,0,0,0,0,0,0,0,66,5,0,1,4,2019,JAC,LCB,20,1
162937,5062,DN-1237,0,3,0,0,0,0,0,0,0,0,0,0,0,19,1.5,0,1,2,2019,KC,DT,91,1
162938,5062,AH-3350,5,2,0,0,0,0,0,0,0,0,0,0,15,58,6,0,1,6,2019,KC,LB,53,1
162939,5062,CW-0637,4,3,0,0,0,0,0,0,0,0,0,0,0,58,5.5,0,1,2,2019,KC,LCB,35,1
162940,5062,JT-2650,5,3,0,0,0,0,0,0,0,0,0,0,15,58,6.5,0,1,1,2019,KC,FS,22,2
162941,5062,AB-2250,3,0,0,0,0,0,0,0,0,0,0,0,0,68,3,0,1,7,2019,JAC,RCB,21,1
162942,5062,JW-4925,5,0,0,0,0,0,0,0,0,0,0,0,0,68,5,0,1,4,2019,JAC,FS,26,1
162943,5062,AJ-1150,1,1,0,0,0,0,0,0,0,0,0,0,0,39,1.5,0,1,7,2019,JAC,NT,95,1
162944,5062,BB-2725,0,0,0,0,0,0,1,1,0,0,0,0,0,58,3,2,1,6,2019,KC,RCB,21,1
162945,5062,EO-0075,2,1,1,0,0,0,0,0,0,0,0,0,0,21,4.5,1,1,4,2019,KC,LDE,90,2
162946,5062,DH-2150,4,0,0,0,0,0,0,0,0,0,0,0,0,58,4,0,1,7,2019,JAC,LCB,25,2
162947,5062,YN-0100,3,0,0,0,0,0,0,0,0,0,0,0,5,49,3,0,1,4,2019,JAC,DE,91,1
162948,5062,AO-0370,2,2,0,0,0,0,1,0,0,0,0,0,0,37,4,0,1,7,2019,KC,LDE,97,1
162949,5062,JI-0900,0,1,0,0,0,0,0,0,0,0,0,0,0,13,0.5,0,1,3,2019,KC,DL,93,3
162950,5062,KF-0450,4,3,0,0,0,0,0,0,0,0,0,0,0,48,5.5,0,1,4,2019,KC,RCB,29,2
162951,5062,DW-4025,5,0,0,0,0,0,0,0,1,0,0,0,0,47,7,0,1,5,2019,KC,LB,54,1
162952,5062,MJ-0015,2,0,0,0,0,0,0,0,0,0,0,0,0,20,2,0,1,4,2019,JAC,MLB,44,1
162953,5062,JA-1090,1,1,0,0,0,0,0,0,0,0,0,0,0,51,1.5,0,1,1,2019,JAC,DE,41,2
162954,5062,NG-0350,3,0,0,0,0,0,0,0,0,0,0,0,0,48,3,0,1,8,2019,JAC,MLB,52,2
162955,5062,DL-0550,0,1,0,0,0,0,0,0,0,0,0,0,0,10,0.5,0,1,4,2019,KC,LB,50,2
162956,5062,CJ-2168,1,0,0,0,0,0,0,0,0,0,0,0,0,45,1,0,1,4,2019,KC,NT,95,1
162957,5062,TM-0850,2,1,0,0,0,0,0,0,0,0,0,0,0,57,2.5,0,1,7,2019,KC,SS,32,1
162958,5062,CC-0200,3,0,0,0,0,0,0,0,0,0,0,0,5,55,3,0,1,12,2019,JAC,DE,93,1
162959,5062,RH-1150,5,0,0,0,0,0,0,0,0,0,0,0,6,62,5,0,1,2,2019,JAC,SS,36,1
162960,5062,TB-3450,0,0,0,0,0,0,0,0,0,0,0,0,5,18,0,0,1,2,2019,JAC,DT,90,2
162961,5062,DR-3650,1,0,0,0,0,0,0,0,0,0,0,0,0,20,1,0,1,1,2019,JAC,NT,98,2
162962,5062,AW-1812,1,0,0,0,0,0,0,0,0,0,0,0,0,6,1,0,1,1,2019,JAC,FS,42,2
162963,5062,FC-0150,1,0,0,0,0,1,0,0,0,0,0,0,0,45,3,2,1,5,2019,KC,RDE,55,1
162964,5062,DS-3125,2,0,0,0,0,0,0,0,0,0,0,0,0,31,2,0,1,3,2019,JAC,DE,94,2
162965,5062,DA-0350,1,0,0,0,0,0,0,0,0,0,0,0,0,23,1,0,1,5,2019,JAC,WLB,57,2
162966,5062,LJ-0312,1,0,0,0,0,0,0,0,0,0,0,0,0,9,1,0,1,2,2019,JAC,SLB,48,1
162967,5063,CM-0900,2,1,1,0,0,0,0,0,0,0,0,0,0,46,4.5,1,1,11,2019,LA,OLB,52,1
162968,5063,CL-0987,8,6,0,0,0,1,1,1,1,0,0,0,0,67,18,4,1,4,2019,LA,ILB,58,1
162969,5063,MP-0950,2,2,0,0,0,0,0,0,0,0,0,0,15,66,3,0,1,5,2019,LA,LCB,22,1
162970,5063,EW-0400,1,5,0,0,0,0,0,0,0,0,0,0,0,26,3.5,0,1,13,2019,LA,FS,32,1
162971,5063,NR-0350,2,0,0,0,0,0,0,0,0,0,0,0,0,42,2,0,1,7,2019,LA,LCB,23,2
162972,5063,ST-0550,7,2,0,0,0,0,1,0,0,0,0,0,0,75,9,0,1,5,2019,CAR,LILB,54,1
162973,5063,ER-0150,4,1,0,0,0,0,0,0,0,0,0,0,0,77,4.5,0,1,7,2019,CAR,SS,25,1
162974,5063,TB-1850,7,2,0,0,0,0,0,0,0,0,0,0,0,77,8,0,1,6,2019,CAR,FS,33,1
162975,5063,LK-0600,4,4,0,0,0,0,1,0,0,0,0,0,0,77,7,0,1,8,2019,CAR,RILB,59,1
162976,5063,JB-4975,2,2,1,0,0,1,1,0,0,0,0,0,0,77,8,3,1,4,2019,CAR,RCB,24,1
162977,5063,BH-0050,1,2,0,0,0,0,0,0,0,0,0,0,0,25,2,0,1,5,2019,LA,ILB,54,1
162978,5063,TR-0075,3,4,0,0,0,0,0,0,0,0,0,0,0,32,5,0,1,1,2019,LA,SS,24,2
162979,5063,DJ-0575,3,0,0,0,0,0,1,0,0,0,0,0,16,77,4,0,1,2,2019,CAR,LCB,26,1
162980,5063,JJ-3450,6,5,0,0,0,0,0,0,0,0,0,0,0,67,8.5,0,1,3,2019,LA,SS,43,1
162981,5063,EO-0050,2,2,0,0,0,0,0,0,0,0,0,0,5,29,3,0,1,5,2019,CAR,LDE,94,2
162982,5063,BB-3875,1,1,0,0,0,0,0,0,0,0,0,0,0,44,1.5,0,1,1,2019,CAR,LOLB,53,2
162983,5063,SE-0025,1,0,0,0,0,0,0,1,1,0,0,0,3,33,5,2,1,3,2019,LA,WILL,50,2
162984,5063,DP-1450,2,1,0,0,0,0,0,0,0,0,0,0,0,35,2.5,0,1,8,2019,CAR,NT,95,1
162985,5063,AT-0100,0,1,0,0,0,0,1,0,0,0,0,0,0,66,1.5,0,1,12,2019,LA,RCB,21,1
162986,5063,MF-1525,1,0,0,0,0,0,0,0,0,0,0,0,0,15,1,0,1,4,2019,LA,LDE,97,2
162987,5063,DF-1481,2,0,2,0,0,0,0,0,0,0,0,0,0,55,6,2,1,5,2019,LA,WILL,56,1
162988,5063,KS-0850,2,1,0,0,0,0,0,0,0,0,0,0,0,35,2.5,0,1,7,2019,CAR,RDE,99,1
162989,5063,MB-3650,2,0,0,0,0,0,0,0,0,0,0,0,0,49,2,0,1,8,2019,LA,LDE,90,1
162990,5063,JE-0325,1,3,0,0,0,0,1,0,0,0,0,0,0,35,3.5,0,1,4,2019,CAR,LCB,38,2
162991,5063,RC-1550,1,0,0,0,0,0,0,0,0,0,0,0,0,11,1,0,1,6,2019,CAR,FS,47,2
162992,5063,MC-1325,2,2,0,0,0,0,0,0,0,0,0,0,0,41,3,0,1,4,2019,LA,FS,26,2
162993,5063,JC-1450,2,1,0,0,1,0,0,0,0,0,0,0,0,26,4.5,2,1,2,2019,CAR,LILB,56,2
162994,5063,GM-0500,1,0,0,0,0,0,0,0,0,0,0,0,5,40,1,0,1,10,2019,CAR,LDE,93,1
162995,5063,NP-0075,0,0,0,0,0,0,0,0,0,0,0,0,5,0,0,0,1,1,2019,LA,OLB,57,2
162996,5063,RG-0575,1,0,0,0,0,0,0,0,0,0,0,0,0,18,1,0,1,2,2019,CAR,SS,28,2
162997,5063,AD-1475,1,0,0,0,0,0,0,0,0,0,0,0,0,56,1,0,1,6,2019,LA,DT,99,1
162998,5064,JB-6837,1,1,0,0,0,0,2,0,0,0,0,0,0,66,3.5,0,1,3,2019,TEN,RILB,55,1
162999,5064,RE-0700,5,1,0,0,0,0,0,0,0,0,0,0,0,58,5.5,0,1,2,2019,TEN,LILB,54,1
163000,5064,AJ-0050,5,0,0,0,0,0,0,0,0,0,23,0,0,73,5,0,1,3,2019,TEN,LCB,25,2
163001,5064,DR-0450,4,0,0,0,0,0,1,0,0,0,0,0,5,60,5,0,1,5,2019,CLE,FS,23,1
163002,5064,JW-2675,0,1,0,0,0,0,0,0,0,0,0,0,15,35,0.5,0,1,5,2019,CLE,SS,35,2
163003,5064,LO-0050,3,0,1,0,0,0,0,0,0,0,0,0,0,50,5,1,1,3,2019,CLE,DT,65,1
163004,5064,MB-5100,5,1,1,0,0,0,0,0,0,0,0,0,0,61,7.5,1,1,10,2019,CLE,SS,42,1
163005,5064,JS-1025,7,2,0,0,0,0,0,0,0,0,0,0,0,61,8,0,1,4,2019,CLE,MLB,53,1
163006,5064,MB-5250,2,0,0,0,0,1,0,0,0,1,0,0,5,70,10,8,1,6,2019,TEN,RCB,21,1
163007,5064,DJ-2250,1,2,0,0,0,0,0,0,0,0,0,0,0,27,2,0,1,6,2019,TEN,NT,90,1
163008,5064,SF-0125,3,2,1,0,0,0,0,0,0,0,0,0,0,41,6,1,1,2,2019,TEN,LOLB,56,2
163009,5064,CW-0100,2,1,2.5,1,0,0,0,0,0,0,0,0,0,24,9.5,4.5,1,15,2019,TEN,LOLB,91,1
163010,5064,TC-0385,1,0,0,0,0,0,0,0,0,0,0,0,0,15,1,0,1,6,2019,CLE,LCB,38,2
163011,5064,LR-0600,7,1,1.5,0,0,1,0,0,0,0,0,0,0,69,12.5,3.5,1,7,2019,TEN,LCB,26,1
163012,5064,IM-0025,0,1,0,0,0,0,0,0,0,0,0,0,0,26,0.5,0,1,1,2019,TEN,LDE,97,2
163013,5064,MG-0287,4,1,2,0,0,0,0,0,0,0,0,0,15,55,8.5,2,1,3,2019,CLE,LDE,95,1
163014,5064,GW-1350,2,0,0,0,0,0,0,0,0,0,0,0,10,40,2,0,1,1,2019,CLE,RCB,26,2
163015,5064,SR-0670,4,0,0,0,0,0,1,0,0,0,0,0,20,51,5,0,1,7,2019,CLE,DT,98,1
163016,5064,KB-2850,2,0,0,0,0,1,0,0,0,0,0,0,16,69,4,2,1,4,2019,TEN,FS,31,1
163017,5064,CK-0850,5,1,0,0,0,0,0,0,0,0,0,0,0,61,5.5,0,1,6,2019,CLE,WLB,58,1
163018,5064,TM-2850,1,0,0,0,0,0,1,0,0,0,0,0,0,18,2,0,1,6,2019,CLE,RCB,39,1
163019,5064,HL-0050,3,0,0,0,0,0,0,0,0,0,0,0,0,66,3,0,1,2,2019,TEN,ROLB,58,1
163020,5064,KV-0050,6,1,0,0,0,0,0,0,0,0,0,0,0,69,6.5,0,1,7,2019,TEN,SS,24,1
163021,5064,JC-1700,0,1,0,0,0,0,0,0,0,0,0,0,0,47,0.5,0,1,9,2019,TEN,DT,99,1
163022,5064,KC-2325,1,1,0,0,0,0,0,0,0,0,0,0,0,20,1.5,0,1,4,2019,TEN,ROLB,44,2
163023,5064,AJ-1137,2,1,0,0,0,0,0,0,0,0,0,0,0,10,2.5,0,1,4,2019,TEN,DT,94,2
163024,5064,DW-0850,0,0,0,0,0,0,0,0,0,0,0,0,5,60,0,0,1,2,2019,CLE,LCB,21,1
163025,5064,DL-0487,0,0,0,0,0,0,0,0,0,0,0,0,15,11,0,0,1,3,2019,CLE,DT,99,2
163026,5064,DB-0975,0,1,0,0,0,0,0,0,0,0,0,0,0,4,0.5,0,1,7,2019,TEN,RILB,53,2
163027,5064,WW-0900,1,0,0,0,0,0,0,0,0,0,0,0,0,13,1,0,1,12,2019,TEN,LILB,59,2
163028,5065,RD-0050,5,0,0,0,0,0,2,0,0,0,0,0,0,48,7,0,1,5,2019,PHI,RCB,21,1
163029,5065,ZB-0400,2,0,0,0,0,0,0,0,0,0,0,0,0,29,2,0,1,8,2019,PHI,OLB,52,1
163030,5065,FC-0400,2,0,0,0,0,0,1,0,0,0,0,0,0,44,3,0,1,8,2019,PHI,LDT,91,1
163031,5065,DB-0875,3,1,0,0,0,0,0,0,0,0,0,0,9,55,3.5,0,1,3,2019,PHI,RDE,96,1
163032,5065,NB-0500,6,1,0,0,0,0,0,0,0,0,0,0,0,67,6.5,0,1,8,2019,PHI,MLB,53,1
163033,5065,RD-1550,3,0,0,0,0,0,1,0,0,0,0,0,0,56,4,0,1,3,2019,PHI,RCB,32,2
163034,5065,QD-0400,8,1,0,0,0,0,0,0,0,0,0,0,0,64,8.5,0,1,5,2019,WAS,LCB,23,1
163035,5065,CH-3475,7,1,0,0,0,0,0,0,0,0,0,0,9,51,7.5,0,1,1,2019,WAS,MLB,55,2
163036,5065,MN-0550,4,1,0,0,0,0,1,0,0,0,0,0,0,75,5.5,0,1,3,2019,WAS,FS,35,1
163037,5065,TV-0050,0,0,0,0,0,0,0,0,0,0,0,0,10,0,0,0,1,3,2019,WAS,MLB,50,3
163038,5065,VC-0400,1,0,0,0,0,0,0,0,0,0,0,0,0,23,1,0,1,8,2019,PHI,RDE,75,2
163039,5065,AS-0600,3,0,0,0,0,0,0,0,0,0,34,0,0,38,3,0,1,10,2019,PHI,FS,42,2
163040,5065,BG-1200,2,0,0,0,0,0,0,0,0,0,0,0,0,48,2,0,1,10,2019,PHI,LDE,55,1
163041,5065,JB-4550,0,2,0,0,0,0,0,0,0,0,0,0,0,66,1,0,1,7,2019,WAS,MLB,53,1
163042,5065,LC-0850,6,1,0,0,0,0,0,0,0,0,0,0,0,75,6.5,0,1,5,2019,WAS,SS,20,1
163043,5065,RK-0500,0,1,0,0,0,0,0,0,0,0,0,0,0,58,0.5,0,1,9,2019,WAS,WLB,91,1
163044,5065,RA-1175,0,0,0,0,0,0,0,0,0,0,0,0,5,20,0,0,1,3,2019,WAS,SLB,52,1
163045,5065,JM-6150,3,0,0,0,0,0,0,0,0,0,0,0,0,56,3,0,1,1,2019,WAS,LCB,32,3
163046,5065,MS-5675,3,2,0,0,0,0,0,0,0,0,0,0,0,51,4,0,1,1,2019,WAS,SLB,90,2
163047,5065,DP-0662,2,1,0,0,0,0,1,0,0,0,0,0,0,58,3.5,0,1,2,2019,WAS,NT,94,1
163048,5065,MI-0175,1,2,0,0,0,0,0,0,0,0,0,0,0,65,2,0,1,4,2019,WAS,DE,98,1
163049,5065,JN-1750,4,0,0,0,0,0,1,0,0,0,0,0,0,75,5,0,1,8,2019,WAS,RCB,24,1
163050,5065,HR-0100,1,0,0,0,0,0,0,0,0,0,0,0,0,24,1,0,1,4,2019,PHI,LDT,98,2
163051,5065,SH-0056,3,0,0,0,0,0,0,0,0,0,0,0,0,31,3,0,1,2,2019,WAS,MLB,51,1
163052,5065,AM-0250,2,2,0,0,0,0,1,0,0,0,0,0,0,61,4,0,1,2,2019,PHI,NB,29,1
163053,5065,MJ-0030,0,1,0,0,0,0,0,0,0,0,0,0,0,34,0.5,0,1,8,2019,PHI,RDT,97,1
163054,5065,CM-2125,1,0,1,0,0,0,0,0,0,0,0,0,5,19,3,1,1,4,2019,WAS,WLB,58,2
163055,5065,MJ-0600,3,0,0,0,0,0,0,0,0,0,0,0,0,67,3,0,1,11,2019,PHI,SS,27,1
163056,5065,TJ-1025,1,0,1,0,0,0,0,0,0,0,0,0,0,25,3,1,1,6,2019,PHI,RDT,93,2
163057,5065,DR-2800,3,0,0,0,0,0,0,0,0,0,0,0,0,8,3,0,1,12,2019,WAS,RCB,45,2
163058,5065,SJ-0775,2,1,0,0,0,0,1,0,0,0,0,0,0,34,3.5,0,1,3,2019,PHI,LCB,22,1
163059,5065,TS-1256,1,0,0,0,0,0,0,0,0,0,0,0,0,36,1,0,1,2,2019,WAS,NT,97,2
163060,5066,TF-0725,8,2,0,0,0,0,1,1,0,0,0,0,20,77,12,2,1,2,2019,SEA,RCB,37,1
163061,5066,UA-0100,2,0,0,0,0,0,0,0,0,0,0,0,5,21,2,0,1,1,2019,SEA,FS,28,3
163062,5066,TT-1262,1,2,0,0,0,0,0,0,0,0,0,0,0,77,2,0,1,3,2019,SEA,FS,33,1
163063,5066,JC-3350,1,1,1,0,0,0,1,0,0,0,0,0,5,48,4.5,1,1,6,2019,SEA,LDE,91,1
163064,5066,BW-0150,5,4,0,0,0,0,0,0,0,0,0,0,0,77,7,0,1,8,2019,SEA,MLB,54,1
163065,5066,CD-2200,3,4,1,0,0,0,0,0,0,0,0,0,0,49,7,1,1,10,2019,CIN,LDE,96,1
163066,5066,SH-1393,5,5,2,0,0,0,0,0,0,0,0,0,0,43,11.5,2,1,2,2019,CIN,RDE,94,1
163067,5066,DK-0750,5,0,1,0,0,0,0,1,0,0,0,0,15,49,9,3,1,8,2019,CIN,LCB,27,1
163068,5066,KW-2500,2,3,0,0,0,0,0,0,0,0,0,0,0,69,3.5,0,1,9,2019,SEA,ROLB,50,1
163069,5066,CB-0750,0,0,0,0,0,0,0,0,0,0,0,0,5,0,0,0,1,1,2019,SEA,MLB,57,2
163070,5066,AW-1900,1,1,0,0,0,0,0,1,0,0,0,0,0,41,3.5,2,1,10,2019,SEA,LDT,72,1
163071,5066,MK-0730,4,3,0,0,0,0,1,0,0,0,0,0,0,69,6.5,0,1,8,2019,SEA,SLB,56,1
163072,5066,QJ-0150,2,4,2,0,0,0,2,0,0,0,0,0,0,50,10,2,1,4,2019,SEA,LDT,99,2
163073,5066,CF-0337,1,0,0,0,0,0,0,0,0,0,0,0,0,13,1,0,1,4,2019,CIN,SS,42,2
163074,5066,BB-3887,0,0,0,0,0,0,0,0,1,0,0,0,0,0,2,0,1,1,2019,SEA,ROLB,55,2
163075,5066,SW-1550,2,2,0,0,0,0,0,0,0,0,0,0,0,52,3,0,1,7,2019,CIN,SS,36,1
163076,5066,PB-0750,1,3,0,0,0,0,0,0,1,0,0,0,0,41,4.5,0,1,6,2019,CIN,MLB,52,1
163077,5066,CL-0375,0,1,0,0,0,0,0,0,0,0,0,0,0,23,0.5,0,1,3,2019,CIN,RDE,58,2
163078,5066,JB-1650,2,3,0,0,0,0,0,0,0,0,0,0,0,53,3.5,0,1,2,2019,CIN,FS,30,1
163079,5066,KW-2800,0,1,0,0,0,0,0,0,0,0,0,0,0,9,0.5,0,1,6,2019,CIN,LDE,72,2
163080,5066,WJ-0150,1,0,0,0,0,0,0,0,0,0,0,0,0,49,1,0,1,4,2019,CIN,RCB,22,1
163081,5066,BW-0770,0,1,0,0,0,0,0,0,0,0,0,0,4,46,0.5,0,1,7,2019,CIN,RCB,24,2
163082,5066,AB-1650,0,1,0,0,0,0,0,0,0,0,0,0,0,20,0.5,0,1,4,2019,CIN,NT,99,1
163083,5066,RG-1150,0,1,0,0,0,0,0,0,0,0,0,0,0,22,0.5,0,1,3,2019,CIN,RDT,98,2
163084,5066,GP-0425,0,1,0,0,0,0,0,0,0,0,0,0,0,3,0.5,0,1,1,2019,CIN,SLB,57,2
163085,5066,BM-1250,4,0,0,0,0,0,0,0,1,0,0,0,0,77,6,0,1,7,2019,SEA,SS,30,1
163086,5066,GA-0400,0,2,0,0,0,0,0,0,0,0,0,0,0,44,1,0,1,10,2019,CIN,RDT,97,1
163087,5066,NV-0200,2,5,0,0,0,0,0,0,0,0,0,0,0,48,4.5,0,1,4,2019,CIN,SLB,59,1
163088,5066,SG-1600,3,0,0,0,0,0,2,0,0,0,0,0,0,77,5,0,1,3,2019,SEA,DB,26,3
163089,5066,RG-1675,1,1,1,0,0,0,0,0,1,0,0,0,0,50,5.5,1,1,2,2019,SEA,LEO,98,2
163090,5066,PF-0300,1,1,0,0,0,0,0,0,0,0,0,0,0,43,1.5,0,1,2,2019,SEA,RDT,97,1
163091,5066,BM-3375,0,2,0,0,0,0,0,0,0,0,0,0,0,26,1,0,1,1,2019,SEA,RDT,79,2
163092,5066,BJ-0250,2,0,0,0,0,0,0,0,0,0,0,0,0,44,2,0,1,4,2019,SEA,LEO,93,3
163093,5067,DK-0687,2,1,0,0,0,0,0,0,0,0,43,0,0,48,2.5,0,1,3,2019,LAC,RCB,20,2
163094,5067,DL-0925,3,4,0,0,0,0,1,0,0,0,0,0,0,63,6,0,1,2,2019,IND,WLB,53,1
163095,5067,KM-2650,3,1,0,0,0,0,0,0,0,0,0,0,0,64,3.5,0,1,3,2019,IND,RCB,23,1
163096,5067,AW-0262,3,4,0,0,0,0,0,0,0,0,0,0,0,36,5,0,1,3,2019,IND,MLB,50,1
163097,5067,BB-0675,0,1,0.5,0,0,0,0,0,0,0,0,0,0,28,1.5,0.5,1,1,2019,IND,DE,52,3
163098,5067,DA-2050,1,3,0.5,0,0,0,0,0,0,0,0,0,2,51,3.5,0.5,1,6,2019,IND,UT,96,1
163099,5067,CH-2250,3,0,0,0,0,0,1,0,0,0,0,0,0,63,4,0,1,8,2019,LAC,RCB,26,1
163100,5067,UN-0200,1,0,0,0,0,0,0,0,0,0,0,0,0,14,1,0,1,2,2019,LAC,OLB,42,1
163101,5067,MI-0150,2,0,1,0,0,0,0,0,0,0,0,0,0,60,4,1,1,8,2019,LAC,DE,54,1
163102,5067,MH-3750,0,3,0,0,0,0,0,0,0,0,0,0,0,35,1.5,0,1,7,2019,IND,NT,92,1
163103,5067,MH-3250,4,1,0,0,0,1,0,0,0,0,0,0,0,55,6.5,2,1,3,2019,IND,FS,29,1
163104,5067,GS-1250,0,1,0,0,0,0,0,0,0,0,0,0,0,13,0.5,0,1,3,2019,IND,NT,90,2
163105,5067,KT-0950,1,1,1,0,0,0,0,0,1,0,0,0,0,24,5.5,1,1,2,2019,IND,DE,57,2
163106,5067,CG-0750,3,2,0,0,0,0,0,0,0,0,0,0,0,57,4,0,1,5,2019,IND,SS,26,1
163107,5067,RY-0050,2,0,0,0,0,0,0,0,0,0,0,0,0,43,2,0,1,1,2019,IND,LCB,34,2
163108,5067,PD-0450,3,3,0,0,0,0,0,0,0,0,0,0,0,64,4.5,0,1,6,2019,IND,LCB,35,1
163109,5067,BF-0050,6,3,0,0,0,0,0,0,0,0,0,0,0,58,7.5,0,1,2,2019,LAC,LCB,28,3
163110,5067,JB-4450,5,3,1,0,0,0,0,0,0,0,0,0,0,54,8.5,1,1,4,2019,LAC,LDE,97,1
163111,5067,TD-0700,6,8,0,0,0,0,0,0,0,0,0,0,0,63,10,0,1,15,2019,LAC,OLB,58,1
163112,5067,KW-0896,6,3,0,0,0,0,0,0,0,0,0,0,0,54,7.5,0,1,2,2019,LAC,OLB,44,2
163113,5067,BM-1800,2,4,0,0,0,0,0,0,0,0,0,0,0,33,4,0,1,13,2019,LAC,NT,92,1
163114,5067,AP-1050,3,3,0,0,0,0,0,0,0,0,0,0,0,61,4.5,0,1,6,2019,LAC,S,31,1
163115,5067,RJ-0650,0,2,0,0,0,0,0,0,0,0,0,0,0,63,1,0,1,3,2019,LAC,S,23,1
163116,5067,KW-1850,2,0,0,0,0,0,0,0,0,0,0,0,0,16,2,0,1,1,2019,IND,SS,37,2
163117,5067,MA-0075,1,1,0,0,0,0,0,0,0,0,0,0,0,21,1.5,0,1,2,2019,IND,SLB,49,1
163118,5067,JH-5500,3,1,1,0,0,0,0,0,0,0,0,0,5,51,5.5,1,1,9,2019,IND,DE,99,1
163119,5067,JT-2843,0,1,0,0,0,0,0,0,0,0,0,0,0,21,0.5,0,1,1,2019,LAC,DT,99,2
163120,5067,QW-0300,1,1,0,0,0,0,0,0,0,0,0,0,3,16,1.5,0,1,3,2019,IND,RCB,31,2
163121,5067,AM-3025,2,0,1,0,0,0,0,0,0,0,0,0,0,39,4,1,1,3,2019,IND,DE,97,2
163122,5067,GO-0050,0,0,0,0,0,0,0,1,0,0,0,0,0,0,2,2,1,2,2019,IND,FS,30,2
163123,5067,JJ-4850,2,1,0,0,0,0,0,0,0,0,0,0,0,41,2.5,0,1,2,2019,LAC,DT,93,1
163124,5067,JW-0725,0,0,0,0,0,0,1,0,0,0,0,0,0,13,1,0,1,4,2019,IND,UT,51,3
163125,5067,BO-0112,0,1,0,0,0,0,0,0,0,0,0,0,0,15,0.5,0,1,1,2019,IND,MLB,58,2
163126,5067,DS-3350,0,1,0,0,0,0,0,0,0,0,0,0,0,21,0.5,0,1,7,2019,LAC,NT,71,2
163127,5068,CJ-2050,4,0,1,0,0,0,0,1,1,0,0,0,5,85,10,3,1,8,2019,ARI,DL,55,3
163128,5068,TB-2700,2,1,0,0,0,0,2,0,0,0,0,0,0,72,4.5,0,1,10,2019,ARI,DB,20,3
163129,5068,JH-3675,8,6,0,0,0,0,0,0,0,0,0,0,0,88,11,0,1,5,2019,ARI,ILB,58,1
163130,5068,JW-0525,2,3,0,0,0,0,0,0,0,0,0,0,0,36,3.5,0,1,4,2019,ARI,ILB,59,2
163131,5068,BM-3687,4,1,0,0,0,0,0,0,0,0,0,0,0,88,4.5,0,1,1,2019,ARI,RCB,33,1
163132,5068,AR-1115,3,0,0,0,0,0,0,0,0,0,0,0,0,39,3,0,1,4,2019,DET,RDT,91,1
163133,5068,QD-0300,5,0,0,0,0,0,0,0,0,0,0,0,0,88,5,0,1,5,2019,DET,SS,28,1
163134,5068,JA-0425,4,0,0,0,0,0,0,0,0,0,69,0,0,21,4,0,1,3,2019,DET,RCB,39,2
163135,5068,DS-5150,3,1,0,0,0,0,1,0,0,0,0,0,0,88,4.5,0,1,7,2019,ARI,SS,36,1
163136,5068,TW-0152,9,0,0,0,0,1,1,0,0,0,0,0,0,89,12,2,1,2,2019,DET,FS,21,1
163137,5068,RM-3850,7,1,0,0,0,0,3,0,0,0,0,0,5,87,10.5,0,1,7,2019,DET,LCB,29,2
163138,5068,JC-3518,4,0,0,0,0,0,1,0,0,0,0,0,0,85,5,0,1,5,2019,DET,RCB,27,1
163139,5068,DH-1850,1,0,0,0,0,0,2,0,0,0,0,0,0,27,3,0,1,8,2019,DET,LDT,98,1
163140,5068,DK-0465,4,0,3,0,0,0,0,0,0,0,0,0,0,81,10,3,1,6,2019,DET,OLB,42,1
163141,5068,MD-0060,0,1,0,0,0,0,0,0,0,0,0,0,0,31,0.5,0,1,8,2019,DET,LDT,96,2
163142,5068,HR-0050,5,1,0,0,0,0,0,0,0,0,0,0,0,52,5.5,0,1,3,2019,ARI,ILB,43,1
163143,5068,BB-0550,6,2,0,0,0,0,0,0,0,0,0,0,0,88,7,0,1,3,2019,ARI,FS,32,1
163144,5068,ZA-0150,3,0,0,0,0,0,0,0,0,0,0,0,5,64,3,0,1,1,2019,ARI,LDE,97,1
163145,5068,CJ-2175,5,0,1,0,0,0,2,0,0,0,0,0,0,64,9,1,1,6,2019,DET,OLB,52,1
163146,5068,DV-0525,0,0,0,0,0,0,0,0,0,0,0,0,15,0,0,0,1,3,2019,DET,RCB,30,3
163147,5068,TS-3500,5,0,2,0,0,0,0,0,1,0,0,0,5,68,11,2,1,17,2019,ARI,WILL,56,1
163148,5068,JR-1450,4,0,0,0,0,0,0,0,0,0,0,0,0,52,4,0,1,3,2019,DET,OLB,44,2
163149,5068,DS-2250,0,0,0,0,0,0,1,0,0,0,0,0,0,88,1,0,1,7,2019,DET,LCB,23,1
163150,5068,CJ-2156,3,0,0,0,0,0,1,0,0,0,0,0,0,59,4,0,1,2,2019,ARI,DB,25,3
163151,5068,JT-0687,3,0,1,0,0,0,0,0,0,0,0,0,0,63,5,1,1,1,2019,DET,MLB,51,2
163152,5068,BR-0200,0,1,0,0,0,0,0,0,0,0,0,0,0,11,0.5,0,1,9,2019,ARI,SLB,50,2
163153,5068,CM-0250,0,1,0,0,0,0,0,0,0,0,0,0,0,14,0.5,0,1,6,2019,ARI,WILL,90,2
163154,5068,CP-1300,1,1,0,0,0,0,0,0,0,0,0,0,0,53,1.5,0,1,10,2019,ARI,NT,98,1
163155,5068,TF-0750,2,0,0,0,0,0,0,0,0,0,0,0,5,53,2,0,1,5,2019,DET,RDE,90,1
163156,5068,RG-2375,2,0,0,0,0,0,0,0,0,0,0,0,0,61,2,0,1,5,2019,ARI,RDE,95,1
163157,5068,MF-1227,1,0,0,0,0,0,0,0,0,0,0,0,0,1,1,0,1,2,2019,DET,LCB,38,3
163158,5068,TW-3250,1,0,0,0,0,0,0,0,0,0,0,0,0,15,1,0,1,8,2019,DET,SS,32,2
163159,5069,JJ-1550,5,0,0,0,0,0,1,0,0,0,0,0,0,68,6,0,1,8,2019,NYG,RCB,20,1
163160,5069,AB-1500,4,3,0,0,0,0,0,0,0,0,0,0,0,68,5.5,0,1,14,2019,NYG,FS,41,1
163161,5069,AO-0250,4,2,0,0,0,0,1,0,0,0,0,0,0,68,6,0,1,7,2019,NYG,SILB,47,1
163162,5069,JP-1975,6,1,0,0,0,0,0,0,0,0,7,0,0,67,6.5,0,1,3,2019,NYG,SS,21,1
163163,5069,XW-0200,9,2,0,0,0,0,0,0,1,0,0,0,0,68,12,0,1,3,2019,DAL,FS,25,1
163164,5069,CA-1350,3,1,0,0,0,0,1,1,0,0,0,0,0,68,6.5,2,1,3,2019,DAL,RCB,24,1
163165,5069,JH-3210,6,2,0,0,0,0,2,0,0,0,0,0,0,62,9,0,1,7,2019,DAL,SS,38,1
163166,5069,LV-0050,9,1,0.5,0,0,0,1,0,1,0,0,0,0,65,13.5,0.5,1,2,2019,DAL,WLB,55,1
163167,5069,MC-2150,0,0,0,0,0,0,0,0,0,0,0,0,2,52,0,0,1,4,2019,DAL,LDT,96,1
163168,5069,BH-1212,1,3,0,0,0,0,0,0,0,0,0,0,0,46,2.5,0,1,2,2019,NYG,DE,95,1
163169,5069,GH-0050,3,1,0,0,0,0,0,0,0,0,0,0,0,43,3.5,0,1,2,2019,NYG,LCB,34,2
163170,5069,LC-0250,1,1,0,0,0,0,1,0,0,0,0,0,0,50,2.5,0,1,2,2019,NYG,WLB,59,1
163171,5069,DB-0325,1,1,0,0,0,0,0,0,0,0,0,0,0,31,1.5,0,1,1,2019,NYG,LCB,27,1
163172,5069,TD-0475,2,1,0,0,0,0,0,0,0,0,0,0,5,31,2.5,0,1,2,2019,NYG,RILB,58,1
163173,5069,KM-0425,1,1,0,0,0,0,0,0,0,0,0,0,0,10,1.5,0,1,6,2019,NYG,SAM,96,1
163174,5069,AW-1950,1,0,0,0,0,0,0,0,0,0,0,0,0,33,1,0,1,4,2019,DAL,RDT,99,1
163175,5069,SL-0500,1,0,0,0,0,0,0,0,0,0,0,0,0,16,1,0,1,10,2019,DAL,SLB,50,1
163176,5069,DL-0490,0,1,0,0,0,0,0,0,0,0,0,0,0,28,0.5,0,1,1,2019,NYG,DE,97,1
163177,5069,DT-1725,1,1,0,0,0,0,0,0,0,0,0,0,0,31,1.5,0,1,3,2019,NYG,NT,94,1
163178,5069,AH-0762,4,1,0,0,0,0,0,0,0,0,0,0,0,36,4.5,0,1,4,2019,NYG,RCB,30,2
163179,5069,JS-4150,4,2,0,0,0,0,0,0,0,0,0,0,0,69,5,0,1,4,2019,DAL,MLB,54,1
163180,5069,BJ-2350,2,0,0,0,0,0,0,0,0,0,0,0,0,28,2,0,1,5,2019,DAL,LCB,31,2
163181,5069,AB-3450,2,1,0,0,0,0,0,0,0,0,0,0,0,60,2.5,0,1,4,2019,DAL,LCB,30,1
163182,5069,MG-0925,0,1,0,0,0,0,0,0,0,0,0,0,5,55,0.5,0,1,5,2019,NYG,SAM,44,2
163183,5069,CB-0425,0,0,0,0,0,0,0,0,0,0,48,0,0,9,0,0,1,1,2019,NYG,LCB,25,3
163184,5069,MT-0850,1,0,0,0,0,0,0,0,0,0,0,0,10,12,1,0,1,8,2019,NYG,SS,31,2
163185,5069,DL-0450,1,1,0.5,0,0,0,0,1,1,0,0,0,0,32,6.5,2.5,1,6,2019,DAL,LDE,90,3
163186,5069,CC-4550,2,0,0,0,0,0,0,0,0,0,0,0,0,30,2,0,1,5,2019,DAL,RDT,95,2
163187,5069,JL-1825,2,0,0,0,0,0,1,0,0,0,0,0,0,37,3,0,1,3,2019,DAL,NB,27,1
163188,5069,KF-0425,1,0,0,0,0,0,0,0,0,0,0,0,0,8,1,0,1,4,2019,DAL,SS,35,2
163189,5069,RC-1950,2,0,0,0,0,0,0,0,0,0,0,0,0,26,2,0,1,1,2019,NYG,RILB,57,2
163190,5069,RM-2750,1,0,0,0,0,0,0,0,0,0,0,0,0,17,1,0,1,2,2019,NYG,DE,90,2
163191,5069,OX-0100,1,0,0,0,0,0,0,0,0,0,0,0,0,21,1,0,1,1,2019,NYG,WLB,53,2
163192,5070,AA-0562,2,3,1,0,0,0,0,0,0,0,0,0,0,47,5.5,1,1,5,2019,SF,RDE,91,1
163193,5070,DG-2693,3,1,0,0,0,0,0,0,0,0,0,0,0,56,3.5,0,1,1,2019,SF,SAM,57,1
163194,5070,KA-0625,3,0,0,0,0,0,0,0,0,0,0,0,15,21,3,0,1,5,2019,SF,WILL,56,1
163195,5070,FW-0350,7,2,0,0,0,0,1,0,1,0,0,0,0,70,11,0,1,2,2019,SF,MIKE,54,1
163196,5070,CN-0250,2,0,0,0,0,0,0,0,0,0,0,0,0,62,2,0,1,4,2019,TB,OLB,94,1
163197,5070,SB-0225,3,1,1,0,0,0,0,0,0,0,0,0,0,56,5.5,1,1,6,2019,TB,OLB,58,1
163198,5070,VH-0050,2,1,0,0,0,1,0,0,0,1,0,0,9,66,10.5,8,1,4,2019,TB,RCB,28,1
163199,5070,NS-0800,1,3,0,0,0,0,0,0,0,0,0,0,0,54,2.5,0,1,10,2019,TB,DE,93,1
163200,5070,LD-0150,5,2,0,0,0,0,0,0,0,0,0,0,0,65,6,0,1,8,2019,TB,ILB,54,3
163201,5070,DB-5475,2,0,0,0,0,0,0,0,0,0,0,0,0,53,2,0,1,4,2019,SF,RDT,99,1
163202,5070,RS-1000,3,2,0,0,0,1,1,0,0,1,0,0,21,70,13,8,1,9,2019,SF,LCB,25,1
163203,5070,TM-3162,4,4,0,0,0,0,1,0,0,0,0,0,0,70,7,0,1,2,2019,SF,FS,33,2
163204,5070,KW-1550,0,1,0,0,0,0,0,0,0,0,0,0,0,24,0.5,0,1,6,2019,SF,NB,24,1
163205,5070,DS-4300,2,3,0,0,0,0,0,0,0,0,0,0,15,62,3.5,0,1,10,2019,TB,S,27,2
163206,5070,CD-0687,2,1,0,0,0,0,0,1,0,0,0,0,28,67,4.5,2,1,2,2019,TB,CB,33,1
163207,5070,VV-0200,2,1,0,0,0,0,0,0,0,0,0,0,0,48,2.5,0,1,2,2019,TB,NT,50,1
163208,5070,RB-2212,0,1,0,0,0,0,0,1,0,0,0,0,0,29,2.5,2,1,4,2019,SF,LDE,98,3
163209,5070,JT-0650,3,2,0,0,0,0,0,0,0,0,0,0,0,70,4,0,1,5,2019,SF,SS,29,1
163210,5070,AW-1850,2,0,0,0,0,1,2,0,0,1,0,0,0,70,12,8,1,3,2019,SF,RCB,23,1
163211,5070,DF-1350,1,0,1,0,0,0,0,0,1,0,0,0,0,41,5,1,1,6,2019,SF,LDE,55,1
163212,5070,NB-0350,1,2,1,0,0,0,0,0,0,0,0,0,0,39,4,1,1,1,2019,SF,LDE,97,2
163213,5070,MS-4750,4,1,0,0,0,0,0,0,0,0,0,0,0,28,4.5,0,1,2,2019,TB,RCB,36,2
163214,5070,WG-0550,3,1,0,0,0,0,0,0,0,0,0,0,0,47,3.5,0,1,7,2019,TB,DE,92,1
163215,5070,DW-2375,5,1,0,0,0,0,0,0,0,0,0,0,0,68,5.5,0,1,1,2019,TB,ILB,45,1
163216,5070,MN-0900,2,0,0,0,0,1,0,0,0,0,0,0,0,16,4,2,1,5,2019,SF,SAM,53,2
163217,5070,JW-2687,7,1,0,0,0,0,0,0,0,0,0,0,0,68,7.5,0,1,2,2019,TB,S,31,1
163218,5070,EM-1750,1,0,0,0,0,0,0,0,0,0,0,0,0,22,1,0,1,2,2019,SF,LCB,41,2
163219,5070,DJ-2150,1,0,0,0,0,0,0,0,0,0,0,0,2,37,1,0,1,3,2019,SF,LDT,93,2
163220,5070,ST-0525,0,0,0,0,0,0,0,0,0,0,0,0,5,12,0,0,1,3,2019,SF,RDE,94,2
163221,5070,ME-0412,0,0,0,0,0,0,1,0,0,0,0,0,0,4,1,0,1,1,2019,TB,S,34,1
163222,5071,ST-1150,1,1,0,0,0,0,0,0,0,0,0,0,0,46,1.5,0,1,6,2019,PIT,DE,91,1
163223,5071,MB-0650,3,3,0,0,0,0,0,0,0,0,0,0,0,48,4.5,0,1,8,2019,PIT,LILB,26,1
163224,5071,JH-0100,4,2,0,0,0,0,0,0,0,0,0,0,0,69,5,0,1,10,2019,PIT,LCB,23,1
163225,5071,TA-0600,1,3,0,0,0,0,0,0,0,0,0,0,0,29,2.5,0,1,10,2019,PIT,DE,94,2
163226,5071,SN-0450,0,3,0,0,0,0,0,0,0,0,0,0,0,70,1.5,0,1,5,2019,PIT,RCB,22,1
163227,5071,TE-0006,4,2,0,0,0,0,1,0,0,0,0,0,0,70,6,0,1,2,2019,PIT,SS,34,1
163228,5071,DH-2950,3,2,0,0,0,0,0,0,0,0,0,0,0,47,4,0,1,8,2019,NE,LB,54,1
163229,5071,SG-0650,4,2,0,0,0,0,0,0,0,0,0,0,5,63,5,0,1,8,2019,NE,RCB,24,1
163230,5071,LG-1000,0,2,0,0,0,0,0,0,0,0,0,0,0,22,1,0,1,9,2019,NE,DT,93,1
163231,5071,SC-0025,0,1,0,0,0,0,0,0,0,0,0,0,5,56,0.5,0,1,4,2019,NE,LB,90,2
163232,5071,PC-0300,2,4,0,0,0,0,1,0,0,0,0,0,0,48,5,0,1,11,2019,NE,S,23,1
163233,5071,JJ-4565,2,1,0,0,0,0,2,0,0,0,0,0,0,55,4.5,0,1,4,2019,NE,RCB,31,2
163234,5071,MH-2975,5,0,0,0,0,0,0,0,0,0,0,0,0,48,5,0,1,4,2019,PIT,NB,28,1
163235,5071,DB-6050,4,7,0,0,0,0,0,0,0,0,0,0,0,53,7.5,0,1,1,2019,PIT,LILB,55,2
163236,5071,CS-4425,1,0,0,0,0,0,0,0,0,0,0,0,0,17,1,0,1,3,2019,PIT,NB,20,2
163237,5071,JC-3550,2,4,0,0,0,0,0,0,0,0,0,0,0,47,4,0,1,7,2019,NE,LB,58,2
163238,5071,JM-2800,5,2,0,0,0,0,3,0,0,0,0,0,0,63,9,0,1,11,2019,NE,LCB,30,1
163239,5071,CH-3100,1,7,0,0,0,0,0,0,0,0,0,0,0,52,4.5,0,1,9,2019,PIT,DT,97,1
163240,5071,DM-1300,4,2,0,0,0,1,1,0,0,0,0,0,0,68,8,2,1,10,2019,NE,S,32,1
163241,5071,DS-1850,0,1,0,0,0,0,0,0,0,0,0,0,0,15,0.5,0,1,5,2019,NE,DT,71,1
163242,5071,BD-1200,3,1,1,0,0,0,0,0,0,0,0,0,9,62,5.5,1,1,5,2019,PIT,ROLB,48,1
163243,5071,JB-3125,2,1,0,0,0,0,0,0,0,0,0,0,5,26,2.5,0,1,2,2019,NE,LB,51,2
163244,5071,JS-3250,0,2,0,0,0,0,1,0,0,0,0,0,0,31,2,0,1,7,2019,NE,RDE,55,2
163245,5071,KK-0325,4,3,0,0,0,0,0,0,0,0,0,0,0,70,5.5,0,1,2,2019,PIT,FS,29,2
163246,5071,DW-4150,1,0,1,0,0,0,0,0,1,0,0,0,0,20,5,1,1,3,2019,NE,LDE,91,1
163247,5071,TW-1137,1,1,0,0,0,0,0,0,0,0,0,0,0,59,1.5,0,1,3,2019,PIT,LOLB,90,1
163248,5071,VW-0250,1,1,0,0,0,0,0,0,0,0,0,0,0,22,1.5,0,1,7,2019,PIT,RILB,98,1
163249,5071,JJ-0050,1,0,0,0,0,0,0,0,0,0,0,0,10,44,1,0,1,2,2019,NE,LCB,27,2
163250,5071,AB-3875,1,0,0,0,0,0,0,0,0,0,0,0,0,1,1,0,1,4,2019,PIT,RCB,25,2
163251,5071,DH-1250,0,2,0,0,0,0,0,0,0,0,0,0,0,42,1,0,1,7,2019,NE,S,21,2
163252,5071,CW-3375,1,0,0,0,0,0,0,0,0,0,0,0,0,40,1,0,1,1,2019,NE,LDE,50,2
163253,5072,DD-0250,4,1,0,0,0,0,0,0,0,0,0,0,0,67,4.5,0,1,8,2019,NO,WLB,56,1
163254,5072,VB-0087,5,2,0,0,0,0,0,0,0,0,0,0,0,67,6,0,1,4,2019,NO,SS,24,1
163255,5072,PW-0850,2,2,1,0,0,0,0,0,0,0,0,0,5,53,5,1,1,5,2019,NO,LCB,26,2
163256,5072,MW-2275,1,1,0,0,0,1,1,0,0,0,0,0,0,64,4.5,2,1,3,2019,NO,FS,43,1
163257,5072,CJ-2400,4,1,1,0,0,0,0,0,0,0,0,0,5,66,6.5,1,1,9,2019,NO,LDE,94,1
163258,5072,JH-1150,0,0,0,0,0,0,0,0,0,0,0,0,10,0,0,0,1,3,2019,NO,RCB,34,3
163259,5072,JJ-5000,7,1,0,0,0,0,0,0,0,0,0,0,0,66,7.5,0,1,14,2019,HOU,LCB,24,1
163260,5072,JR-1550,7,2,0,0,0,0,0,0,0,0,0,0,0,66,8,0,1,2,2019,HOU,FS,20,1
163261,5072,AB-1925,1,1,0,0,0,0,0,0,0,0,0,0,15,27,1.5,0,1,5,2019,HOU,DE,97,1
163262,5072,BM-1450,4,2,0,0,0,0,0,0,1,0,0,0,0,61,7,0,1,5,2019,HOU,MIKE,55,1
163263,5072,ST-1500,0,1,0.5,0,0,0,0,0,0,0,0,0,0,33,1.5,0.5,1,1,2019,NO,LDT,99,3
163264,5072,MB-3875,1,1,0.5,0,0,0,0,0,0,0,0,0,0,51,2.5,0.5,1,5,2019,NO,NT,90,1
163265,5072,BR-1050,8,1,0,0,0,0,0,0,0,0,0,0,0,66,8.5,0,1,6,2019,HOU,RCB,21,1
163266,5072,ZC-0300,2,2,0,0,0,0,0,0,0,0,0,0,0,62,3,0,1,3,2019,HOU,WILL,41,1
163267,5072,JA-0280,2,0,0,0,0,0,0,0,0,0,0,0,0,19,2,0,1,7,2019,HOU,SS,37,2
163268,5072,WM-0550,4,1,1,0,0,1,0,0,0,0,0,0,0,60,8.5,3,1,8,2019,HOU,SLB,59,1
163269,5072,EA-0575,3,0,0,0,0,0,0,0,0,0,0,0,0,67,3,0,1,4,2019,NO,LCB,25,1
163270,5072,ML-2250,2,0,0,0,0,0,0,0,0,0,0,0,5,11,2,0,1,4,2019,NO,DL,70,4
163271,5072,ML-0375,4,0,0,0,0,0,0,0,0,0,0,0,0,67,4,0,1,3,2019,NO,RCB,23,1
163272,5072,TG-0950,1,2,0,0,0,0,0,0,0,0,0,0,0,66,2,0,1,8,2019,HOU,SS,39,1
163273,5072,DC-2812,0,1,0,0,0,0,0,0,0,0,0,0,0,4,0.5,0,1,3,2019,HOU,WILL,51,2
163274,5072,AA-0552,5,0,1,0,0,0,0,0,0,0,0,0,0,31,7,1,1,3,2019,NO,MLB,47,2
163275,5072,AK-0650,4,0,0,0,0,0,0,0,0,0,0,0,0,50,4,0,1,7,2019,NO,SLB,53,1
163276,5072,TS-3025,0,1,0,0,0,0,0,0,0,0,0,0,0,22,0.5,0,1,2,2019,NO,NT,95,2
163277,5072,AC-2250,4,1,0,0,0,0,0,0,0,0,0,0,0,57,4.5,0,1,6,2019,HOU,LCB,22,2
163278,5072,CW-0875,0,2,0,0,0,0,1,0,0,0,0,0,0,27,2,0,1,3,2019,HOU,DE,91,2
163279,5072,TH-1350,3,0,2,0,0,0,0,0,0,0,0,0,0,35,7,2,1,3,2019,NO,RDE,91,2
163280,5072,MD-0131,2,0,0,0,0,0,0,0,0,0,0,0,0,50,2,0,1,2,2019,NO,RDE,92,1
163281,5072,DR-0625,1,0,0,0,0,0,0,0,0,0,0,0,0,39,1,0,1,4,2019,HOU,NT,98,1
163282,5072,JM-0950,0,1,0,0,0,0,0,0,0,0,0,0,0,8,0.5,0,1,2,2019,HOU,JACK,54,2
163283,5072,CG-0275,0,0,0,0,0,0,0,0,0,0,0,0,8,3,0,0,1,1,2019,NO,SS,22,2
163284,5072,KC-2575,0,1,0,0,0,0,0,0,0,0,0,0,0,5,0.5,0,1,2,2019,HOU,RCB,35,2
163285,5073,CN-0450,1,0,0,0,0,0,0,0,0,0,0,0,0,49,1,0,1,6,2019,DEN,ILB,56,3
163286,5073,BC-1125,2,1,0,0,0,0,1,0,0,0,0,0,0,52,3.5,0,1,2,2019,DEN,SLB,55,1
163287,5073,KJ-0100,5,2,0,0,0,0,2,0,0,0,0,0,0,57,8,0,1,10,2019,DEN,SS,22,1
163288,5073,JJ-2350,6,8,0,0,0,0,0,0,0,0,0,0,0,58,10,0,1,2,2019,DEN,ILB,47,1
163289,5073,IY-0100,8,0,0,0,0,0,0,0,0,0,0,0,0,57,8,0,1,2,2019,DEN,LCB,26,2
163290,5073,VM-0300,3,2,0,0,0,0,0,0,0,0,0,0,0,56,4,0,1,9,2019,DEN,WLB,58,1
163291,5073,JM-1650,4,0,0,0,0,0,1,0,0,0,0,0,0,27,5,0,1,6,2019,OAK,RDE,97,2
163292,5073,CF-0362,1,2,1,0,0,0,1,0,0,0,0,0,5,47,5,1,1,1,2019,OAK,RDE,96,1
163293,5073,JH-0840,0,2,0,0,0,0,0,0,0,0,0,0,0,47,1,0,1,7,2019,OAK,DT,90,1
163294,5073,KJ-1150,3,4,0,0,0,0,0,0,0,0,0,0,0,54,5,0,1,4,2019,OAK,SS,42,1
163295,5073,LJ-1800,4,2,0,0,0,0,0,0,0,0,0,0,0,56,5,0,1,6,2019,OAK,FS,29,1
163296,5073,ML-0662,1,0,0,0,0,0,0,0,0,0,0,0,0,8,1,0,1,3,2019,OAK,SLB,52,2
163297,5073,VB-0350,3,3,0,0,0,0,0,0,0,0,0,0,0,56,4.5,0,1,8,2019,OAK,MLB,55,1
163298,5073,BM-0750,3,0,2,0,0,0,0,0,1,0,0,0,0,25,9,2,1,7,2019,OAK,LDE,91,2
163299,5073,CR-0887,0,1,0,0,0,0,0,0,0,0,0,0,0,25,0.5,0,1,5,2019,OAK,FS,35,3
163300,5073,MC-3050,1,5,0,0,0,0,0,0,0,0,0,0,0,23,3.5,0,1,1,2019,OAK,LDE,98,3
163301,5073,JA-0112,1,4,0,0,0,0,1,0,0,0,0,0,19,49,4,0,1,1,2019,OAK,FS,24,2
163302,5073,AK-0337,0,1,0,0,0,0,0,0,0,0,0,0,0,30,0.5,0,1,2,2019,OAK,LDE,99,1
163303,5073,TW-1750,3,3,0,0,0,0,0,0,0,0,0,0,5,44,4.5,0,1,8,2019,OAK,SLB,59,1
163304,5073,WP-0125,2,0,0,0,0,0,0,0,0,0,0,0,0,29,2,0,1,4,2019,DEN,FS,34,2
163305,5073,SH-0150,0,4,0,0,0,0,0,0,0,0,0,0,0,43,2,0,1,6,2019,DEN,NT,96,1
163306,5073,AG-1350,2,0,0,0,0,0,0,0,0,0,0,0,0,33,2,0,1,4,2019,DEN,RDE,99,1
163307,5073,MR-0525,1,0,0,0,0,0,0,0,0,0,0,0,0,5,1,0,1,1,2019,DEN,WLB,59,2
163308,5073,DW-0450,0,1,0,0,0,0,0,0,0,0,0,0,0,13,0.5,0,1,3,2019,DEN,RDE,57,2
163309,5073,CH-1500,2,2,0,0,0,0,0,0,0,0,0,0,0,57,3,0,1,9,2019,DEN,LCB,25,1
163310,5073,GC-0850,2,2,0,0,0,0,0,0,0,0,0,0,15,45,3,0,1,3,2019,OAK,LCB,21,1
163311,5073,NM-0675,2,0,0,0,0,0,0,0,0,0,0,0,0,28,2,0,1,3,2019,OAK,WLB,50,1
163312,5073,MH-3793,0,2,0,0,0,0,0,0,0,0,0,0,0,32,1,0,1,2,2019,OAK,DT,73,1
163313,5073,PH-0050,0,1,0,0,0,0,0,0,0,0,0,0,0,25,0.5,0,1,2,2019,OAK,DT,92,2
163314,5073,DW-4250,1,2,0,0,0,0,0,0,0,0,0,0,0,49,2,0,1,8,2019,DEN,LDE,95,1
163315,5073,JS-3150,1,2,0,0,0,0,0,0,0,0,0,0,0,58,2,0,1,4,2019,DEN,FS,31,1
163316,5073,DB-1250,0,0,0,0,0,0,0,0,0,0,0,0,4,0,0,0,1,5,2019,DEN,RCB,41,2
163317,5073,TM-3375,0,1,0,0,0,0,0,0,0,0,0,0,0,19,0.5,0,1,1,2019,OAK,RCB,27,2
163318,5073,DW-4750,1,1,0,0,0,0,0,0,0,0,0,0,0,64,1.5,0,1,4,2019,OAK,RCB,20,1
163319,5074,LK-0600,6,11,0,1,0,0,1,0,0,0,0,0,0,65,14.5,2,2,8,2019,CAR,RILB,59,1
163320,5074,DJ-0575,4,2,0,0,0,0,0,1,0,0,0,0,0,65,7,2,2,2,2019,CAR,LCB,26,1
163321,5074,ST-0550,3,5,0,0,0,0,0,0,0,0,0,0,0,65,5.5,0,2,5,2019,CAR,LILB,54,1
163322,5074,CD-0687,7,0,0,0,0,0,2,0,0,0,0,0,16,78,9,0,2,2,2019,TB,CB,33,1
163323,5074,LD-0150,2,5,0,0,0,0,0,0,0,0,0,0,0,79,4.5,0,2,8,2019,TB,ILB,54,3
163324,5074,JW-2687,3,3,0,0,0,0,1,0,0,0,0,0,0,78,5.5,0,2,2,2019,TB,S,31,1
163325,5074,WG-0550,1,2,0,0,0,0,0,0,0,0,0,0,0,32,2,0,2,7,2019,TB,DE,92,1
163326,5074,DW-2375,0,2,0,0,0,0,0,0,0,0,0,0,0,6,1,0,2,1,2019,TB,ILB,45,1
163327,5074,ME-0412,2,1,0,0,0,0,0,0,0,0,0,0,0,72,2.5,0,2,1,2019,TB,S,34,1
163328,5074,BB-3875,2,1,1,0,0,0,0,0,0,0,0,0,0,43,4.5,1,2,1,2019,CAR,LOLB,53,2
163329,5074,GM-0500,1,3,0,0,0,0,0,0,0,0,0,0,15,47,2.5,0,2,10,2019,CAR,LDE,93,1
163330,5074,VH-0050,11,1,0,0,0,0,1,0,0,0,0,0,0,77,12.5,0,2,4,2019,TB,RCB,28,1
163331,5074,KM-1950,3,5,0,0,0,0,0,0,0,0,0,0,0,73,5.5,0,1,7,2019,TB,ILB,51,2
163332,5074,VV-0200,0,4,0,0,0,0,0,0,0,0,0,0,0,59,2,0,2,2,2019,TB,NT,50,1
163333,5074,ER-0150,2,2,0,0,0,0,0,0,0,0,0,0,0,65,3,0,2,7,2019,CAR,SS,25,1
163334,5074,JE-0325,1,0,0,0,0,0,0,0,0,0,0,0,0,11,1,0,2,4,2019,CAR,LCB,23,2
163335,5074,RN-1300,0,0,0,0,0,0,0,0,0,0,0,0,4,17,0,0,2,5,2019,TB,DE,56,2
163336,5074,AN-0150,0,1,0,0,0,0,1,0,1,0,0,0,0,27,3.5,0,2,1,2019,TB,OLB,98,2
163337,5074,JD-1175,0,0,0,0,0,0,0,0,0,0,0,0,10,0,0,0,1,1,2019,TB,CB,35,2
163338,5074,TB-1850,1,3,0,0,0,0,0,0,0,0,0,0,0,65,2.5,0,2,6,2019,CAR,FS,33,1
163339,5074,MH-2050,1,3,0,0,0,0,0,0,0,0,0,0,0,20,2.5,0,2,2,2019,CAR,ROLB,98,2
163340,5074,CN-0250,1,1,0,0,0,0,0,0,0,0,0,0,0,67,1.5,0,2,4,2019,TB,OLB,94,1
163341,5074,JB-4975,3,0,0,0,0,0,0,0,0,0,0,0,0,65,3,0,2,4,2019,CAR,RCB,24,1
163342,5074,EO-0050,0,1,0,0,0,0,0,0,0,0,0,0,0,19,0.5,0,2,5,2019,CAR,LDE,94,2
163343,5074,DB-2925,1,0,0,0,0,0,0,0,0,0,0,0,0,2,1,0,1,4,2019,TB,ILB,59,2
163344,5074,SB-0225,3,0,3,0,0,0,0,0,0,0,0,0,5,62,9,3,2,6,2019,TB,OLB,58,1
163345,5074,DP-1450,2,1,1,0,0,0,0,0,0,0,0,0,0,35,4.5,1,2,8,2019,CAR,NT,95,1
163346,5074,RC-1550,0,0,0,0,0,0,0,0,0,0,0,0,10,0,0,0,2,6,2019,CAR,FS,47,2
163347,5074,NS-0800,0,0,0,0,0,0,0,1,0,0,0,0,0,70,2,2,2,10,2019,TB,DE,93,1
163348,5074,MA-0300,0,2,0.5,0,0,0,0,0,0,0,0,0,0,49,2,0.5,2,9,2019,CAR,LOLB,97,1
163349,5074,BA-0350,0,1,0,0,0,0,0,0,0,0,0,0,0,10,0.5,0,2,6,2019,TB,NT,91,2
163350,5074,JC-1450,0,2,0.5,0,0,0,0,0,0,0,0,0,0,26,2,0.5,2,2,2019,CAR,LILB,56,2
163351,5074,KS-0850,1,0,0,0,0,0,0,0,0,0,0,0,0,45,1,0,2,7,2019,CAR,RDE,99,1
163352,5075,CJ-2350,2,0,0,0,0,0,0,0,0,0,0,0,0,9,2,0,2,4,2019,BAL,RCB,27,2
163353,5075,MJ-2700,3,1,1,0,0,0,0,0,0,0,0,0,0,48,5.5,1,2,4,2019,BAL,SLB,99,1
163354,5075,BC-0500,6,1,1,0,0,0,1,0,0,0,0,0,0,60,9.5,1,2,12,2019,BAL,RCB,24,1
163355,5075,MP-1225,1,1,0,0,0,0,0,0,0,0,0,0,0,26,1.5,0,2,4,2019,BAL,NT,97,1
163356,5075,PO-0175,2,2,0,0,0,0,0,0,0,0,0,0,0,60,3,0,2,4,2019,BAL,MLB,48,1
163357,5075,MH-3742,5,1,0,0,0,0,1,0,0,0,0,0,0,60,6.5,0,2,3,2019,BAL,LCB,44,1
163358,5075,HR-0050,5,2,0,0,0,0,1,0,0,0,0,0,0,67,7,0,2,3,2019,ARI,ILB,43,1
163359,5075,BM-3687,4,3,0,0,0,0,2,0,0,0,0,0,0,75,7.5,0,2,1,2019,ARI,RCB,33,1
163360,5075,JH-3675,7,4,0,0,0,0,1,0,0,0,0,0,0,79,10,0,2,5,2019,ARI,ILB,58,1
163361,5075,BB-0550,6,4,0,0,0,0,0,0,1,0,0,0,0,77,10,0,2,3,2019,ARI,FS,32,1
163362,5075,DS-5150,5,3,0,0,0,0,0,0,0,0,0,0,0,79,6.5,0,2,7,2019,ARI,SS,36,1
163363,5075,PM-0500,3,0,1,0,0,0,0,0,0,0,0,0,0,40,5,1,2,9,2019,BAL,RUSH,90,1
163364,5075,CJ-2156,1,1,0,0,0,0,0,0,0,0,45,0,0,30,1.5,0,2,2,2019,ARI,DB,25,3
163365,5075,CW-0750,0,0,0,0,0,0,0,0,0,0,0,0,15,0,0,0,1,4,2019,ARI,FS,28,3
163366,5075,RG-2375,2,1,0,0,0,0,0,0,0,0,0,0,0,54,2.5,0,2,5,2019,ARI,RDE,95,1
163367,5075,CJ-2050,0,1,0,0,0,0,1,0,0,0,0,0,0,75,1.5,0,2,8,2019,ARI,DL,55,3
163368,5075,TB-2700,4,1,0,0,0,0,0,0,0,0,0,0,0,73,4.5,0,2,10,2019,ARI,LCB,20,1
163369,5075,CP-1300,2,1,1,0,0,0,0,0,0,0,0,0,5,55,4.5,1,2,10,2019,ARI,NT,98,1
163370,5075,AA-0590,4,0,0,0,0,0,0,0,0,0,0,0,0,60,4,0,2,2,2019,BAL,LCB,34,2
163371,5075,TW-2350,1,1,0,0,0,0,0,0,0,0,0,0,0,30,1.5,0,2,3,2019,BAL,RUSH,56,2
163372,5075,TJ-0950,1,3,0,0,0,0,0,0,0,0,0,0,0,60,2.5,0,2,7,2019,BAL,SS,23,1
163373,5075,CM-0250,2,0,1,0,0,0,0,0,0,0,0,0,24,22,4,1,2,6,2019,ARI,WILL,54,2
163374,5075,PR-0125,1,0,0,0,0,0,0,0,0,0,0,0,0,25,1,0,2,3,2019,BAL,FB,42,1
163375,5075,TB-2025,1,0,0,0,0,0,0,0,0,0,0,0,0,21,1,0,2,3,2019,BAL,SLB,54,2
163376,5075,CC-1950,0,0,0,0,0,0,0,0,0,0,0,0,10,0,0,0,2,3,2019,BAL,FS,36,3
163377,5075,TS-3500,1,2,0,0,0,0,0,0,0,0,0,0,0,58,2,0,2,17,2019,ARI,WILL,56,1
163378,5075,CM-1600,1,0,0,0,0,0,0,0,0,0,0,0,15,19,1,0,2,11,2019,ARI,RDE,93,2
163379,5075,BW-2020,0,1,0,0,0,0,0,0,0,0,0,0,0,29,0.5,0,2,7,2019,BAL,DT,98,1
163380,5075,ET-0200,0,1,0,0,0,0,0,0,0,0,0,0,0,60,0.5,0,2,10,2019,BAL,FS,29,1
163381,5075,CB-1775,1,0,0,0,0,0,0,0,0,0,0,0,0,15,1,0,2,2,2019,BAL,WLB,49,2
163382,5075,AL-0650,0,0,0,0,0,0,0,0,0,0,0,0,10,6,0,0,2,10,2019,BAL,SS,41,2
163383,5075,ZA-0150,1,1,0,0,0,0,0,0,0,0,0,0,0,45,1.5,0,2,1,2019,ARI,LDE,97,1
163384,5075,MB-4175,1,0,0,0,0,0,0,0,0,0,0,0,0,7,1,0,1,1,2019,ARI,NT,72,2
163385,5076,EO-0275,0,2,0,0,0,0,1,0,0,0,0,0,5,42,2,0,2,1,2019,BUF,DT,91,1
163386,5076,JP-4150,1,1,0,0,0,1,0,0,0,0,0,0,0,70,3.5,2,2,7,2019,BUF,SS,21,1
163387,5076,SN-0150,2,3,0,0,0,0,0,0,0,0,0,0,0,24,3.5,0,2,2,2019,BUF,NCB,33,2
163388,5076,LW-0150,8,0,0,0,0,0,1,0,0,0,0,0,0,70,9,0,2,2,2019,BUF,RCB,39,1
163389,5076,DM-0250,2,0,0,0,0,0,0,0,0,0,0,0,0,14,2,0,1,5,2019,BUF,SS,31,2
163390,5076,DT-1725,1,2,0,0,0,0,0,0,0,0,0,0,0,57,2,0,2,3,2019,NYG,NT,94,1
163391,5076,MG-0925,3,3,1,0,0,0,0,0,0,0,0,0,5,63,6.5,1,2,5,2019,NYG,SAM,44,1
163392,5076,LC-0250,2,2,0.5,0,0,0,0,0,0,0,0,0,0,61,4,0.5,2,2,2019,NYG,WLB,59,1
163393,5076,AO-0250,4,1,0,0,0,0,1,0,0,0,0,0,0,76,5.5,0,2,7,2019,NYG,SILB,47,1
163394,5076,TE-0012,2,5,0,0,0,0,1,0,0,0,0,0,0,70,5.5,0,2,2,2019,BUF,MLB,49,1
163395,5076,MM-3168,3,4,0,0,0,0,0,0,0,0,0,0,0,70,5,0,2,3,2019,BUF,SLB,58,1
163396,5076,MH-4000,1,3,0,0,0,0,1,0,0,0,6,0,0,70,3.5,0,2,7,2019,BUF,FS,23,1
163397,5076,JP-1975,2,4,0,0,0,0,0,0,0,0,0,0,0,76,4,0,2,3,2019,NYG,SS,21,1
163398,5076,RC-1950,3,3,0,0,0,0,0,0,0,0,0,0,0,64,4.5,0,2,1,2019,NYG,RILB,57,2
163399,5076,AB-1500,4,6,0,0,0,0,0,0,0,0,0,0,0,75,7,0,2,14,2019,NYG,FS,41,1
163400,5076,DB-0325,2,1,0,0,0,0,0,0,0,0,0,0,9,73,2.5,0,2,1,2019,NYG,LCB,27,1
163401,5076,JJ-1550,6,1,0,0,0,0,0,0,0,0,0,0,5,74,6.5,0,2,8,2019,NYG,RCB,20,1
163402,5076,CB-0425,0,0,0,0,0,0,0,0,0,0,40,0,0,0,0,0,2,1,2019,NYG,LCB,25,3
163403,5076,HP-0050,0,3,0.5,0,0,0,2,0,1,0,0,0,0,28,6.5,0.5,2,2,2019,BUF,DT,99,2
163404,5076,MT-0850,2,2,0,0,0,0,0,0,0,0,0,0,0,15,3,0,2,8,2019,NYG,SS,31,2
163405,5076,OX-0100,0,2,0.5,0,0,0,0,0,0,0,0,0,0,25,2,0.5,2,1,2019,NYG,WLB,53,2
163406,5076,GH-0050,0,1,0,0,0,0,0,0,0,0,0,0,0,47,0.5,0,2,2,2019,NYG,LCB,34,2
163407,5076,TW-1725,7,1,0,0,0,0,0,0,0,0,0,0,0,70,7.5,0,2,3,2019,BUF,LCB,27,1
163408,5076,LA-0200,0,1,0.5,0,0,0,1,0,0,0,0,0,0,25,2.5,0.5,2,15,2019,BUF,WLB,57,1
163409,5076,RM-2750,0,2,0,0,0,0,0,0,0,0,0,0,0,13,1,0,2,2,2019,NYG,DE,90,2
163410,5076,SL-0350,0,1,0,0,0,0,0,0,0,0,0,0,0,29,0.5,0,2,4,2019,BUF,RDE,90,2
163411,5076,BH-1212,1,2,0,0,0,0,0,0,0,0,0,0,0,58,2,0,2,2,2019,NYG,DE,95,1
163412,5076,TM-3450,0,1,0,0,0,1,0,0,0,0,0,0,0,44,2.5,2,2,6,2019,BUF,LDE,93,1
163413,5076,OP-0150,1,0,1,0,0,0,0,0,0,0,0,0,0,18,3,1,2,5,2019,NYG,DE,72,2
163414,5076,JP-2850,1,1,0,0,0,0,0,0,0,0,0,0,0,23,1.5,0,2,5,2019,BUF,DT,97,2
163415,5076,DL-0490,2,2,0,0,0,0,0,0,0,0,0,0,1,38,3,0,2,1,2019,NYG,DE,97,1
163416,5076,DJ-1275,0,2,0,0,0,0,0,0,0,0,0,0,0,26,1,0,2,1,2019,BUF,LDE,92,2
163417,5076,JH-5900,0,2,0,0,0,0,0,0,0,0,0,0,0,41,1,0,2,10,2019,BUF,RDE,55,1
163418,5076,KJ-0650,3,0,0,0,0,0,0,0,0,0,0,0,0,25,3,0,1,5,2019,BUF,RCB,29,2
163419,5077,BJ-2350,6,2,0,0,0,0,1,0,0,0,0,0,0,60,8,0,2,5,2019,DAL,LCB,31,2
163420,5077,JS-4150,8,3,0,0,0,0,0,0,0,0,0,0,0,62,9.5,0,2,4,2019,DAL,MLB,54,1
163421,5077,MC-2150,1,0,0,0,0,0,0,0,0,0,0,0,0,50,1,0,2,4,2019,DAL,LDT,96,1
163422,5077,AB-3450,2,0,0,0,0,0,1,0,0,0,0,0,0,43,3,0,2,4,2019,DAL,LCB,30,1
163423,5077,LV-0050,3,2,0,0,0,0,0,0,0,0,0,0,0,55,4,0,2,2,2019,DAL,WLB,55,1
163424,5077,MI-0175,2,3,0,0,0,0,0,0,0,0,0,0,0,60,3.5,0,2,4,2019,WAS,DE,98,1
163425,5077,JB-4550,2,5,0,0,0,0,0,0,0,0,0,0,0,55,4.5,0,2,7,2019,WAS,MLB,53,1
163426,5077,LC-0850,7,5,0,0,0,0,0,0,0,0,0,0,0,70,9.5,0,2,5,2019,WAS,SS,20,1
163427,5077,JM-6150,5,1,0,0,0,0,1,0,0,0,0,0,3,60,6.5,0,2,1,2019,WAS,LCB,32,3
163428,5077,MN-0550,6,3,0,0,0,1,0,0,0,0,0,0,0,61,9.5,2,2,3,2019,WAS,FS,35,1
163429,5077,MS-5675,3,1,0,0,0,0,0,0,0,0,0,0,6,51,3.5,0,2,1,2019,WAS,SLB,90,2
163430,5077,DP-0662,0,3,0,0,0,0,0,0,0,0,0,0,0,64,1.5,0,2,2,2019,WAS,NT,94,1
163431,5077,CH-3475,2,4,0,0,0,0,0,0,0,0,0,0,0,63,4,0,2,1,2019,WAS,MLB,55,2
163432,5077,KH-3100,1,0,0,0,0,0,0,0,0,0,0,0,0,36,1,0,2,6,2019,DAL,RDE,51,2
163433,5077,XW-0200,4,2,0,0,0,0,0,0,0,0,0,0,0,60,5,0,2,3,2019,DAL,FS,25,1
163434,5077,JH-3210,3,1,0,0,0,0,1,0,0,0,0,0,0,62,4.5,0,2,7,2019,DAL,SS,38,1
163435,5077,SL-0500,1,1,0,0,0,0,0,0,0,0,0,0,0,15,1.5,0,2,10,2019,DAL,SLB,50,1
163436,5077,KF-0425,0,1,0,0,0,0,0,0,0,0,0,0,0,2,0.5,0,2,4,2019,DAL,SS,35,2
163437,5077,DR-2800,2,2,0,0,0,0,0,0,0,0,0,0,0,55,3,0,2,12,2019,WAS,RCB,45,2
163438,5077,JN-1750,3,1,0,0,0,0,1,0,0,0,0,0,0,70,4.5,0,2,8,2019,WAS,RCB,24,1
163439,5077,RK-0500,2,0,1,0,0,0,0,0,0,0,0,0,0,50,4,1,2,9,2019,WAS,WLB,91,1
163440,5077,DL-0450,0,0,0,0,0,0,0,0,0,0,0,0,15,46,0,0,2,6,2019,DAL,LDE,90,3
163441,5077,AW-1950,0,0,0,0,0,0,0,0,0,0,0,0,5,18,0,0,2,4,2019,DAL,RDT,99,1
163442,5077,TC-2950,1,0,1,0,0,0,0,0,0,0,0,0,0,18,3,1,2,8,2019,DAL,LDT,98,3
163443,5077,CG-1450,0,0,0,0,0,0,0,0,0,0,0,0,2,0,0,0,1,6,2019,DAL,RCB,29,2
163444,5077,SH-0056,3,2,0,0,0,0,0,0,0,0,0,0,0,22,4,0,2,2,2019,WAS,MLB,51,1
163445,5077,RA-1175,2,1,0,0,0,0,0,0,0,0,0,0,0,28,2.5,0,2,3,2019,WAS,SLB,52,1
163446,5077,CC-4550,0,0,0,0,0,0,0,0,0,0,0,0,5,32,0,0,2,5,2019,DAL,RDT,95,2
163447,5077,JL-1825,1,0,0,0,0,0,0,0,0,0,0,0,0,11,1,0,2,3,2019,DAL,NB,27,1
163448,5077,JJ-0375,0,1,0,0,0,0,0,0,0,0,0,0,0,10,0.5,0,2,1,2019,DAL,LDE,56,2
163449,5077,DA-1625,2,0,0,0,0,0,0,0,0,0,0,0,15,40,2,0,2,2,2019,DAL,RDE,92,1
163450,5077,ST-0475,0,1,0,0,0,0,0,0,0,0,0,0,0,3,0.5,0,1,2,2019,WAS,RCB,38,3
163451,5077,CA-1350,0,1,0,0,0,0,0,0,0,0,0,0,0,60,0.5,0,2,3,2019,DAL,RCB,24,1
163452,5077,TS-1256,1,0,0,0,0,0,0,0,0,0,0,0,0,33,1,0,2,2,2019,WAS,NT,97,2
163453,5078,DA-2050,2,1,2,0,0,0,0,0,1,0,0,0,0,48,8.5,2,2,6,2019,IND,UT,96,1
163454,5078,JH-5500,1,3,0,0,0,0,0,0,0,0,0,0,0,46,2.5,0,2,9,2019,IND,DE,99,1
163455,5078,MH-3250,3,0,0,0,0,0,0,0,0,0,0,0,0,60,3,0,2,3,2019,IND,FS,29,1
163456,5078,ZF-0275,0,0,0,0,0,0,0,0,0,0,0,0,10,0,0,0,1,2,2019,IND,SLB,44,2
163457,5078,MB-5250,4,3,0,0,0,0,1,0,0,0,0,0,9,72,6.5,0,2,6,2019,TEN,RCB,21,1
163458,5078,DJ-2250,4,2,0,0,0,0,0,0,0,0,0,0,0,39,5,0,2,6,2019,TEN,NT,90,1
163459,5078,IM-0025,1,0,1,0,0,0,0,0,0,0,0,0,0,28,3,1,2,1,2019,TEN,LDE,97,2
163460,5078,RE-0700,3,3,0,0,0,0,0,0,0,0,0,0,0,68,4.5,0,2,2,2019,TEN,LILB,54,1
163461,5078,LR-0600,1,3,0,0,0,1,1,0,0,0,0,0,0,72,5.5,2,2,7,2019,TEN,LCB,26,1
163462,5078,AJ-0050,1,0,0,0,0,0,0,0,0,0,26,0,46,50,1,0,2,3,2019,TEN,LCB,25,2
163463,5078,KV-0050,5,2,0,0,0,0,0,0,0,0,0,0,0,72,6,0,2,7,2019,TEN,SS,24,1
163464,5078,DL-0925,4,6,1,0,0,0,0,0,0,0,0,0,0,60,9,1,2,2,2019,IND,WLB,53,1
163465,5078,KM-2650,2,1,0,0,0,0,0,0,0,0,0,0,0,59,2.5,0,2,3,2019,IND,RCB,23,1
163466,5078,JB-6837,7,3,0,0,0,0,1,0,0,0,0,0,0,69,9.5,0,2,3,2019,TEN,RILB,55,1
163467,5078,MA-0075,2,0,0,0,0,0,0,0,0,0,0,0,0,24,2,0,2,2,2019,IND,SLB,49,1
163468,5078,KW-1850,4,3,0,0,0,0,0,0,0,0,0,0,0,30,5.5,0,2,1,2019,IND,SS,37,2
163469,5078,TL-0950,0,1,0,0,0,0,0,0,0,0,0,0,0,32,0.5,0,1,2,2019,IND,UT,94,2
163470,5078,PD-0450,4,0,0,0,0,0,0,0,0,0,0,0,0,28,4,0,2,6,2019,IND,LCB,35,1
163471,5078,AM-3025,3,0,0,0,0,0,0,0,1,0,0,0,0,50,5,0,2,3,2019,IND,DE,97,2
163472,5078,HL-0050,4,2,1,0,0,0,0,1,0,0,0,0,0,61,9,3,2,2,2019,TEN,ROLB,58,1
163473,5078,KC-2325,0,0,0,0,0,0,1,0,0,0,0,0,0,22,1,0,2,4,2019,TEN,ROLB,44,2
163474,5078,KB-2850,4,0,0,0,0,0,0,0,0,0,0,0,0,72,4,0,2,4,2019,TEN,FS,31,1
163475,5078,AW-0262,1,0,0,0,0,0,0,0,0,0,0,0,0,35,1,0,2,3,2019,IND,MLB,50,1
163476,5078,QW-0300,1,0,0,0,0,0,0,0,0,0,0,0,14,22,1,0,2,3,2019,IND,RCB,31,2
163477,5078,CW-0100,0,1,0,0,0,0,0,0,0,0,0,0,0,17,0.5,0,2,15,2019,TEN,LOLB,91,1
163478,5078,CG-0750,2,1,0,0,0,0,0,0,0,0,0,0,2,42,2.5,0,2,5,2019,IND,SS,26,1
163479,5078,GS-1250,1,3,1,0,0,0,0,0,0,0,0,0,0,26,4.5,1,2,3,2019,IND,NT,90,2
163480,5078,JC-1700,2,3,0,0,0,0,0,0,0,0,0,0,5,57,3.5,0,2,9,2019,TEN,DT,99,1
163481,5078,MH-3750,1,0,0,0,0,0,0,0,0,0,0,0,0,28,1,0,2,7,2019,IND,NT,92,1
163482,5078,RY-0050,0,3,0,0,0,0,0,0,0,0,0,0,0,49,1.5,0,2,1,2019,IND,LCB,34,2
163483,5078,SF-0125,0,2,0,0,0,0,0,0,0,0,0,0,0,43,1,0,2,2,2019,TEN,LOLB,56,2
163484,5078,BO-0112,0,0,0,0,0,0,1,0,0,0,0,0,0,11,1,0,2,1,2019,IND,MLB,58,2
163485,5079,AB-1925,0,3,0,0,0,0,0,0,0,0,0,0,0,33,1.5,0,2,5,2019,HOU,DE,97,1
163486,5079,BM-1450,4,4,0,0,0,0,0,0,0,0,0,0,0,64,6,0,2,5,2019,HOU,MIKE,55,1
163487,5079,LJ-1187,2,1,0,0,0,0,1,0,0,0,0,0,0,52,3.5,0,1,1,2019,HOU,RCB,32,3
163488,5079,ZC-0300,5,4,1,0,0,0,0,0,0,0,0,0,0,49,9,1,2,3,2019,HOU,WILL,41,1
163489,5079,JJ-5000,5,2,0,0,0,0,2,0,0,0,0,0,0,65,8,0,2,14,2019,HOU,LCB,24,1
163490,5079,PK-0050,0,0,0,0,0,0,0,0,0,0,0,0,10,0,0,0,1,2,2019,HOU,MIKE,58,2
163491,5079,JW-4925,4,4,0,0,0,0,1,0,0,0,0,0,0,66,7,0,2,4,2019,JAC,FS,26,1
163492,5079,JR-0150,4,0,0,0,0,0,1,0,0,0,0,0,0,66,5,0,2,4,2019,JAC,LCB,20,1
163493,5079,DR-0625,1,3,0,0,0,0,0,0,0,0,0,0,0,42,2.5,0,2,4,2019,HOU,NT,98,1
163494,5079,JW-1100,0,2,0,0,0,0,0,1,0,0,0,0,0,66,3,2,2,9,2019,HOU,DE,99,1
163495,5079,BD-1100,0,3,0,0,0,0,0,0,0,0,0,0,0,13,1.5,0,2,6,2019,HOU,NT,92,2
163496,5079,KC-2575,0,0,0,0,0,0,0,0,0,0,0,0,7,0,0,0,2,2,2019,HOU,RCB,35,2
163497,5079,MJ-0015,4,3,0.5,0,0,0,0,0,0,0,0,0,0,66,6.5,0.5,2,4,2019,JAC,MLB,44,1
163498,5079,QW-0050,5,4,0,0,0,0,0,0,0,0,0,0,0,66,7,0,2,1,2019,JAC,WLB,56,1
163499,5079,AJ-1150,0,0,0,0,0,0,0,0,0,0,0,0,5,42,0,0,2,7,2019,JAC,NT,95,1
163500,5079,DH-2150,2,1,1,0,0,0,1,0,0,0,0,0,0,48,5.5,1,2,7,2019,JAC,LCB,25,2
163501,5079,RH-1150,4,4,1,0,0,0,0,0,0,0,0,0,0,66,8,1,2,2,2019,JAC,SS,36,1
163502,5079,TH-1450,3,1,0,0,0,0,1,0,0,0,0,0,0,66,4.5,0,2,2,2019,JAC,RCB,37,2
163503,5079,LJ-0312,1,4,0.5,0,0,0,0,0,0,0,0,0,0,18,4,0.5,2,2,2019,JAC,SLB,48,1
163504,5079,MD-0100,2,1,0,0,0,0,0,0,0,0,0,0,0,36,2.5,0,1,9,2019,JAC,DT,99,1
163505,5079,JR-2750,0,0,0,0,0,0,0,0,0,0,0,0,10,0,0,0,1,8,2019,JAC,RCB,29,3
163506,5079,JR-1550,2,2,0,0,0,0,0,0,0,0,0,0,0,59,3,0,2,2,2019,HOU,FS,20,1
163507,5079,JA-0280,2,1,0,0,0,0,0,0,0,0,0,0,5,26,2.5,0,2,7,2019,HOU,SS,37,2
163508,5079,CO-0850,1,1,1,0,0,0,0,0,1,0,0,0,0,30,5.5,1,1,1,2019,HOU,DE,94,2
163509,5079,BR-1050,2,0,0,0,0,0,0,0,0,0,0,0,0,67,2,0,2,6,2019,HOU,RCB,21,1
163510,5079,DS-3125,0,1,0,0,0,0,0,0,0,0,0,0,0,27,0.5,0,2,3,2019,JAC,DE,94,2
163511,5079,BS-0850,1,1,0,0,0,0,0,0,0,0,0,0,0,15,1.5,0,2,4,2019,HOU,JACK,57,1
163512,5079,TG-0950,4,1,0,0,0,0,0,0,0,0,0,0,0,67,4.5,0,2,8,2019,HOU,SS,39,1
163513,5079,WM-0550,2,0,2,0,0,0,0,0,2,0,0,0,0,64,10,2,2,8,2019,HOU,SLB,59,1
163514,5079,JA-1090,1,2,0,0,0,0,0,0,0,0,0,0,0,61,2,0,2,1,2019,JAC,DE,41,2
163515,5079,LM-1020,1,1,0,0,0,0,0,0,0,0,0,0,0,23,1.5,0,2,7,2019,JAC,DE,55,3
163516,5079,CC-0200,1,3,0,0,0,0,0,0,0,0,0,0,0,56,2.5,0,2,12,2019,JAC,DE,93,1
163517,5079,TB-3450,0,1,0,0,0,0,0,0,0,0,0,0,0,17,0.5,0,2,2,2019,JAC,DT,90,2
163518,5080,DK-0687,0,0,0,0,0,0,0,0,0,0,55,0,0,35,0,0,2,3,2019,LAC,RCB,20,2
163519,5080,CJ-2175,1,2,0,0,0,0,1,0,0,0,0,0,0,60,3,0,2,6,2019,DET,OLB,52,1
163520,5080,TF-0750,0,1,0,0,0,0,0,0,0,0,0,0,0,39,0.5,0,2,5,2019,DET,RDE,90,1
163521,5080,DS-2250,5,0,0,0,0,1,1,0,0,0,0,0,17,65,8,2,2,7,2019,DET,LCB,23,1
163522,5080,JA-0425,0,0,0,0,0,0,0,0,0,0,15,0,0,0,0,0,2,3,2019,DET,RCB,39,2
163523,5080,JJ-4850,0,1,0,0,0,0,0,0,0,0,0,0,0,41,0.5,0,2,2,2019,LAC,DT,93,1
163524,5080,MI-0150,3,4,0,0,0,0,0,0,0,0,0,0,0,50,5,0,2,8,2019,LAC,DE,54,1
163525,5080,JB-4450,2,4,0,0,0,0,0,0,0,0,0,0,0,53,4,0,2,4,2019,LAC,LDE,97,1
163526,5080,BM-1800,0,3,0,0,0,0,0,0,0,0,0,0,0,30,1.5,0,2,13,2019,LAC,NT,92,1
163527,5080,JT-0687,6,3,0,0,0,0,0,0,1,0,0,0,0,46,9.5,0,2,1,2019,DET,MLB,51,1
163528,5080,TW-0152,7,3,0,0,0,0,0,0,0,0,0,0,0,67,8.5,0,2,2,2019,DET,FS,21,1
163529,5080,RM-3850,5,0,0,0,0,0,2,0,0,0,0,0,0,67,7,0,2,7,2019,DET,LCB,29,2
163530,5080,DK-0465,3,2,0,0,0,0,0,1,0,0,0,0,0,64,6,2,2,6,2019,DET,OLB,42,1
163531,5080,QD-0300,4,2,0,0,0,0,0,0,0,0,0,0,0,67,5,0,2,5,2019,DET,SS,28,1
163532,5080,AP-1050,5,2,0,0,0,0,0,0,0,0,0,0,0,51,6,0,2,6,2019,LAC,S,31,1
163533,5080,TD-0700,5,7,0,0,0,0,0,0,0,0,0,0,15,61,8.5,0,2,15,2019,LAC,OLB,58,1
163534,5080,BF-0050,6,2,0,0,0,0,0,0,0,0,0,0,0,61,7,0,2,2,2019,LAC,LCB,28,2
163535,5080,UN-0200,3,2,0,0,0,0,0,0,0,0,0,0,10,27,4,0,2,2,2019,LAC,OLB,42,1
163536,5080,TW-3250,0,1,0,0,0,0,0,0,0,0,0,0,0,11,0.5,0,2,8,2019,DET,SS,32,2
163537,5080,RO-0450,0,2,0.5,0,0,0,0,0,0,0,0,0,0,47,2,0.5,2,4,2019,DET,LDE,95,1
163538,5080,AR-1115,3,1,0.5,0,0,0,0,0,0,0,0,0,0,29,4.5,0.5,2,4,2019,DET,RDT,91,1
163539,5080,MK-0752,0,0,0,0,0,0,0,0,0,0,0,0,10,0,0,0,1,4,2019,DET,FS,35,2
163540,5080,CH-2250,1,2,0,0,0,1,0,0,0,0,0,0,0,61,4,2,2,8,2019,LAC,RCB,26,1
163541,5080,JT-2843,1,0,0,0,0,0,0,0,0,0,0,0,5,27,1,0,2,1,2019,LAC,DT,99,2
163542,5080,KS-2450,0,1,0,0,0,0,0,0,0,0,0,0,0,10,0.5,0,2,1,2019,DET,RDT,92,2
163543,5080,JW-0950,1,0,0,0,0,0,0,0,0,0,0,0,0,16,1,0,2,6,2019,LAC,S,27,2
163544,5080,KW-0896,4,3,0,0,0,0,0,0,0,0,0,0,0,54,5.5,0,2,2,2019,LAC,OLB,44,2
163545,5080,DV-0525,0,0,0,0,0,0,0,0,0,0,0,0,5,0,0,0,2,3,2019,DET,RCB,30,3
163546,5080,RJ-0650,1,0,0,0,0,1,0,0,0,0,0,0,0,61,3,2,2,3,2019,LAC,S,23,1
163547,5081,HS-0130,4,2,0,0,0,0,1,1,1,0,0,0,0,74,10,2,2,8,2019,MIN,SS,22,1
163548,5081,AB-0650,6,0,0,0,0,0,0,0,0,0,0,0,0,74,6,0,2,6,2019,MIN,SLB,55,1
163549,5081,EW-1350,3,1,0,0,0,0,0,0,0,0,0,0,0,36,3.5,0,2,3,2019,MIN,SLB,50,2
163550,5081,BM-0345,10,3,0,0,0,0,0,0,0,0,0,0,0,65,11.5,0,2,4,2019,GB,LILB,50,1
163551,5081,JA-0475,2,1,0,0,0,0,2,0,0,0,0,0,0,65,4.5,0,2,2,2019,GB,LCB,23,1
163552,5081,AA-0543,3,0,0,0,0,0,0,0,0,0,0,0,0,65,3,0,2,5,2019,GB,FS,31,1
163553,5081,ZS-0075,3,3,0,0,0,0,0,0,0,0,0,0,0,56,4.5,0,2,5,2019,GB,ROLB,55,1
163554,5081,LJ-1700,4,2,1,0,0,0,0,0,0,0,0,0,0,57,7,1,2,10,2019,MIN,NT,98,1
163555,5081,DH-4650,6,3,1,0,0,0,0,0,0,0,0,0,0,67,9.5,1,2,5,2019,MIN,LDE,99,1
163556,5081,TW-1187,3,0,0,0,0,0,1,0,0,0,0,0,0,74,4,0,2,5,2019,MIN,LCB,26,1
163557,5081,JK-0225,3,1,0,0,0,0,1,0,0,0,0,0,0,39,4.5,0,2,4,2019,MIN,FS,27,2
163558,5081,EG-0900,0,3,0,0,0,0,0,0,0,0,0,0,0,68,1.5,0,2,10,2019,MIN,RDE,97,1
163559,5081,EK-0250,6,2,0,0,0,0,1,0,0,0,0,0,0,74,8,0,2,5,2019,MIN,MLB,54,1
163560,5081,XR-0100,3,1,0,0,0,0,0,0,0,0,0,0,25,74,3.5,0,2,7,2019,MIN,RCB,29,1
163561,5081,DS-0712,6,0,0,0,0,0,1,0,1,0,0,0,0,65,9,0,2,1,2019,GB,SS,26,1
163562,5081,KC-1225,1,1,1,0,0,0,0,0,1,0,0,0,5,56,5.5,1,2,4,2019,GB,NT,97,1
163563,5081,DL-2325,2,1,0,0,0,0,1,1,0,0,0,0,0,43,5.5,2,2,4,2019,GB,DE,94,1
163564,5081,AH-1300,5,1,0,0,0,0,0,0,0,0,0,0,0,74,5.5,0,2,5,2019,MIN,FS,41,1
163565,5081,JJ-2525,1,0,0,0,0,0,0,0,0,0,0,0,0,19,1,0,2,3,2019,MIN,NT,94,2
163566,5081,BG-0850,2,0,0,0,0,0,0,0,0,0,0,0,0,38,2,0,1,4,2019,GB,LILB,93,2
163567,5081,PS-0550,2,0,0,0,0,1,0,0,0,0,0,0,0,57,4,2,2,5,2019,GB,LOLB,91,1
163568,5081,HM-0025,1,0,0,0,0,0,0,1,0,0,0,0,0,8,3,2,2,2,2019,MIN,DT,51,3
163569,5081,TB-3150,0,0,0,0,1,0,0,0,0,0,0,0,0,1,2,2,2,2,2019,GB,LCB,28,2
163570,5081,KK-0750,1,0,0,0,0,1,0,0,0,0,0,0,0,64,3,2,2,3,2019,GB,RCB,20,1
163571,5081,KB-1675,0,0,0,0,0,0,0,0,0,0,0,0,10,1,0,0,2,1,2019,MIN,LCB,38,3
163572,5081,TL-0275,1,0,0,0,0,0,0,0,0,0,0,0,0,32,1,0,2,2,2019,GB,NT,95,2
163573,5081,KF-0050,0,1,0,0,0,0,0,0,0,0,0,0,0,21,0.5,0,2,4,2019,GB,LOLB,51,2
163574,5081,MA-0275,1,0,0,0,0,0,0,0,0,0,0,0,0,19,1,0,2,3,2019,GB,DE,90,1
163575,5081,TW-2700,0,0,0,0,0,0,0,1,1,0,0,0,0,21,4,2,2,14,2019,GB,RCB,38,2
163576,5082,LG-1000,2,1,0,0,0,0,0,0,0,0,0,0,0,14,2.5,0,2,9,2019,NE,DT,93,1
163577,5082,JC-3550,3,2,0.5,0,0,2,0,0,0,1,0,0,0,36,15,10.5,2,7,2019,NE,LB,58,2
163578,5082,DG-1275,2,3,0,0,0,0,0,0,0,0,0,0,0,39,3.5,0,2,3,2019,MIA,NT,56,1
163579,5082,MF-0550,4,2,0,0,0,0,0,1,1,0,0,0,0,68,9,2,2,2,2019,MIA,S,29,2
163580,5082,BM-0775,5,2,0,0,0,0,0,0,0,0,0,0,0,68,6,0,2,5,2019,MIA,S,28,1
163581,5082,XH-0100,3,1,0,0,0,0,1,0,0,0,0,0,3,68,4.5,0,2,4,2019,MIA,RCB,25,1
163582,5082,ER-0475,3,2,0,0,0,0,2,0,0,0,0,0,9,67,6,0,2,5,2019,MIA,LCB,21,1
163583,5082,CW-2150,1,1,0,0,0,0,0,0,0,0,0,0,0,44,1.5,0,2,1,2019,MIA,DE,94,1
163584,5082,RM-3150,1,3,0,0,0,0,0,0,0,0,0,0,0,36,2.5,0,2,3,2019,MIA,LB,52,1
163585,5082,JB-0550,7,5,0,0,0,0,0,0,0,0,0,0,0,69,9.5,0,2,2,2019,MIA,LB,55,1
163586,5082,DH-2950,1,2,0,0,0,0,0,0,0,0,0,0,0,37,2,0,2,8,2019,NE,LB,54,1
163587,5082,SG-0650,0,2,0,0,0,1,2,0,0,1,0,0,0,45,11,8,2,8,2019,NE,RCB,24,1
163588,5082,ER-0250,2,3,0,0,0,0,0,0,0,0,0,0,0,23,3.5,0,1,4,2019,NE,LB,52,1
163589,5082,JM-2800,3,1,0,0,0,0,0,0,0,0,0,0,0,50,3.5,0,2,11,2019,NE,LCB,30,1
163590,5082,PC-0300,3,0,0,0,0,0,0,0,0,0,0,0,0,31,3,0,2,11,2019,NE,S,23,1
163591,5082,AB-4000,3,0,2,0,0,0,1,0,0,0,0,0,0,37,8,2,2,3,2019,NE,DT,70,2
163592,5082,SE-0150,0,4,0,0,0,0,0,0,0,0,0,0,0,64,2,0,2,1,2019,MIA,OLB,49,1
163593,5082,CL-0212,1,0,0,0,0,0,0,0,0,0,0,0,0,5,1,0,2,2,2019,MIA,LCB,30,3
163594,5082,JJ-0050,1,1,0,0,0,0,1,0,0,0,0,0,0,34,2.5,0,2,2,2019,NE,LCB,27,2
163595,5082,DM-1300,1,1,0,0,0,1,0,0,0,0,0,0,15,49,3.5,2,2,10,2019,NE,S,32,1
163596,5082,JJ-4565,2,2,0,0,0,0,1,0,0,0,0,0,0,44,4,0,2,4,2019,NE,RCB,31,2
163597,5082,SP-0425,1,0,0,0,0,0,0,0,0,0,0,0,0,16,1,0,2,2,2019,MIA,S,26,3
163598,5082,KW-0862,1,0,0,0,0,0,0,0,0,0,0,0,0,5,1,0,1,1,2019,MIA,RCB,31,3
163599,5082,JW-5450,3,1,0,0,0,0,0,0,0,0,0,0,0,39,3.5,0,2,3,2019,MIA,LCB,33,2
163600,5082,JJ-1650,1,0,1,0,0,0,0,0,0,0,0,0,0,33,3,1,2,7,2019,MIA,LDE,95,1
163601,5082,TC-0370,1,2,0,0,0,0,0,0,0,0,0,0,0,31,2,0,1,7,2019,MIA,NT,95,2
163602,5082,AM-2975,1,1,0,0,0,0,0,0,0,0,0,0,0,51,1.5,0,2,3,2019,MIA,LDE,93,2
163603,5082,CH-1450,0,3,0,0,0,0,0,0,0,0,0,0,0,66,1.5,0,2,3,2019,MIA,OLB,90,1
163604,5082,JS-3250,1,0,1,0,0,0,1,0,0,0,0,0,0,21,4,1,2,7,2019,NE,RDE,55,2
163605,5082,VB-0096,1,0,1,0,0,0,0,0,0,0,0,0,0,16,3,1,2,3,2019,MIA,LB,47,2
163606,5082,DS-1850,1,0,1,0,0,0,0,0,0,0,0,0,0,21,3,1,2,5,2019,NE,DT,71,1
163607,5082,CW-3375,1,1,1.5,0,0,0,0,0,0,0,0,0,0,26,4.5,1.5,2,1,2019,NE,LDE,50,2
163608,5082,SC-0025,1,1,0,0,0,0,0,0,0,0,0,0,0,24,1.5,0,2,4,2019,NE,LB,90,2
163609,5082,JB-3125,2,0,0,0,0,0,0,0,0,0,0,0,0,30,2,0,2,2,2019,NE,LB,51,2
163610,5082,TB-2750,1,0,0,0,0,0,0,0,0,0,0,0,0,30,1,0,2,6,2019,NE,S,25,3
163611,5082,DH-1250,2,0,0,0,0,0,0,0,0,0,0,0,0,48,2,0,2,7,2019,NE,S,21,2
163612,5082,MB-1900,1,0,1,0,0,0,0,0,0,0,0,0,0,25,3,1,2,11,2019,NE,RDE,77,1
163613,5082,KV-0075,0,0,0,0,0,0,1,0,0,0,0,0,0,41,1,0,1,6,2019,NE,LB,53,1
163614,5082,BC-2650,0,1,0,0,0,0,0,0,0,0,0,0,0,16,0.5,0,1,1,2019,NE,DT,99,2
163615,5083,DP-1266,1,0,0,0,0,0,0,0,0,0,100,0,0,2,1,0,1,2,2019,CIN,RCB,24,3
163616,5083,LR-0350,0,0,0,0,0,0,0,0,0,0,0,0,10,0,0,0,1,7,2019,CIN,SLB,55,2
163617,5083,AA-0562,2,1,1,0,0,0,0,0,0,0,0,0,0,43,4.5,1,2,5,2019,SF,RDE,91,1
163618,5083,FW-0350,4,3,0,0,0,0,0,0,0,0,0,0,0,55,5.5,0,2,2,2019,SF,MIKE,54,1
163619,5083,KW-1550,3,4,0,0,0,0,0,0,0,0,0,0,0,50,5,0,2,6,2019,SF,NB,24,1
163620,5083,SH-1393,3,3,0,0,0,0,0,0,0,0,0,0,0,64,4.5,0,2,2,2019,CIN,RDE,94,1
163621,5083,DK-0750,5,1,0,0,0,0,1,0,0,0,0,0,0,72,6.5,0,2,8,2019,CIN,LCB,27,1
163622,5083,JB-1650,6,4,0,0,0,0,0,0,0,0,0,0,0,72,8,0,2,2,2019,CIN,FS,30,1
163623,5083,PB-0750,4,10,0,0,0,0,0,0,0,0,0,0,0,62,9,0,2,6,2019,CIN,MLB,52,1
163624,5083,AW-1850,3,2,0,0,0,0,2,0,0,0,0,0,5,69,6,0,2,3,2019,SF,RCB,23,1
163625,5083,DF-1350,0,1,0,0,0,0,0,0,0,0,0,0,0,25,0.5,0,2,6,2019,SF,LDE,55,1
163626,5083,JT-0650,2,3,0,0,0,0,0,0,0,0,0,0,0,55,3.5,0,2,5,2019,SF,SS,29,1
163627,5083,RS-1000,2,2,0,0,0,0,0,0,0,0,0,0,0,54,3,0,2,9,2019,SF,LCB,25,1
163628,5083,DG-2693,1,2,0,0,0,0,0,0,0,0,0,0,0,20,2,0,2,1,2019,SF,SAM,57,1
163629,5083,RB-2212,4,1,1,0,0,0,0,0,0,0,0,0,0,35,6.5,1,2,4,2019,SF,LDE,98,3
163630,5083,CD-2200,2,4,0,0,0,0,0,0,0,0,0,0,0,61,4,0,2,10,2019,CIN,LDE,96,1
163631,5083,GA-0400,1,3,0,0,0,0,0,0,0,0,0,0,0,48,2.5,0,2,10,2019,CIN,RDT,97,1
163632,5083,SW-1550,8,1,0,0,0,0,0,0,0,0,0,0,0,72,8.5,0,2,7,2019,CIN,SS,36,1
163633,5083,KW-2800,0,1,0,0,0,0,0,0,0,0,0,0,0,2,0.5,0,2,6,2019,CIN,LDE,72,2
163634,5083,ST-0525,2,1,1,0,0,0,0,0,0,0,0,0,15,33,4.5,1,2,3,2019,SF,RDE,94,2
163635,5083,TM-3162,2,2,0,0,0,0,0,0,0,0,0,0,0,70,3,0,2,2,2019,SF,FS,33,2
163636,5083,WJ-0150,0,1,0,0,0,1,0,0,0,0,0,0,0,72,2.5,2,2,4,2019,CIN,RCB,22,1
163637,5083,KA-0625,3,3,0,0,0,1,2,0,0,0,0,0,0,52,8.5,2,2,5,2019,SF,WILL,56,1
163638,5083,CL-0375,0,1,0,0,0,0,0,0,0,0,0,0,0,27,0.5,0,2,3,2019,CIN,RDE,58,2
163639,5083,NB-0350,0,0,0,0,0,0,0,0,0,0,0,0,5,31,0,0,2,1,2019,SF,LDE,97,2
163640,5083,BW-2550,1,0,0,0,0,0,0,0,0,0,0,0,0,8,1,0,1,3,2019,CIN,FS,40,2
163641,5083,BW-0770,1,0,0,0,0,0,0,0,0,0,0,0,0,32,1,0,2,7,2019,CIN,RCB,23,2
163642,5083,NV-0200,0,2,0,0,0,0,0,0,0,0,0,0,0,71,1,0,2,4,2019,CIN,SLB,59,1
163643,5083,JT-1075,0,0,0,0,0,0,1,0,0,0,0,0,0,21,1,0,2,2,2019,SF,RDT,77,2
163644,5083,DB-5475,1,0,1,0,0,0,0,0,0,0,0,0,0,34,3,1,2,4,2019,SF,RDT,99,1
163645,5083,AB-1650,1,1,0,0,0,0,0,0,0,0,0,0,0,40,1.5,0,2,4,2019,CIN,NT,99,1
163646,5083,CF-0337,0,0,0,0,0,0,0,0,0,0,0,0,10,0,0,0,2,4,2019,CIN,SS,42,2
163647,5083,SD-0531,1,1,0,0,0,0,0,0,0,0,0,0,0,24,1.5,0,2,4,2019,SF,LDT,96,1
163648,5083,JT-4325,0,2,0,0,0,0,0,0,0,0,0,0,0,36,1,0,2,3,2019,CIN,NT,91,2
163649,5083,DR-0750,2,1,0,0,0,0,2,0,0,0,0,0,0,15,4.5,0,1,2,2019,SF,NB,32,2
163650,5083,AA-0250,0,1,0,0,0,0,0,0,0,0,0,0,0,15,0.5,0,1,1,2019,SF,MIKE,51,2
163651,5083,RG-1150,1,0,0,0,0,0,0,0,0,0,0,0,0,46,1,0,2,3,2019,CIN,RDT,98,2
163652,5084,DH-3112,2,1,0,0,0,0,0,0,0,0,0,0,0,57,2.5,0,1,3,2019,SEA,SS,42,2
163653,5084,AW-1900,2,2,0,0,0,0,0,0,0,0,0,0,0,36,3,0,2,10,2019,SEA,LDT,72,1
163654,5084,BJ-0250,2,1,1,0,0,0,0,0,0,0,0,0,0,37,4.5,1,2,4,2019,SEA,LEO,93,3
163655,5084,SN-0450,5,1,0,0,0,0,1,0,0,0,0,0,0,79,6.5,0,2,5,2019,PIT,RCB,22,1
163656,5084,MB-0650,2,4,0.5,0,0,0,0,1,0,0,0,0,0,79,7,2.5,2,8,2019,PIT,LILB,26,1
163657,5084,BD-1200,1,3,0,0,0,0,0,0,0,0,0,0,0,74,2.5,0,2,5,2019,PIT,ROLB,48,1
163658,5084,TW-1137,3,3,1,0,0,0,0,0,1,0,0,0,0,70,8.5,1,2,3,2019,PIT,LOLB,90,1
163659,5084,BW-0150,3,4,0,0,0,0,1,0,0,0,0,0,0,57,6,0,2,8,2019,SEA,MLB,54,1
163660,5084,JC-3350,1,1,0,0,0,0,1,0,0,0,0,0,5,39,2.5,0,2,6,2019,SEA,LDE,90,1
163661,5084,TE-0006,4,7,0,0,0,0,1,0,0,0,0,0,38,79,8.5,0,2,2,2019,PIT,SS,34,1
163662,5084,SD-0250,5,0,0,0,0,0,0,0,0,0,0,0,10,55,5,0,1,4,2019,PIT,FS,21,1
163663,5084,VW-0250,1,1,0,0,0,0,0,0,0,0,0,0,0,10,1.5,0,2,7,2019,PIT,RILB,98,1
163664,5084,ST-1150,3,1,2.5,0,0,0,0,0,0,0,0,0,0,56,8.5,2.5,2,6,2019,PIT,DE,91,1
163665,5084,KW-2500,4,4,0,0,0,0,0,0,0,0,0,0,0,54,6,0,2,9,2019,SEA,ROLB,50,1
163666,5084,SG-1600,3,1,0,0,0,0,0,0,0,0,0,0,0,57,3.5,0,2,3,2019,SEA,DB,26,3
163667,5084,MK-0730,2,1,0,0,0,0,0,0,0,0,0,0,16,39,2.5,0,2,8,2019,SEA,SLB,56,1
163668,5084,JH-0100,3,1,0,0,0,0,0,0,0,0,0,0,0,79,3.5,0,2,10,2019,PIT,LCB,23,1
163669,5084,QJ-0150,1,0,0,0,0,0,0,0,0,0,0,0,0,45,1,0,2,4,2019,SEA,LDT,99,2
163670,5084,DB-6050,1,6,0,0,0,0,0,1,0,0,0,0,0,63,6,2,2,1,2019,PIT,LILB,55,2
163671,5084,DM-1475,1,1,0,0,0,0,0,0,0,0,0,0,14,9,1.5,0,2,6,2019,PIT,NT,93,2
163672,5084,CH-3100,2,1,0,0,0,0,0,0,0,0,0,0,0,58,2.5,0,2,9,2019,PIT,DT,97,1
163673,5084,BM-1250,2,1,0,0,0,1,0,0,0,0,0,0,5,57,4.5,2,2,7,2019,SEA,SS,30,1
163674,5084,TF-0725,2,0,0,0,0,0,0,0,0,0,0,0,0,57,2,0,2,2,2019,SEA,RCB,21,1
163675,5084,TA-0600,1,1,0,0,0,0,0,0,0,0,0,0,0,19,1.5,0,2,10,2019,PIT,DE,94,2
163676,5084,CS-4425,3,0,0,0,0,0,0,0,0,0,0,0,0,19,3,0,2,3,2019,PIT,NB,20,2
163677,5084,JH-1375,0,1,0,0,0,0,0,0,0,0,0,0,0,38,0.5,0,2,4,2019,PIT,NT,79,1
163678,5084,MH-2975,2,2,0,0,0,0,0,0,0,0,0,0,0,44,3,0,2,4,2019,PIT,NB,28,1
163679,5084,RG-1675,0,2,0,0,0,0,0,0,0,0,0,0,0,31,1,0,2,2,2019,SEA,LEO,98,2
163680,5084,JT-0850,1,0,0,0,0,0,0,0,0,0,0,0,0,19,1,0,1,7,2019,SEA,LCB,24,3
163681,5084,KK-0325,2,1,0,0,0,0,0,0,0,0,0,0,0,24,2.5,0,2,2,2019,PIT,FS,29,2
163682,5084,OA-0075,1,0,0,0,0,0,0,0,0,0,0,0,0,4,1,0,1,2,2019,PIT,ROLB,92,2
163683,5085,DW-4025,1,4,0,0,0,0,1,0,0,0,0,0,0,50,4,0,2,5,2019,KC,LB,54,1
163684,5085,CW-0637,3,1,0,0,0,1,1,0,1,0,0,0,0,65,8.5,2,2,2,2019,KC,LCB,35,1
163685,5085,DL-0550,1,1,0,0,0,0,0,0,0,0,0,0,0,16,1.5,0,2,4,2019,KC,LB,50,2
163686,5085,BB-2725,6,1,0,0,0,1,0,0,0,0,0,0,0,65,8.5,2,2,6,2019,KC,RCB,21,1
163687,5085,CJ-2168,2,3,1,0,0,0,1,0,0,0,0,0,5,54,6.5,1,2,4,2019,KC,NT,95,1
163688,5085,XW-0100,3,0,0,0,0,0,0,0,0,0,0,0,0,19,3,0,2,5,2019,KC,DT,98,2
163689,5085,AH-3350,4,1,0,0,0,0,0,0,0,0,0,0,0,50,4.5,0,2,6,2019,KC,LB,53,1
163690,5085,JH-0840,3,2,0,0,0,0,1,0,0,0,0,0,0,58,5,0,2,7,2019,OAK,DT,90,1
163691,5085,KJ-1150,1,2,0,0,0,0,0,0,0,0,0,0,0,48,2,0,2,4,2019,OAK,SS,42,1
163692,5085,CR-0887,3,0,0,0,0,0,0,0,0,0,0,0,0,31,3,0,2,5,2019,OAK,FS,35,2
163693,5085,LJ-1800,6,0,0,0,0,0,0,0,0,0,0,0,17,70,6,0,2,6,2019,OAK,FS,29,1
163694,5085,JT-2650,1,2,0,0,0,0,0,0,0,0,0,0,0,65,2,0,2,1,2019,KC,FS,22,2
163695,5085,TM-0850,1,1,0,0,0,0,0,0,0,0,0,0,43,65,1.5,0,2,7,2019,KC,SS,32,1
163696,5085,VB-0350,2,2,0,0,0,0,1,0,0,0,0,0,0,72,4,0,2,8,2019,OAK,MLB,55,1
163697,5085,TW-1750,5,2,0,0,0,0,0,0,0,0,0,0,0,63,6,0,2,8,2019,OAK,SLB,59,1
163698,5085,NM-0675,1,0,0,0,0,0,0,0,0,0,0,0,0,17,1,0,2,3,2019,OAK,SLB,50,2
163699,5085,FC-0150,0,3,0,0,0,0,0,0,0,0,0,0,0,58,1.5,0,2,5,2019,KC,RDE,55,1
163700,5085,KF-0450,5,1,1,0,0,0,1,0,0,0,0,0,0,49,8.5,1,2,4,2019,KC,RCB,29,2
163701,5085,MC-3050,1,1,0,0,0,0,0,0,0,0,0,0,15,29,1.5,0,2,1,2019,OAK,LDE,98,3
163702,5085,MH-3793,0,1,0,0,0,0,0,0,0,0,0,0,0,36,0.5,0,2,2,2019,OAK,DT,73,1
163703,5085,DW-4750,5,2,0,0,0,0,0,1,0,0,0,0,0,74,8,2,2,4,2019,OAK,LCB,20,1
163704,5085,TK-0825,2,0,1,0,0,0,0,0,0,0,0,0,0,16,4,1,2,3,2019,KC,RDE,92,2
163705,5085,DS-3162,0,0,0,0,0,0,0,0,0,0,0,0,5,15,0,0,2,6,2019,KC,FS,49,1
163706,5085,GC-0850,3,0,0,0,0,0,0,0,0,0,0,0,0,74,3,0,2,3,2019,OAK,RCB,21,1
163707,5085,CF-0362,2,1,0,0,0,0,0,0,0,0,0,0,5,58,2.5,0,2,1,2019,OAK,RDE,96,1
163708,5085,TM-3375,1,0,0,0,0,0,0,0,0,0,0,0,0,28,1,0,2,1,2019,OAK,RCB,27,2
163709,5085,DO-0012,0,0,0,0,0,0,0,0,0,0,0,0,6,0,0,0,1,2,2019,KC,LB,44,3
163710,5085,KN-0350,2,0,0,0,0,0,0,0,0,0,0,0,0,7,2,0,1,1,2019,OAK,LCB,38,2
163711,5085,EO-0075,2,0,0,0,0,0,0,0,1,0,0,0,0,22,4,0,2,4,2019,KC,LDE,90,2
163712,5085,BN-0475,2,1,0,0,0,0,0,0,0,0,0,0,0,15,2.5,0,1,2,2019,KC,LB,56,3
163713,5085,PH-0050,2,1,0.5,0,0,0,0,0,0,0,0,0,0,43,3.5,0.5,2,2,2019,OAK,DT,92,2
163714,5085,BM-0750,1,2,1.5,0,0,0,0,0,1,0,0,0,0,18,7,1.5,2,7,2019,OAK,LDE,91,2
163715,5085,DN-1237,0,1,0,0,0,0,0,0,0,0,0,0,0,23,0.5,0,2,2,2019,KC,DT,91,1
163716,5085,EH-0175,2,0,0,0,0,0,0,0,0,0,0,0,0,42,2,0,1,4,2019,OAK,SS,25,2
163717,5085,JL-3075,0,0,0,0,0,0,0,0,0,0,0,0,10,1,0,0,1,4,2019,KC,SS,24,2
163718,5085,JM-1650,1,0,0,0,0,0,0,0,0,0,0,0,0,38,1,0,2,6,2019,OAK,LDE,97,1
163719,5086,RS-2250,9,4,0,0,0,0,0,0,0,0,0,0,0,82,11,0,2,2,2019,CHI,RILB,58,1
163720,5086,EJ-0125,6,4,0,0,0,0,2,0,0,0,0,0,0,79,10,0,2,3,2019,CHI,S,39,1
163721,5086,BS-2300,2,2,0,0,0,0,0,0,0,0,0,0,1,64,3,0,2,9,2019,CHI,LCB,24,2
163722,5086,PA-0300,5,2,0,0,0,0,0,0,0,0,0,0,9,80,6,0,2,9,2019,CHI,RCB,20,1
163723,5086,NW-0400,2,0,1,0,0,0,0,0,0,0,0,0,0,30,4,1,2,7,2019,CHI,NT,97,2
163724,5086,HC-0050,3,0,0,0,0,0,0,0,0,0,0,0,0,82,3,0,2,6,2019,CHI,S,21,1
163725,5086,DT-1950,9,3,0,0,0,0,0,0,0,0,0,0,0,82,10.5,0,2,8,2019,CHI,LILB,59,1
163726,5086,BC-1125,5,0,0,0,0,0,0,0,0,0,0,0,15,61,5,0,2,2,2019,DEN,SLB,55,1
163727,5086,KJ-0100,5,0,0,0,0,0,1,0,0,0,0,0,0,61,6,0,2,10,2019,DEN,SS,22,1
163728,5086,JS-3150,8,1,0,0,0,0,2,0,0,0,0,0,0,61,10.5,0,2,4,2019,DEN,FS,31,1
163729,5086,LF-0450,2,0,0,0,0,0,0,0,0,0,0,0,15,65,2,0,2,4,2019,CHI,ROLB,94,1
163730,5086,BN-0450,1,0,0,0,0,0,0,0,0,0,0,0,0,11,1,0,2,2,2019,CHI,DE,98,1
163731,5086,EG-0350,1,2,0,0,0,0,0,0,0,0,0,0,15,39,2,0,2,5,2019,CHI,NT,91,1
163732,5086,SH-0150,2,3,0,0,0,0,0,0,0,0,0,0,0,41,3.5,0,2,6,2019,DEN,NT,96,1
163733,5086,JJ-2350,3,3,0,0,0,0,0,0,0,0,0,0,0,61,4.5,0,2,2,2019,DEN,ILB,47,1
163734,5086,DW-4250,4,2,0,0,0,0,0,0,0,0,0,0,10,52,5,0,2,8,2019,DEN,DE,95,1
163735,5086,IY-0100,3,0,0,0,0,0,0,0,0,0,0,0,0,61,3,0,2,2,2019,DEN,LCB,26,2
163736,5086,VM-0300,1,1,0,0,0,0,0,0,0,0,0,0,0,58,1.5,0,2,9,2019,DEN,WLB,58,1
163737,5086,CH-1500,3,0,0,0,0,0,1,0,0,0,0,0,1,61,4,0,2,9,2019,DEN,LCB,25,1
163738,5086,CN-0450,2,1,0,0,0,0,0,0,0,0,0,0,0,34,2.5,0,2,6,2019,DEN,ILB,56,1
163739,5086,KF-0500,5,1,0,0,0,1,0,0,0,0,0,0,0,81,7.5,2,2,6,2019,CHI,LCB,23,1
163740,5086,KM-0050,1,0,1,0,0,0,1,0,0,0,0,0,0,71,4,1,2,6,2019,CHI,LOLB,52,1
163741,5086,AH-3050,2,0,0,0,0,0,0,0,0,0,0,0,0,66,2,0,2,8,2019,CHI,DT,96,1
163742,5086,RR-0850,0,1,0,0,0,0,0,0,0,0,0,0,0,36,0.5,0,2,4,2019,CHI,DT,95,2
163743,5086,AL-1200,1,0,0,0,0,0,1,0,0,0,0,0,0,11,2,0,2,6,2019,CHI,ROLB,99,2
163744,5086,DW-0450,0,1,0,0,0,0,1,0,0,0,0,0,0,19,1.5,0,2,3,2019,DEN,DE,57,2
163745,5086,TM-0350,0,0,0,0,0,0,0,0,0,0,0,0,10,6,0,0,2,2,2019,DEN,SS,36,2
163746,5086,AG-1350,0,2,0,0,0,0,0,0,0,0,0,0,0,32,1,0,2,4,2019,DEN,DE,99,1
163747,5086,II-0400,0,1,0,0,0,0,0,0,0,0,0,0,0,17,0.5,0,2,3,2019,CHI,LOLB,47,2
163748,5087,SJ-0793,1,0,0,0,0,0,0,0,0,0,0,0,15,22,1,0,2,2,2019,LA,NT,69,1
163749,5087,BH-0050,3,1,0,0,0,0,0,0,0,0,0,0,0,24,3.5,0,2,5,2019,LA,ILB,54,1
163750,5087,NR-0350,4,2,0,0,0,0,1,0,0,0,0,0,0,41,6,0,2,7,2019,LA,LCB,23,2
163751,5087,JJ-3450,4,2,0,0,0,1,0,0,0,0,0,0,5,63,7,2,2,3,2019,LA,SS,43,1
163752,5087,EW-0400,5,2,0,0,0,0,1,0,0,0,0,0,0,65,7,0,2,13,2019,LA,FS,32,1
163753,5087,DD-0250,3,2,0,0,0,0,0,0,0,0,0,0,0,69,4,0,2,8,2019,NO,WLB,56,1
163754,5087,ML-0375,2,3,0,0,0,0,0,0,0,0,0,0,0,70,3.5,0,2,3,2019,NO,RCB,23,1
163755,5087,MB-3875,1,2,0,0,0,0,0,0,0,0,0,0,0,35,2,0,2,5,2019,NO,NT,90,1
163756,5087,DO-0250,3,1,0,0,0,0,0,0,0,0,0,0,4,40,3.5,0,1,4,2019,NO,LDT,93,1
163757,5087,PW-0850,2,0,0,0,0,0,0,0,0,0,0,0,0,55,2,0,2,5,2019,NO,LCB,26,2
163758,5087,MW-2275,2,1,0,0,0,0,0,0,0,0,0,0,0,70,2.5,0,2,3,2019,NO,FS,43,1
163759,5087,CL-0987,4,4,0,0,0,0,2,0,0,0,0,0,0,65,8,0,2,4,2019,LA,ILB,58,1
163760,5087,AT-0100,0,2,0,0,0,0,0,0,0,0,0,0,0,60,1,0,2,12,2019,LA,RCB,21,1
163761,5087,CM-0900,2,1,1,0,0,0,0,0,1,0,0,0,0,36,6.5,1,2,11,2019,LA,OLB,52,1
163762,5087,EA-0575,7,0,0,0,0,0,0,0,0,0,0,0,13,70,7,0,2,4,2019,NO,LCB,25,1
163763,5087,ST-1500,0,1,0,0,0,0,0,0,0,0,0,0,0,27,0.5,0,2,1,2019,NO,LDT,74,2
163764,5087,VB-0087,3,2,0,0,0,0,0,0,0,0,0,0,0,70,4,0,2,4,2019,NO,SS,24,1
163765,5087,CJ-2400,5,0,1,0,0,0,0,1,0,0,0,0,0,58,9,3,2,9,2019,NO,LDE,94,1
163766,5087,MD-0131,2,1,1,0,0,0,0,0,0,0,0,0,0,52,4.5,1,2,2,2019,NO,RDE,92,1
163767,5087,TR-0075,1,5,0,0,0,0,1,0,0,0,0,0,0,40,4.5,0,2,1,2019,LA,SS,24,2
163768,5087,AD-1475,1,0,0,0,0,0,0,0,0,0,0,0,0,52,1,0,2,6,2019,LA,DT,99,1
163769,5087,MB-3650,1,2,1,0,0,0,0,0,0,0,0,0,0,52,4,1,2,8,2019,LA,LDE,90,1
163770,5087,TS-1950,0,1,0,0,0,0,0,0,0,0,0,0,0,12,0.5,0,2,3,2019,LA,DT,92,2
163771,5087,DF-1481,3,1,0,0,0,0,0,0,0,0,0,0,0,58,3.5,0,2,5,2019,LA,WILL,56,1
163772,5087,AK-0650,2,3,0,0,0,0,0,0,0,0,0,0,0,55,3.5,0,2,7,2019,NO,SLB,53,1
163773,5087,TH-1350,2,0,1,0,0,0,0,0,1,0,0,0,0,40,6,1,2,3,2019,NO,RDE,91,2
163774,5087,SE-0025,0,1,0,0,0,0,0,0,0,0,0,0,0,34,0.5,0,2,3,2019,LA,WILL,50,2
163775,5087,AA-0552,2,0,0,0,0,0,0,0,0,0,0,0,0,18,2,0,2,3,2019,NO,MLB,47,2
163776,5087,KA-0750,0,1,0,0,0,0,0,0,0,0,0,0,0,4,0.5,0,1,7,2019,NO,MLB,54,1
163777,5087,ME-0425,0,1,0,0,0,0,0,0,0,0,0,0,0,27,0.5,0,1,5,2019,NO,NT,97,3
163778,5087,CG-0275,1,0,0,0,0,0,0,0,0,0,0,0,0,10,1,0,2,1,2019,NO,SS,22,2
163779,5087,MP-0950,0,0,0,0,0,0,1,0,0,0,0,0,0,65,1,0,2,5,2019,LA,LCB,22,1
163780,5088,ZB-0400,4,1,0,0,0,0,0,0,0,0,0,0,0,50,4.5,0,2,8,2019,PHI,OLB,52,1
163781,5088,RM-3050,5,2,0,0,0,0,1,0,0,0,0,0,0,66,7,0,2,8,2019,PHI,FS,23,1
163782,5088,MJ-0600,2,1,0,0,0,0,0,0,1,0,0,0,0,66,4.5,0,2,11,2019,PHI,SS,27,1
163783,5088,SJ-0775,4,2,0,0,0,1,0,0,0,0,0,0,0,32,7,2,2,3,2019,PHI,LCB,22,1
163784,5088,JS-7425,1,2,0,0,0,0,1,0,0,0,0,0,0,18,3,0,2,2,2019,PHI,LDE,94,2
163785,5088,BG-1200,2,0,0,0,0,0,0,0,0,0,0,0,0,51,2,0,2,10,2019,PHI,LDE,55,1
163786,5088,RD-0050,2,1,0,0,0,1,2,0,0,0,0,0,0,59,6.5,2,2,5,2019,PHI,RCB,21,1
163787,5088,DC-0325,6,2,0,0,0,0,0,0,0,0,0,0,0,69,7,0,2,4,2019,ATL,SLB,59,1
163788,5088,IO-0150,3,2,0,0,0,0,2,0,0,0,0,0,15,81,6,0,2,2,2019,ATL,RCB,26,1
163789,5088,JC-5560,0,1,0,0,0,0,0,0,0,0,0,0,0,40,0.5,0,2,8,2019,ATL,DT,95,2
163790,5088,GJ-0250,3,2,1,0,0,0,0,0,0,0,0,0,0,68,6,1,2,5,2019,ATL,DT,97,1
163791,5088,DK-0362,3,3,0,0,0,0,0,0,0,0,0,0,0,69,4.5,0,2,3,2019,ATL,RCB,27,2
163792,5088,DB-0875,2,0,0,0,0,0,0,0,0,0,0,0,10,50,2,0,2,3,2019,PHI,RDE,96,1
163793,5088,AS-0600,2,1,1,0,0,0,0,0,0,0,0,0,0,20,4.5,1,2,10,2019,PHI,FS,42,2
163794,5088,KN-0125,7,2,0,0,0,0,0,0,0,0,0,0,0,78,8,0,2,4,2019,ATL,SS,22,1
163795,5088,AB-0100,1,0,0,0,0,0,0,0,0,0,0,0,0,36,1,0,2,9,2019,ATL,LDE,93,1
163796,5088,DT-1970,0,0,0,0,0,2,1,0,0,0,0,0,0,72,5,4,2,7,2019,ATL,LCB,21,1
163797,5088,RD-1550,1,1,0,0,0,0,1,0,0,0,0,0,0,39,2.5,0,2,3,2019,PHI,RCB,32,2
163798,5088,TM-2250,2,0,0,0,0,0,0,0,0,0,0,0,0,56,2,0,2,3,2019,ATL,RDE,98,1
163799,5088,RA-0675,4,0,0,0,0,0,1,0,0,0,0,0,0,78,5,0,2,6,2019,ATL,FS,37,1
163800,5088,DJ-2450,4,3,0,0,0,0,0,0,0,0,0,0,0,75,5.5,0,2,4,2019,ATL,MLB,45,1
163801,5088,NG-0150,2,0,0,0,0,1,0,0,0,0,0,0,0,20,4,2,2,3,2019,PHI,OLB,47,2
163802,5088,FC-0400,1,0,0,0,0,0,1,0,0,0,0,0,0,49,2,0,2,8,2019,PHI,LDT,91,1
163803,5088,NB-0500,2,1,0,0,0,0,0,0,0,0,0,0,0,66,2.5,0,2,8,2019,PHI,MLB,53,1
163804,5088,KS-0750,1,0,0,0,0,0,0,0,1,0,0,0,5,9,3,0,1,1,2019,ATL,RCB,20,3
163805,5088,TD-0850,2,1,0,0,0,0,0,0,0,0,0,0,0,35,2.5,0,2,5,2019,ATL,DT,96,1
163806,5088,BW-2900,1,0,0,0,0,0,0,0,0,0,0,0,5,9,1,0,1,7,2019,ATL,LCB,33,2
163807,5088,AM-0250,3,0,0,0,0,0,1,0,0,0,0,0,0,43,4,0,2,2,2019,PHI,NB,29,1
163808,5088,SN-0300,0,0,0,0,0,0,0,1,0,0,0,0,0,0,2,2,2,4,2019,ATL,FS,41,2
163809,5088,VC-0400,1,0,0,0,0,0,0,0,0,0,0,0,0,17,1,0,2,8,2019,PHI,RDE,75,2
163810,5088,FO-0150,2,0,0,0,0,0,0,0,0,0,0,0,0,19,2,0,2,2,2019,ATL,SLB,54,2
163811,5088,AC-1500,1,0,1,0,0,0,0,0,0,0,0,0,0,35,3,1,2,9,2019,ATL,RDE,99,2
163812,5088,JC-3850,1,0,0,0,0,0,0,0,0,0,0,0,0,7,1,0,1,1,2019,ATL,LDE,50,2
163813,5088,HR-0100,0,0,0,0,0,0,0,0,0,0,0,0,5,31,0,0,2,4,2019,PHI,LDT,98,2
163814,5088,VB-0075,1,0,1,0,0,0,0,0,0,0,0,0,0,55,3,1,2,5,2019,ATL,DE,44,1
163815,5089,LW-1350,0,2,0,0,0,0,0,0,0,0,0,0,0,55,1,0,2,5,2019,NYJ,LDE,92,1
163816,5089,JJ-1675,0,1,0,0,0,0,0,0,0,0,0,0,0,11,0.5,0,2,4,2019,NYJ,OLB,48,1
163817,5089,HA-0400,0,2,0,0,0,0,0,0,0,0,0,0,0,49,1,0,2,5,2019,NYJ,RDE,96,1
163818,5089,BC-0625,2,4,0.5,0,0,0,1,0,0,0,0,0,0,69,6,0.5,2,1,2019,NYJ,ILB,53,2
163819,5089,NH-1225,3,4,1,0,0,0,1,0,0,0,0,0,0,69,8,1,2,5,2019,NYJ,ILB,46,1
163820,5089,NH-0075,2,1,0,0,0,0,1,0,0,0,0,0,5,65,3.5,0,1,3,2019,NYJ,RCB,21,3
163821,5089,HL-0100,0,1,0,0,0,0,0,0,0,0,0,0,0,13,0.5,0,2,3,2019,NYJ,OLB,44,1
163822,5089,BP-1050,2,1,0,0,0,0,2,0,0,0,0,0,0,58,4.5,0,2,4,2019,NYJ,LCB,34,2
163823,5089,SR-0670,3,2,0,0,0,0,0,0,0,0,0,0,0,41,4,0,2,7,2019,CLE,DT,98,1
163824,5089,MG-0287,3,2,3,0,0,0,0,0,0,0,0,0,35,47,10,3,2,3,2019,CLE,LDE,95,1
163825,5089,BK-0150,2,1,0.5,0,0,0,0,0,0,0,0,0,0,11,3.5,0.5,2,4,2019,NYJ,RDE,91,2
163826,5089,JA-0150,5,0,0,0,0,0,0,0,0,0,0,0,25,63,5,0,2,3,2019,NYJ,SS,33,1
163827,5089,TB-0625,1,3,1,0,0,0,0,0,0,0,0,0,0,52,4.5,1,2,3,2019,NYJ,OLB,93,2
163828,5089,DR-1950,4,1,0,0,0,1,0,0,0,0,0,0,0,69,6.5,2,2,5,2019,NYJ,LCB,27,1
163829,5089,LO-0050,2,2,0,0,0,0,0,0,0,0,0,0,0,42,3,0,2,3,2019,CLE,DT,65,1
163830,5089,CT-0937,0,2,0,0,0,0,0,0,0,0,0,0,10,19,1,0,2,2,2019,CLE,LDE,92,2
163831,5089,SM-2200,1,4,0,0,0,0,0,0,0,0,0,0,8,28,3,0,2,11,2019,NYJ,NT,99,1
163832,5089,FF-0050,2,0,0,0,0,0,0,0,0,0,0,0,0,23,2,0,1,2,2019,NYJ,NT,94,3
163833,5089,EM-2100,1,2,0,0,0,0,0,0,0,0,0,0,5,42,2,0,2,4,2019,CLE,FS,22,2
163834,5089,JS-1025,9,4,0,0,0,0,0,0,1,0,0,0,0,68,13,0,2,4,2019,CLE,MLB,53,1
163835,5089,JW-2675,5,1,0,0,0,0,0,0,0,0,0,0,0,68,5.5,0,2,5,2019,CLE,SS,35,2
163836,5089,OV-0200,1,0,0,0,0,0,0,0,0,0,0,0,0,49,1,0,2,8,2019,CLE,DE,54,1
163837,5089,MB-5100,2,4,1,0,0,0,0,0,0,0,0,0,0,48,6,1,2,10,2019,CLE,SS,42,1
163838,5089,KP-0625,1,1,0,0,0,0,0,0,0,0,0,0,0,30,1.5,0,1,1,2019,NYJ,RDE,98,3
163839,5089,DE-0575,1,1,0,0,0,0,0,0,0,0,0,0,0,22,1.5,0,2,2,2019,CLE,DT,96,2
163840,5089,CK-0850,1,3,0,0,0,0,0,0,0,0,0,0,0,57,2.5,0,2,6,2019,CLE,WLB,58,1
163841,5089,DW-0850,3,4,0,0,0,0,0,0,0,0,0,0,0,68,5,0,2,2,2019,CLE,LCB,21,1
163842,5089,GW-1350,2,1,0,0,0,0,0,0,0,0,0,0,0,67,2.5,0,2,1,2019,CLE,RCB,26,1
163843,5089,MM-1725,2,0,0,0,0,0,1,0,0,0,0,0,0,69,3,0,2,3,2019,NYJ,FS,20,1
163844,5089,MW-3150,2,2,0,0,0,0,0,0,0,0,0,0,15,11,3,0,1,1,2019,CLE,WLB,51,2
163845,5089,TC-0385,0,0,0,0,0,0,0,1,0,0,0,0,0,39,2,2,2,6,2019,CLE,LCB,38,2
163846,5089,RM-4100,1,0,0,0,0,0,0,0,0,0,0,0,0,10,1,0,2,7,2019,NYJ,SS,45,2
163847,5089,CS-2350,0,0,0,0,0,0,1,0,0,0,0,0,0,26,1,0,2,6,2019,CLE,DE,50,2
