uid,gid,fpid,tname,drvn,obt,qtr,min,sec,yfog,plays,succ,rfd,pfd,ofd,ry,ra,py,pa,pc,peyf,peya,net,res
117840,5058,829263,GB,1,KOFF,1,1,59,25,3,0,0,0,0,0,1,-10,2,1,0,0,-10,PUNT
117841,5058,829267,CHI,1,PUNT,1,3,22,43,6,2,1,0,0,13,3,-6,3,0,5,0,12,PUNT
117842,5058,829275,GB,2,PUNT,1,1,46,12,3,0,0,0,0,0,1,-7,2,0,0,0,-7,PUNT
117843,5058,829279,CHI,2,PUNT,1,3,44,64,6,2,1,0,0,15,4,1,1,1,0,0,16,FG
117844,5058,829286,GB,3,KOFF,1,0,56,40,3,0,0,0,0,0,0,5,3,1,0,0,5,PUNT
117845,5058,829290,CHI,3,PUNT,1,3,30,4,7,2,1,0,1,8,3,11,4,2,6,0,25,PUNT
117846,5058,829299,GB,4,PUNT,2,1,35,26,4,4,0,3,0,0,0,74,4,4,0,0,74,TD
117847,5058,829305,CHI,4,KOFF,2,1,58,25,4,2,0,1,0,-2,1,36,3,2,0,0,34,PUNT
117848,5058,829310,GB,5,PUNT,2,5,45,4,8,5,0,2,0,4,3,18,5,4,0,0,22,PUNT
117849,5058,829319,CHI,5,PUNT,2,3,18,11,5,2,0,1,0,0,0,22,5,3,0,10,12,PUNT
117850,5058,829326,GB,6,PUNT,2,1,24,35,6,2,0,1,0,3,1,16,5,2,0,5,19,PUNT
117851,5058,829334,CHI,6,PUNT,2,0,28,15,3,0,0,0,0,0,0,0,3,2,0,0,0,PUNT
117852,5058,829338,GB,7,PUNT,2,0,15,33,2,1,0,1,0,0,0,16,2,1,0,0,16,ENDQ
117853,5058,829341,CHI,7,KOFF,3,1,18,25,3,0,0,0,0,0,1,2,2,1,0,0,2,PUNT
117854,5058,829345,GB,8,PUNT,3,2,51,34,4,0,0,0,1,3,1,-2,3,1,38,20,19,PUNT
117855,5058,829353,CHI,8,PUNT,3,1,50,10,3,1,0,0,0,9,2,0,1,0,0,0,9,PUNT
117856,5058,829357,GB,9,PUNT,3,2,31,42,3,0,0,0,0,0,1,-10,2,1,0,0,-10,PUNT
117857,5058,829361,CHI,9,PUNT,3,2,36,23,6,3,0,2,0,3,1,54,5,3,0,10,47,DWNS
117858,5058,829369,GB,10,DWNS,3,4,1,30,7,3,1,1,0,15,4,10,3,1,0,5,20,PUNT
117859,5058,829378,CHI,10,PUNT,4,3,5,13,6,2,0,2,0,0,0,38,6,3,15,30,23,PUNT
117860,5058,829388,GB,11,PUNT,4,6,33,6,10,3,0,2,1,17,6,56,3,2,5,5,73,FG
117861,5058,829401,CHI,11,KOFF,4,3,17,25,13,7,0,4,0,0,0,59,13,8,0,0,59,INT
117862,5058,829414,GB,12,INT,4,0,25,20,3,1,0,0,0,7,2,0,1,0,0,0,7,PUNT
117863,5058,829418,CHI,12,PUNT,4,0,31,14,4,0,0,0,0,0,0,-9,4,1,0,0,-9,DWNS
117864,5058,829422,GB,13,DWNS,4,1,2,95,2,0,0,0,0,-2,2,0,0,0,0,0,-2,ENDQ
117865,5059,829425,ATL,1,KOFF,1,2,7,25,3,0,0,0,0,16,2,-8,1,0,0,0,8,BLPU
117866,5059,829429,MIN,1,BLPU,1,1,3,79,2,2,0,1,0,0,0,31,2,2,0,10,21,TD
117867,5059,829434,ATL,2,KOFF,1,1,55,16,3,1,0,0,1,7,2,0,1,0,5,0,12,INT
117868,5059,829438,MIN,2,INT,1,1,33,59,4,2,2,0,0,40,2,1,2,1,0,0,41,TD
117869,5059,829444,ATL,3,KOFF,1,5,51,25,11,2,0,2,1,0,3,39,8,5,5,10,34,PUNT
117870,5059,829457,MIN,3,PUNT,1,5,9,8,7,3,2,0,0,30,6,6,1,1,0,10,24,PUNT
117871,5059,829466,ATL,4,PUNT,2,2,1,28,4,3,1,2,0,12,2,34,2,2,5,0,51,FUM
117872,5059,829471,MIN,4,FUM,2,5,41,21,10,5,3,1,2,50,8,9,2,1,25,0,79,TD
117873,5059,829486,ATL,5,KOFF,2,2,57,25,7,4,2,1,0,18,2,12,5,3,0,10,20,PUNT
117874,5059,829495,MIN,5,PUNT,2,1,6,10,3,0,0,0,0,0,3,0,0,0,0,0,0,PUNT
117875,5059,829499,ATL,6,PUNT,2,0,37,45,3,2,0,1,0,0,0,36,3,2,0,0,36,ENDQ
117876,5059,829503,MIN,6,KOFF,3,4,15,25,6,2,0,1,0,12,4,11,2,1,0,0,23,PUNT
117877,5059,829510,ATL,7,PUNT,3,7,37,15,13,7,1,2,2,11,5,40,8,6,31,0,82,INT
117878,5059,829525,MIN,7,INT,3,2,39,20,6,5,3,1,1,18,4,39,2,2,23,0,80,TD
117879,5059,829533,ATL,8,KOFF,3,0,29,23,3,0,0,0,0,0,0,0,3,0,0,0,0,PUNT
117880,5059,829537,MIN,8,PUNT,4,2,25,25,3,1,0,0,0,4,3,0,0,0,0,0,4,PUNT
117881,5059,829541,ATL,9,PUNT,4,3,16,34,9,4,1,3,0,9,1,57,7,6,0,0,66,TD
117882,5059,829551,MIN,9,KOFF,4,4,51,29,6,2,1,0,0,20,6,0,0,0,0,5,20,PUNT
117883,5059,829559,ATL,10,PUNT,4,3,24,29,13,8,0,4,2,0,0,62,12,9,14,5,71,TD
117884,5059,829576,MIN,10,KOFF,4,1,4,61,2,0,0,0,0,-2,2,0,0,0,0,0,-2,ENDQ
117885,5060,829579,BAL,1,KOFF,1,4,26,11,8,6,4,0,0,79,6,10,2,2,0,0,89,TD
117886,5060,829589,MIA,1,KOFF,1,1,48,21,4,2,0,1,0,4,1,12,3,1,0,0,16,INT
117887,5060,829593,BAL,2,INT,1,0,9,53,1,1,0,1,0,0,0,47,1,1,0,0,47,TD
117888,5060,829596,MIA,2,KOFF,1,2,51,25,5,1,0,1,0,-7,2,14,3,2,0,0,7,PUNT
117889,5060,829602,BAL,3,PUNT,1,1,29,10,3,2,0,1,0,7,2,83,1,1,0,0,90,TD
117890,5060,829607,MIA,3,KOFF,1,2,5,15,5,2,0,1,0,-3,1,31,4,2,0,0,28,PUNT
117891,5060,829613,BAL,4,PUNT,1,3,23,20,7,5,0,3,0,14,4,56,3,3,10,0,80,TD
117892,5060,829623,MIA,4,KOFF,2,3,11,25,6,1,0,1,0,-2,2,46,3,2,0,5,39,FG
117893,5060,829631,BAL,5,KOFF,2,2,14,25,3,1,0,0,0,10,2,-1,1,0,0,0,9,PUNT
117894,5060,829635,BAL,6,PUNT,2,1,34,90,3,1,0,1,0,2,1,8,2,2,0,0,10,TD
117895,5060,829640,MIA,5,KOFF,2,2,31,10,5,2,1,0,0,17,3,0,2,0,0,0,17,PUNT
117896,5060,829646,BAL,7,PUNT,2,2,37,21,7,2,2,0,0,69,5,6,2,1,4,0,79,TD
117897,5060,829656,MIA,6,KOFF,2,1,29,25,8,5,0,4,0,0,0,60,8,5,15,0,75,TD
117898,5060,829666,BAL,8,KOFF,2,0,13,25,1,0,0,0,0,-1,1,0,0,0,0,0,-1,ENDQ
117899,5060,829668,MIA,7,KOFF,3,1,58,25,4,2,0,1,0,5,1,5,3,1,0,5,5,PUNT
117900,5060,829674,BAL,9,PUNT,3,5,8,29,9,7,0,4,0,6,3,70,6,5,5,10,71,TD
117901,5060,829687,MIA,8,KOFF,3,2,7,25,6,1,0,1,0,6,1,12,5,1,0,10,8,PUNT
117902,5060,829695,BAL,10,PUNT,3,5,25,16,9,4,1,2,1,19,5,44,3,2,15,10,68,FG
117903,5060,829706,MIA,9,KOFF,3,0,28,25,2,1,0,0,0,0,0,5,2,1,0,0,5,INT
117904,5060,829708,BAL,11,INT,4,5,30,58,9,7,2,2,0,28,7,14,2,2,0,0,42,TD
117905,5060,829719,MIA,10,KOFF,4,1,25,30,3,0,0,0,0,1,1,-6,2,0,0,0,-5,PUNT
117906,5060,829723,BAL,12,PUNT,4,7,59,21,14,11,2,3,0,32,10,41,4,4,0,0,73,ENDQ
117907,5061,829738,BUF,1,KOFF,1,2,56,25,7,5,0,3,0,0,0,32,7,5,5,0,37,FUM
117908,5061,829746,NYJ,1,FUM,1,1,22,38,3,1,0,0,1,5,1,1,2,1,0,0,6,PUNT
117909,5061,829750,BUF,2,PUNT,1,0,8,12,1,0,0,0,0,0,0,0,1,0,0,0,0,INT
117910,5061,829753,BUF,3,KOFF,1,4,22,25,9,5,1,1,0,19,4,21,5,3,15,20,50,PUNT
117911,5061,829764,NYJ,2,PUNT,1,5,23,5,7,4,0,2,0,18,4,15,3,2,0,12,18,PUNT
117912,5061,829774,BUF,4,PUNT,1,1,44,33,3,0,0,0,0,1,1,1,2,1,5,0,7,PUNT
117913,5061,829779,NYJ,3,PUNT,2,5,14,20,11,5,1,3,0,9,3,29,8,4,0,0,38,PUNT
117914,5061,829791,BUF,5,PUNT,2,5,0,5,9,6,1,2,0,19,5,45,4,3,0,5,59,DWNS
117915,5061,829801,NYJ,4,DWNS,2,1,18,37,3,1,0,0,0,6,2,0,1,0,0,0,6,PUNT
117916,5061,829805,BUF,6,PUNT,2,1,33,18,5,2,0,1,0,0,0,30,5,3,0,0,30,INT
117917,5061,829810,NYJ,5,INT,2,0,34,52,5,1,0,1,0,0,0,21,4,2,0,0,21,MFG
117918,5061,829815,BUF,7,MFG,2,0,26,35,1,0,0,0,0,-1,1,0,0,0,0,0,-1,ENDQ
117919,5061,829817,NYJ,6,KOFF,3,2,59,25,7,3,0,2,0,6,1,9,6,3,5,0,20,PUNT
117920,5061,829826,BUF,8,PUNT,3,0,9,2,1,0,0,0,0,-2,1,0,0,0,0,0,-2,SAF
117921,5061,829828,NYJ,7,KOFF,3,4,51,40,10,8,1,3,1,14,4,41,5,5,15,10,60,TD
117922,5061,829840,BUF,9,KOFF,3,3,13,25,9,2,1,1,1,19,4,11,4,1,20,0,50,FG
117923,5061,829851,NYJ,8,KOFF,3,3,54,25,6,2,0,1,0,6,3,13,3,3,0,0,19,PUNT
117924,5061,829858,BUF,10,PUNT,4,4,33,15,8,8,4,1,0,60,5,25,3,3,0,0,85,TD
117925,5061,829868,NYJ,9,KOFF,4,4,26,25,6,1,0,1,0,3,2,16,4,4,0,0,19,PUNT
117926,5061,829875,BUF,11,PUNT,4,2,55,20,8,5,1,2,0,8,1,77,7,5,0,5,80,TD
117927,5061,829886,NYJ,10,KOFF,4,1,48,25,8,3,1,0,0,1,1,9,7,2,5,0,15,DWNS
117928,5061,829895,BUF,12,DWNS,4,1,0,60,3,0,0,0,0,5,3,0,0,0,0,0,5,PUNT
117929,5061,829899,NYJ,11,PUNT,4,0,12,20,2,1,0,1,0,0,0,13,2,2,0,0,13,ENDQ
117930,5062,829902,KC,1,KOFF,1,1,36,25,3,2,0,1,0,-1,1,76,2,2,0,0,75,TD
117931,5062,829907,JAC,1,KOFF,1,1,40,25,3,1,0,0,0,-1,1,7,2,1,0,0,6,PUNT
117932,5062,829911,KC,2,PUNT,1,2,47,21,6,3,0,2,0,5,1,65,4,3,0,0,70,FG
117933,5062,829918,JAC,2,KOFF,1,3,34,25,7,3,0,3,0,2,1,68,6,4,15,10,75,TD
117934,5062,829928,KC,3,KOFF,1,2,47,20,5,4,1,2,0,15,2,70,3,3,0,5,80,TD
117935,5062,829936,JAC,3,KOFF,1,6,0,25,9,4,1,2,0,23,4,43,4,4,0,10,56,FG
117936,5062,829947,KC,4,KOFF,2,3,40,25,7,2,0,2,0,5,2,63,4,3,0,0,68,FG
117937,5062,829956,JAC,4,KOFF,2,3,34,25,5,1,0,1,0,6,1,74,3,3,0,10,70,FG
117938,5062,829963,KC,5,KOFF,2,3,58,25,10,6,1,2,0,8,2,39,7,5,0,0,47,FG
117939,5062,829975,JAC,5,KOFF,2,0,24,25,2,1,0,0,0,0,0,11,2,2,0,10,1,ENDQ
117940,5062,829979,JAC,6,KOFF,3,6,10,25,9,5,1,1,0,29,5,20,4,4,0,0,49,FUM
117941,5062,829989,KC,6,FUM,3,6,25,40,12,7,3,2,2,6,5,43,7,5,11,0,60,TD
117942,5062,830005,JAC,7,KOFF,3,2,10,22,3,0,0,0,0,10,1,-3,2,0,0,10,-3,PUNT
117943,5062,830010,KC,7,PUNT,3,4,19,33,8,6,2,2,0,38,4,19,4,3,10,0,67,TD
117944,5062,830022,JAC,8,KOFF,4,3,29,21,8,6,1,3,0,12,3,67,4,4,0,0,79,TD
117945,5062,830031,KC,8,KOFF,4,2,2,54,4,0,0,0,0,2,2,3,2,1,0,10,-5,PUNT
117946,5062,830036,JAC,9,PUNT,4,0,11,20,1,0,0,0,0,0,0,0,1,0,0,0,0,INT
117947,5062,830037,KC,9,INT,4,1,41,88,4,1,0,0,0,5,2,0,1,0,0,10,-5,FG
117948,5062,830043,JAC,10,KOFF,4,1,38,25,6,4,0,3,1,0,0,60,6,5,15,0,75,TD
117949,5062,830052,KC,10,KOFF,4,1,55,53,5,4,2,0,0,30,5,0,0,0,0,0,30,ENDQ
117950,5063,830058,CAR,1,KOFF,1,3,26,25,6,4,1,1,0,22,2,23,4,3,0,0,45,FUM
117951,5063,830064,LA,1,FUM,1,3,52,33,8,4,0,2,1,0,0,25,8,5,0,0,25,PUNT
117952,5063,830074,CAR,2,PUNT,1,2,11,35,3,0,0,0,0,3,1,5,2,2,0,0,8,PUNT
117953,5063,830078,LA,2,PUNT,1,0,54,20,3,0,0,0,0,0,1,0,2,0,0,0,0,PUNT
117954,5063,830082,CAR,3,PUNT,1,3,56,25,9,4,1,2,0,14,4,31,4,2,0,5,40,MFG
117955,5063,830092,LA,3,MFG,1,1,58,43,7,2,0,1,0,4,3,22,3,1,0,0,26,FG
117956,5063,830100,CAR,4,KOFF,2,0,36,25,1,0,0,0,0,-5,1,0,0,0,0,10,-15,FUM
117957,5063,830102,LA,4,FUM,2,0,23,90,2,2,1,0,1,10,2,0,0,0,0,0,10,TD
117958,5063,830106,CAR,5,KOFF,2,3,12,32,4,1,1,0,0,13,2,-1,2,1,0,5,12,PUNT
117959,5063,830112,LA,5,PUNT,2,3,18,3,6,3,0,1,0,0,2,18,4,3,0,0,18,PUNT
117960,5063,830119,CAR,6,PUNT,2,1,18,27,3,0,0,0,0,1,1,5,2,1,0,0,6,PUNT
117961,5063,830123,LA,6,PUNT,2,3,54,29,9,2,1,1,0,22,4,11,4,2,0,0,33,FG
117962,5063,830133,CAR,7,KOFF,2,1,2,25,8,5,0,3,0,12,1,35,6,4,0,0,47,FG
117963,5063,830142,LA,7,KOFF,3,3,7,25,7,4,1,2,0,25,1,51,5,3,0,10,66,FG
117964,5063,830151,CAR,8,KOFF,3,3,25,40,8,5,1,3,0,18,4,42,4,3,0,0,60,TD
117965,5063,830161,LA,8,KOFF,3,5,37,25,13,9,2,3,1,24,6,30,7,5,21,0,75,TD
117966,5063,830178,CAR,9,KOFF,3,2,40,30,8,3,0,2,0,2,1,34,6,3,0,0,36,FG
117967,5063,830188,LA,9,KOFF,3,1,33,25,3,1,0,0,0,0,1,6,2,1,5,10,-2,BLPU
117968,5063,830194,CAR,10,BLPU,4,0,28,95,2,2,1,0,0,5,2,0,0,0,0,0,5,TD
117969,5063,830198,LA,10,KOFF,4,1,8,25,3,2,1,0,0,26,2,0,1,0,0,0,26,INT
117970,5063,830201,CAR,11,INT,4,1,31,29,3,0,0,0,0,0,1,4,2,1,0,0,4,PUNT
117971,5063,830205,LA,11,PUNT,4,3,54,43,7,6,2,2,0,41,5,16,2,2,0,0,57,TD
117972,5063,830214,CAR,12,KOFF,4,0,51,25,3,1,0,1,0,0,0,11,3,2,15,0,11,INT
117973,5063,830217,LA,12,INT,4,1,40,68,4,1,0,0,0,5,1,4,2,1,0,0,9,MFG
117974,5063,830221,CAR,13,MFG,4,2,9,31,9,6,3,1,0,42,3,27,6,3,0,0,69,TD
117975,5063,830232,LA,13,KOFF,4,1,57,50,4,2,1,0,0,9,4,0,0,0,0,0,9,ENDQ
117976,5064,830237,CLE,1,KOFF,1,4,49,27,8,6,3,3,0,24,3,64,5,4,0,15,73,TD
117977,5064,830248,TEN,1,KOFF,1,3,39,8,7,2,0,2,0,-1,2,59,4,3,15,0,73,FG
117978,5064,830256,CLE,2,KOFF,1,3,3,11,4,1,0,0,1,-3,1,-7,3,1,5,0,-5,PUNT
117979,5064,830262,TEN,2,PUNT,1,1,12,45,3,0,0,0,0,7,2,0,1,0,0,5,2,PUNT
117980,5064,830267,CLE,3,PUNT,1,2,28,7,5,1,0,1,0,6,2,22,3,2,0,0,28,PUNT
117981,5064,830273,TEN,3,PUNT,2,5,10,13,11,6,2,1,3,31,7,16,4,1,40,0,87,TD
117982,5064,830290,CLE,4,KOFF,2,1,12,30,3,1,0,0,0,9,1,0,2,0,0,0,9,PUNT
117983,5064,830294,TEN,4,PUNT,2,3,24,15,7,4,1,1,0,26,2,3,5,2,0,0,29,PUNT
117984,5064,830302,CLE,5,PUNT,2,1,33,28,3,0,0,0,0,2,1,10,2,1,0,15,-3,PUNT
117985,5064,830306,TEN,5,PUNT,2,1,43,28,3,0,0,0,0,-1,1,0,2,1,0,0,-1,PUNT
117986,5064,830310,CLE,6,PUNT,2,0,5,3,1,0,0,0,0,0,0,-2,1,0,0,1,-3,SAF
117987,5064,830313,TEN,6,KOFF,2,0,45,41,4,1,0,1,0,0,0,11,4,1,0,0,11,PUNT
117988,5064,830318,CLE,7,PUNT,2,0,57,13,6,3,0,2,0,0,0,42,6,4,0,10,32,ENDQ
117989,5064,830326,TEN,7,KOFF,3,3,7,21,5,1,0,1,0,2,1,42,3,2,0,0,44,FG
117990,5064,830332,CLE,8,KOFF,3,3,30,25,5,2,1,1,0,18,2,22,3,3,0,10,30,PUNT
117991,5064,830339,TEN,8,PUNT,3,2,31,6,3,1,0,0,0,8,2,-2,1,1,0,5,6,PUNT
117992,5064,830344,CLE,9,PUNT,3,3,42,39,6,4,0,3,0,2,1,74,5,5,0,15,61,TD
117993,5064,830354,TEN,9,KOFF,3,0,13,25,1,1,0,1,0,0,0,75,1,1,0,0,75,TD
117994,5064,830357,CLE,10,KOFF,3,2,46,25,6,3,0,2,0,16,3,14,3,2,0,10,20,INT
117995,5064,830364,TEN,10,INT,4,1,39,65,4,3,1,1,0,19,3,11,1,1,5,0,35,TD
117996,5064,830370,CLE,11,KOFF,4,1,15,25,3,1,0,0,0,6,1,0,2,1,0,0,6,INT
117997,5064,830373,TEN,11,INT,4,2,14,66,4,4,2,1,0,27,3,7,1,1,0,0,34,TD
117998,5064,830379,CLE,12,KOFF,4,3,27,28,8,2,0,1,1,13,1,5,7,2,16,10,24,DWNS
117999,5064,830389,TEN,12,DWNS,4,2,25,48,4,1,0,0,0,7,3,-6,1,0,0,15,-14,PUNT
118000,5064,830394,CLE,13,PUNT,4,0,9,30,1,0,0,0,0,0,0,0,1,0,0,0,0,INT
118001,5064,830397,CLE,14,KOFF,4,1,46,25,4,0,0,0,0,9,4,0,0,0,0,0,9,DWNS
118002,5064,830401,TEN,13,DWNS,4,1,16,66,2,0,0,0,0,-2,2,0,0,0,0,0,-2,ENDQ
118003,5065,830404,WAS,1,KOFF,1,4,6,20,7,5,0,3,0,9,3,71,4,4,0,0,80,TD
118004,5065,830413,PHI,1,KOFF,1,2,11,25,5,2,0,1,0,8,2,11,3,1,0,15,4,PUNT
118005,5065,830419,WAS,2,PUNT,1,5,55,20,11,5,0,3,0,6,3,61,7,5,0,10,57,FG
118006,5065,830432,PHI,2,KOFF,1,6,59,25,12,7,2,1,0,16,5,25,7,6,5,0,46,DWNS
118007,5065,830445,WAS,3,DWNS,2,0,52,29,2,1,0,1,0,2,1,69,1,1,0,0,71,TD
118008,5065,830449,PHI,3,KOFF,2,1,55,25,3,1,0,0,0,-2,1,9,2,2,0,0,7,PUNT
118009,5065,830453,WAS,4,PUNT,2,2,15,14,3,0,0,0,0,5,1,5,2,1,0,7,3,PUNT
118010,5065,830458,PHI,4,PUNT,2,1,28,38,5,2,0,2,0,0,1,62,4,2,0,0,62,TD
118011,5065,830465,WAS,5,KOFF,2,1,52,25,3,1,0,0,0,9,2,0,1,0,0,0,9,PUNT
118012,5065,830470,PHI,5,PUNT,2,0,46,18,3,0,0,0,0,0,0,5,3,1,0,0,5,PUNT
118013,5065,830474,WAS,6,PUNT,2,1,41,29,9,4,0,2,0,0,0,41,8,5,5,5,41,FG
118014,5065,830486,PHI,6,KOFF,3,7,10,25,12,7,4,2,0,53,9,22,3,3,0,0,75,TD
118015,5065,830500,WAS,7,KOFF,3,2,28,25,3,0,0,0,0,-5,2,11,1,1,0,5,1,PUNT
118016,5065,830505,PHI,7,PUNT,3,0,15,47,3,1,0,1,0,0,0,53,3,1,0,0,53,TD
118017,5065,830510,WAS,8,KOFF,3,0,30,27,3,0,0,0,0,0,0,0,3,0,0,0,0,PUNT
118018,5065,830514,PHI,8,PUNT,3,4,42,29,10,8,1,3,0,8,4,63,5,5,0,0,71,TD
118019,5065,830525,WAS,9,KOFF,4,2,50,21,4,2,0,0,0,2,1,22,3,3,0,20,4,PUNT
118020,5065,830531,PHI,9,PUNT,4,8,55,22,19,12,2,3,0,41,8,63,10,7,0,30,74,FG
118021,5065,830553,WAS,10,KOFF,4,3,5,25,16,8,0,6,0,0,0,90,16,10,4,20,75,TD
118022,5065,830573,PHI,10,KOFF,4,0,5,60,1,0,0,0,0,-1,1,0,0,0,0,0,-1,ENDQ
118023,5066,830575,CIN,1,KOFF,1,3,9,25,7,2,0,2,0,0,0,24,7,4,0,0,24,PUNT
118024,5066,830583,SEA,1,PUNT,1,1,25,20,3,0,0,0,0,1,1,6,2,1,0,0,7,PUNT
118025,5066,830587,CIN,2,PUNT,1,7,38,28,13,6,0,3,1,4,3,57,9,6,5,15,51,FG
118026,5066,830604,SEA,2,KOFF,1,2,8,25,3,0,0,0,0,8,2,-10,1,0,0,0,-2,PUNT
118027,5066,830608,SEA,3,PUNT,1,2,30,57,5,2,1,0,0,3,1,-4,4,2,0,5,-1,PUNT
118028,5066,830615,CIN,3,PUNT,2,1,58,11,3,1,0,0,0,0,0,4,3,1,0,5,-1,PUNT
118029,5066,830620,SEA,4,PUNT,2,4,36,52,7,6,2,2,0,21,5,28,2,2,4,5,48,TD
118030,5066,830631,CIN,4,KOFF,2,1,24,25,3,3,0,2,0,0,0,75,3,3,0,0,75,TD
118031,5066,830636,SEA,5,KOFF,2,1,37,25,3,0,0,0,0,5,2,0,1,0,0,0,5,PUNT
118032,5066,830640,CIN,5,PUNT,2,1,42,30,3,1,0,0,0,5,2,4,1,1,0,0,9,PUNT
118033,5066,830644,SEA,6,PUNT,2,1,1,23,6,3,0,3,1,3,1,59,5,3,15,0,77,TD
118034,5066,830652,CIN,6,KOFF,2,0,45,25,4,2,0,2,0,0,0,75,4,3,0,0,75,TD
118035,5066,830658,SEA,7,KOFF,2,0,7,25,1,0,0,0,0,-1,1,0,0,0,0,0,-1,ENDQ
118036,5066,830660,SEA,8,KOFF,3,0,12,25,1,0,0,0,0,0,0,11,1,1,0,0,11,FUM
118037,5066,830661,CIN,7,FUM,3,1,25,72,3,1,0,1,1,1,1,8,2,1,0,0,9,FUM
118038,5066,830664,SEA,9,FUM,3,1,39,24,3,0,0,0,1,-7,2,2,1,1,0,0,-5,PUNT
118039,5066,830668,CIN,8,PUNT,3,4,7,30,7,1,0,1,0,8,5,35,1,1,0,0,43,MFG
118040,5066,830675,SEA,10,MFG,3,2,7,35,3,0,0,0,0,0,0,-5,3,1,0,0,-5,PUNT
118041,5066,830679,CIN,9,PUNT,3,3,29,8,9,4,1,2,0,11,2,45,7,4,0,0,56,DWNS
118042,5066,830688,SEA,11,DWNS,3,2,8,36,4,3,0,2,0,5,2,69,2,2,0,10,64,TD
118043,5066,830695,CIN,10,KOFF,4,7,53,25,13,5,0,4,1,5,1,47,11,7,25,10,67,FG
118044,5066,830713,SEA,12,KOFF,4,1,30,25,3,0,0,0,0,1,1,5,2,1,0,0,6,PUNT
118045,5066,830717,CIN,11,PUNT,4,2,8,29,6,2,0,1,0,0,0,15,6,3,0,0,15,PUNT
118046,5066,830724,SEA,13,PUNT,4,3,1,6,6,3,1,0,0,34,6,0,0,0,0,5,29,PUNT
118047,5066,830732,CIN,12,PUNT,4,0,12,25,2,1,0,0,0,0,0,6,2,1,0,0,6,FUM
118048,5066,830734,SEA,14,FUM,4,0,9,56,1,0,0,0,1,-1,1,0,0,0,0,0,-1,ENDQ
118049,5067,830736,LAC,1,KOFF,1,2,15,39,3,0,0,0,0,2,1,-4,2,1,0,0,-2,PUNT
118050,5067,830740,IND,1,PUNT,1,3,35,14,5,1,0,1,0,1,2,4,3,2,0,0,5,PUNT
118051,5067,830746,LAC,2,PUNT,1,6,15,32,11,7,3,1,0,41,5,25,6,5,2,0,68,TD
118052,5067,830760,IND,2,KOFF,1,7,53,25,14,10,3,2,0,27,7,48,7,6,0,0,75,TD
118053,5067,830776,LAC,3,KOFF,2,4,4,25,6,5,0,4,0,5,1,75,5,4,0,5,75,TD
118054,5067,830785,IND,3,KOFF,2,1,39,25,3,0,0,0,0,2,2,0,1,0,0,0,1,PUNT
118055,5067,830789,LAC,4,PUNT,2,3,17,54,10,3,1,1,0,12,3,12,6,1,0,0,24,FG
118056,5067,830800,IND,4,KOFF,2,1,2,21,5,3,0,3,0,0,0,51,4,4,0,0,51,MFG
118057,5067,830806,IND,5,KOFF,3,3,45,25,8,4,3,0,0,49,6,0,1,0,0,0,49,FG
118058,5067,830815,LAC,5,KOFF,3,2,48,25,4,2,0,2,0,0,1,70,3,3,5,0,75,TD
118059,5067,830822,IND,6,KOFF,3,0,47,25,2,2,1,1,0,63,1,12,1,1,0,0,75,TD
118060,5067,830826,LAC,6,KOFF,3,3,36,25,5,1,1,0,0,22,2,-5,3,1,0,0,17,PUNT
118061,5067,830832,IND,7,PUNT,3,3,29,10,5,2,1,0,0,5,1,18,4,3,0,0,23,PUNT
118062,5067,830838,IND,8,PUNT,3,2,7,73,7,2,1,0,0,15,3,1,3,1,0,0,16,MFG
118063,5067,830845,LAC,7,MFG,4,4,58,20,8,5,0,3,0,3,2,80,6,4,0,10,73,INT
118064,5067,830854,IND,9,INT,4,7,52,20,17,12,4,2,0,41,11,39,5,4,0,0,80,TD
118065,5067,830872,LAC,8,KOFF,4,0,38,25,5,3,0,1,0,6,1,16,4,3,3,5,20,ENDQ
118066,5067,830880,LAC,9,KOFF,5,5,30,25,8,6,3,2,0,34,5,41,3,3,0,0,75,TD
118067,5068,830889,DET,1,KOFF,1,3,0,25,5,3,1,0,0,9,3,15,2,2,0,0,24,PUNT
118068,5068,830895,ARI,1,PUNT,1,1,41,10,3,0,0,0,0,4,1,6,2,1,0,5,5,PUNT
118069,5068,830900,DET,2,PUNT,1,1,29,27,4,2,0,1,0,4,1,28,3,1,0,0,32,PUNT
118070,5068,830905,ARI,2,PUNT,1,1,59,1,6,2,0,1,0,6,1,-2,5,1,0,0,4,INT
118071,5068,830911,DET,3,INT,1,0,12,76,1,0,0,0,0,0,0,-10,1,0,0,0,-10,FUM
118072,5068,830912,ARI,3,FUM,1,1,54,34,3,2,0,0,1,9,3,0,0,0,0,0,9,PUNT
118073,5068,830916,DET,4,PUNT,1,5,38,20,10,5,1,2,0,15,5,28,4,3,0,0,43,FG
118074,5068,830927,ARI,4,KOFF,2,0,57,16,3,0,0,0,0,2,1,0,2,0,0,0,2,PUNT
118075,5068,830931,DET,5,PUNT,2,0,47,49,2,2,0,1,0,4,1,47,1,1,0,0,51,TD
118076,5068,830935,ARI,5,KOFF,2,2,36,22,4,1,0,1,0,0,0,11,4,3,0,0,11,PUNT
118077,5068,830940,DET,6,PUNT,2,6,9,5,9,7,1,3,1,20,5,65,4,4,10,0,95,TD
118078,5068,830953,ARI,6,KOFF,2,1,58,25,6,1,0,1,0,3,2,8,4,1,0,0,11,PUNT
118079,5068,830960,ARI,7,PUNT,2,0,21,92,4,1,0,0,0,7,1,-1,2,0,0,0,6,FG
118080,5068,830965,DET,7,KOFF,2,1,4,25,6,2,0,1,0,0,0,17,6,2,5,5,17,PUNT
118081,5068,830974,ARI,8,PUNT,2,0,15,18,1,1,0,0,0,5,1,0,0,0,0,0,5,ENDQ
118082,5068,830976,ARI,9,KOFF,3,1,33,32,3,0,0,0,0,0,0,-3,3,1,0,0,-3,PUNT
118083,5068,830980,DET,8,PUNT,3,2,43,31,3,0,0,0,0,6,1,7,2,1,0,10,3,PUNT
118084,5068,830985,ARI,10,PUNT,3,0,56,24,3,0,0,0,0,3,1,0,2,0,0,0,3,PUNT
118085,5068,830989,DET,9,PUNT,3,2,36,20,3,0,0,0,0,2,2,12,1,1,0,9,5,PUNT
118086,5068,830994,ARI,11,PUNT,3,2,34,34,8,3,1,1,0,21,2,21,5,2,0,0,42,FG
118087,5068,831003,DET,10,KOFF,3,4,51,18,10,5,0,4,0,10,3,77,7,5,0,5,82,TD
118088,5068,831016,ARI,12,KOFF,4,3,38,26,10,3,1,1,0,17,3,51,6,3,0,10,58,FG
118089,5068,831029,DET,11,KOFF,4,2,17,29,3,1,0,0,0,4,2,3,1,1,0,0,7,PUNT
118090,5068,831033,ARI,13,PUNT,4,2,55,30,7,6,0,4,0,0,0,70,7,7,5,5,70,TD
118091,5068,831044,DET,12,KOFF,4,3,26,17,8,6,1,1,0,26,6,6,2,1,0,0,32,PUNT
118092,5068,831053,ARI,14,PUNT,4,1,48,40,10,6,1,3,0,22,3,33,6,5,5,0,60,TD
118093,5068,831065,DET,13,KOFF,4,0,43,25,4,1,0,1,0,0,0,12,4,1,0,0,12,PUNT
118094,5068,831071,ARI,15,KOFF,5,2,43,25,7,3,0,2,0,5,2,60,4,2,0,0,65,FG
118095,5068,831079,DET,14,KOFF,5,3,29,25,8,4,1,2,0,16,3,44,4,2,0,0,60,FG
118096,5068,831088,ARI,16,KOFF,5,2,49,25,9,4,0,2,0,8,2,21,7,3,0,0,29,PUNT
118097,5068,831098,DET,15,PUNT,5,1,14,5,6,2,0,1,0,0,0,10,6,2,0,5,5,DWNS
118098,5069,831106,DAL,1,KOFF,1,2,47,25,6,2,0,2,0,7,2,22,4,2,0,0,29,PUNT
118099,5069,831113,NYG,1,PUNT,1,4,7,9,7,6,2,2,0,64,3,24,4,4,2,0,91,TD
118100,5069,831122,DAL,2,KOFF,1,4,47,25,11,7,0,4,0,9,3,76,8,6,0,10,75,TD
118101,5069,831135,NYG,2,KOFF,1,3,1,25,6,4,1,1,0,12,2,28,4,2,0,10,40,PUNT
118102,5069,831142,DAL,3,PUNT,1,4,59,7,9,6,0,5,0,8,3,95,6,6,0,10,93,TD
118103,5069,831154,NYG,3,KOFF,2,2,23,25,4,1,0,1,0,3,1,19,3,2,0,5,17,PUNT
118104,5069,831160,DAL,4,PUNT,2,6,43,17,13,9,2,3,0,25,5,63,8,6,10,15,83,TD
118105,5069,831179,NYG,4,KOFF,2,1,13,25,8,5,0,2,0,0,0,31,8,5,0,0,31,DWNS
118106,5069,831188,NYG,5,KOFF,3,4,1,15,11,4,1,2,0,14,3,61,7,3,0,0,75,FG
118107,5069,831200,DAL,5,KOFF,3,1,11,25,3,3,0,2,0,5,1,70,2,2,0,0,75,TD
118108,5069,831205,NYG,6,KOFF,3,4,35,25,9,6,0,3,0,12,3,52,6,4,0,0,64,DWNS
118109,5069,831214,DAL,6,DWNS,3,3,59,11,7,5,2,1,0,22,5,67,2,2,0,0,89,TD
118110,5069,831223,NYG,7,KOFF,3,2,37,13,6,2,1,0,0,11,1,20,5,3,0,10,21,PUNT
118111,5069,831231,DAL,7,PUNT,4,2,53,34,5,2,0,1,0,10,3,12,2,1,0,0,22,PUNT
118112,5069,831237,NYG,8,PUNT,4,2,51,10,5,1,0,1,0,0,0,22,5,4,0,10,12,PUNT
118113,5069,831244,DAL,8,PUNT,4,2,39,38,3,0,0,0,0,5,3,0,0,0,0,10,-5,PUNT
118114,5069,831249,NYG,9,PUNT,4,2,25,25,6,6,3,3,0,30,3,45,3,3,0,0,75,TD
118115,5069,831257,DAL,9,KOFF,4,1,3,16,3,0,0,0,0,0,3,0,0,0,0,0,0,PUNT
118116,5069,831261,NYG,10,PUNT,4,0,29,39,5,3,0,1,0,5,1,17,4,3,0,0,22,FUM
118117,5069,831266,DAL,10,FUM,4,1,17,38,2,0,0,0,1,-2,2,0,0,0,0,0,-2,ENDQ
118118,5070,831269,TB,1,KOFF,1,1,32,24,3,0,0,0,0,3,1,3,2,1,0,0,6,PUNT
118119,5070,831273,SF,1,PUNT,1,2,20,67,6,2,0,1,0,6,2,26,3,2,0,10,22,FG
118120,5070,831281,TB,2,KOFF,1,3,36,18,8,1,1,0,1,18,4,0,4,0,21,5,34,PUNT
118121,5070,831293,SF,2,PUNT,1,2,31,9,4,3,1,0,0,11,2,9,2,2,0,0,20,PUNT
118122,5070,831298,TB,3,PUNT,1,8,10,17,16,6,1,4,0,14,6,63,10,7,15,20,74,FUM
118123,5070,831315,SF,3,FUM,2,3,10,8,6,1,0,1,1,-1,3,15,3,2,0,10,4,INT
118124,5070,831323,SF,4,KOFF,2,5,46,25,11,2,0,1,2,11,5,47,5,4,14,15,57,FG
118125,5070,831338,TB,4,KOFF,2,0,6,25,1,0,0,0,0,0,0,0,1,0,0,0,0,INT
118126,5070,831339,SF,5,INT,2,2,39,71,6,3,0,1,0,9,2,-5,4,3,0,0,4,FUM
118127,5070,831345,TB,5,FUM,2,0,10,29,1,0,0,0,1,-1,1,0,0,0,0,0,-1,ENDQ
118128,5070,831347,SF,6,KOFF,3,2,29,25,7,2,0,2,1,3,3,49,4,2,23,0,75,TD
118129,5070,831357,TB,6,KOFF,3,0,47,25,2,0,0,0,0,0,1,0,1,0,0,0,-3,INT
118130,5070,831361,TB,7,KOFF,3,6,1,25,11,8,2,3,0,26,4,49,7,5,0,0,75,TD
118131,5070,831374,SF,7,KOFF,3,3,5,25,8,4,3,0,0,36,5,0,2,0,0,0,36,MFG
118132,5070,831382,TB,8,MFG,3,4,34,47,9,5,2,1,0,33,5,26,4,2,2,10,51,DWNS
118133,5070,831392,SF,8,DWNS,4,4,43,2,6,3,1,0,0,5,5,6,1,1,0,9,2,PUNT
118134,5070,831401,TB,9,PUNT,4,3,34,59,6,3,1,0,1,28,4,-5,1,0,5,0,28,FG
118135,5070,831409,SF,9,KOFF,4,2,30,25,8,3,1,1,0,20,3,11,4,2,15,0,46,FG
118136,5070,831418,TB,10,KOFF,4,0,16,21,1,0,0,0,0,0,0,0,1,0,0,0,0,INT
118137,5070,831421,TB,11,KOFF,4,1,10,25,8,4,0,2,0,0,0,38,8,5,0,0,38,DWNS
118138,5070,831429,SF,10,DWNS,4,0,51,37,2,0,0,0,0,-2,2,0,0,0,0,0,-2,ENDQ
118139,5071,831432,NE,1,KOFF,1,3,6,20,6,2,1,0,0,15,5,0,1,0,0,0,15,PUNT
118140,5071,831439,PIT,1,PUNT,1,4,0,12,7,4,1,1,0,11,4,16,3,2,0,0,27,PUNT
118141,5071,831447,NE,2,PUNT,1,3,8,18,7,5,0,4,0,15,2,77,5,4,0,10,82,TD
118142,5071,831457,PIT,2,KOFF,1,2,30,25,3,0,0,0,0,2,1,12,2,2,0,15,-1,PUNT
118143,5071,831463,NE,3,PUNT,1,5,24,38,12,8,3,1,0,9,4,46,7,5,0,0,55,FG
118144,5071,831476,PIT,3,KOFF,2,1,52,21,3,1,0,0,0,0,1,9,2,2,0,0,9,PUNT
118145,5071,831480,NE,4,PUNT,2,0,48,35,3,0,0,0,0,3,1,0,2,0,0,0,3,PUNT
118146,5071,831484,PIT,4,PUNT,2,2,14,30,3,2,0,0,0,5,3,0,0,0,5,0,10,PUNT
118147,5071,831489,NE,5,PUNT,2,3,9,20,6,5,0,4,0,7,2,73,4,4,0,0,80,TD
118148,5071,831497,PIT,5,KOFF,2,1,52,25,7,1,0,1,0,0,0,28,7,3,0,0,28,DWNS
118149,5071,831504,NE,6,DWNS,2,1,40,47,8,4,0,2,0,0,0,30,7,4,0,0,30,FG
118150,5071,831513,PIT,6,KOFF,2,0,17,25,1,1,0,0,0,4,1,0,0,0,0,0,4,ENDQ
118151,5071,831515,PIT,7,KOFF,3,4,43,25,11,6,0,2,1,10,2,57,8,3,5,0,74,FG
118152,5071,831528,NE,7,KOFF,3,2,12,25,4,2,0,2,0,-3,1,78,3,3,0,0,75,TD
118153,5071,831534,PIT,8,KOFF,3,2,45,28,5,2,0,1,0,0,0,30,5,2,5,10,25,PUNT
118154,5071,831542,NE,8,PUNT,3,5,7,10,9,5,2,1,0,27,4,46,4,3,0,0,73,FG
118155,5071,831552,PIT,9,KOFF,3,2,47,25,8,4,0,2,0,0,0,30,8,5,0,0,30,DWNS
118156,5071,831560,NE,9,DWNS,4,5,48,45,13,6,2,1,0,29,7,16,5,2,9,20,34,FG
118157,5071,831576,PIT,10,KOFF,4,2,21,25,5,1,0,1,1,0,1,29,4,2,10,5,34,INT
118158,5071,831583,NE,10,INT,4,2,11,20,3,0,0,0,0,-3,3,0,0,0,0,0,-3,PUNT
118159,5071,831587,PIT,11,PUNT,4,2,6,45,9,3,0,2,0,0,0,65,9,6,0,15,50,ENDQ
118160,5072,831597,HOU,1,KOFF,1,2,21,25,5,2,1,0,0,13,2,-6,3,0,0,5,2,PUNT
118161,5072,831604,NO,1,PUNT,1,3,31,14,5,2,0,1,0,0,0,41,5,5,0,0,41,PUNT
118162,5072,831610,HOU,2,PUNT,1,2,11,10,4,1,1,0,0,11,1,2,3,1,0,0,13,PUNT
118163,5072,831615,NO,2,PUNT,1,4,2,51,8,4,0,2,0,13,3,25,5,3,0,0,38,INT
118164,5072,831623,HOU,3,INT,1,3,42,6,7,4,1,2,0,29,3,75,4,3,0,10,94,TD
118165,5072,831633,NO,3,KOFF,2,4,51,21,11,5,0,3,0,8,3,57,7,4,0,0,65,FG
118166,5072,831645,HOU,4,KOFF,2,7,35,25,16,9,1,4,0,32,7,48,9,8,10,15,75,TD
118167,5072,831667,NO,4,KOFF,2,1,47,25,7,3,0,3,0,0,0,37,6,4,0,0,37,MFG
118168,5072,831675,NO,5,KOFF,3,2,9,17,5,3,1,2,0,31,2,52,3,2,0,0,83,TD
118169,5072,831682,HOU,5,KOFF,3,4,31,25,9,5,2,2,0,39,5,31,4,2,5,0,75,TD
118170,5072,831694,NO,6,KOFF,3,5,41,25,11,9,2,4,0,20,4,55,7,6,15,0,75,TD
118171,5072,831707,HOU,6,KOFF,3,0,51,16,3,0,0,0,0,2,1,0,2,0,0,15,2,INT
118172,5072,831710,NO,7,INT,3,1,53,51,4,3,1,1,0,26,1,21,3,3,0,0,49,TD
118173,5072,831716,HOU,7,KOFF,4,4,8,25,6,2,1,1,0,18,1,0,5,3,0,0,18,PUNT
118174,5072,831724,NO,8,PUNT,4,3,3,28,4,1,1,0,0,33,3,-8,1,0,0,10,15,PUNT
118175,5072,831730,HOU,8,PUNT,4,4,15,4,7,3,1,1,0,36,3,9,4,1,0,4,41,PUNT
118176,5072,831739,NO,9,PUNT,4,2,39,7,8,4,1,1,0,17,5,47,2,2,0,0,64,FG
118177,5072,831748,HOU,9,KOFF,4,0,13,25,2,2,0,2,0,0,0,75,2,2,8,0,75,TD
118178,5072,831753,NO,10,KOFF,4,0,37,25,6,3,0,2,0,0,0,35,5,3,0,0,35,FG
118179,5073,831760,OAK,1,KOFF,1,6,8,28,10,8,1,4,0,19,5,58,5,5,0,5,72,TD
118180,5073,831773,DEN,1,KOFF,1,2,17,25,3,0,0,0,0,-5,1,11,2,2,0,0,6,PUNT
118181,5073,831777,OAK,2,PUNT,1,4,6,14,7,2,0,2,0,3,1,41,6,5,0,10,34,PUNT
118182,5073,831786,DEN,2,PUNT,1,5,24,20,8,2,0,2,0,9,4,38,4,2,10,20,37,PUNT
118183,5073,831798,OAK,3,PUNT,2,8,35,5,13,9,3,2,0,19,7,79,6,6,0,3,95,TD
118184,5073,831815,DEN,3,KOFF,2,3,30,25,11,6,1,1,1,11,2,23,8,4,15,20,29,MFG
118185,5073,831831,DEN,4,KOFF,3,5,40,25,12,6,1,2,0,27,6,40,5,3,0,0,67,FG
118186,5073,831844,OAK,4,KOFF,3,2,17,25,3,1,0,0,0,3,2,6,1,1,0,0,9,PUNT
118187,5073,831848,DEN,5,PUNT,3,3,21,24,10,6,2,1,0,50,6,4,3,1,14,0,68,FG
118188,5073,831859,OAK,5,KOFF,3,2,24,25,6,3,1,0,0,18,2,8,4,1,0,0,26,PUNT
118189,5073,831866,DEN,6,PUNT,3,1,27,5,3,1,0,0,0,-2,1,9,2,1,0,0,7,PUNT
118190,5073,831870,OAK,6,PUNT,4,2,59,40,5,3,1,2,0,3,2,57,3,3,0,0,60,TD
118191,5073,831877,DEN,7,KOFF,4,3,13,25,6,2,0,1,0,4,2,50,3,2,0,0,54,FG
118192,5073,831884,OAK,7,KOFF,4,4,1,70,6,3,1,0,0,19,5,0,0,0,0,0,19,FG
118193,5073,831891,DEN,8,KOFF,4,2,23,25,8,6,0,4,0,1,1,74,7,6,0,0,75,TD
118194,5073,831901,OAK,8,KOFF,4,2,15,25,5,2,1,1,0,14,4,10,1,1,0,0,24,ENDQ
118195,5074,831907,TB,1,KOFF,1,1,59,25,4,1,0,1,0,-4,1,22,3,2,0,0,18,PUNT
118196,5074,831912,CAR,1,PUNT,1,4,30,10,9,4,1,2,0,16,5,27,4,4,0,0,43,DWNS
118197,5074,831921,TB,2,DWNS,1,2,55,47,6,2,0,1,0,10,3,22,2,1,0,0,32,FG
118198,5074,831928,CAR,2,KOFF,1,2,44,25,8,3,0,2,0,2,1,59,6,3,0,0,61,FG
118199,5074,831937,TB,3,KOFF,1,2,12,25,3,1,0,0,0,2,1,12,2,2,0,5,9,PUNT
118200,5074,831942,CAR,3,PUNT,1,3,8,22,6,2,1,0,0,14,4,0,2,0,4,15,3,PUNT
118201,5074,831951,TB,4,PUNT,2,2,37,22,3,0,0,0,0,-2,1,8,2,1,0,10,-4,PUNT
118202,5074,831957,CAR,4,PUNT,2,1,29,58,5,2,0,1,0,0,0,23,4,2,0,0,23,FG
118203,5074,831963,TB,5,KOFF,2,2,52,25,5,3,1,0,0,13,2,16,3,2,0,10,19,PUNT
118204,5074,831970,CAR,5,PUNT,2,1,47,7,4,1,0,1,0,2,1,11,3,1,0,0,13,PUNT
118205,5074,831975,TB,6,PUNT,2,2,27,28,5,4,0,3,0,6,2,66,3,3,0,0,72,TD
118206,5074,831982,CAR,6,KOFF,2,1,20,25,9,4,0,3,0,-2,1,41,7,4,0,0,39,FG
118207,5074,831992,CAR,7,KOFF,3,1,38,25,4,1,0,1,0,0,0,25,4,1,0,0,25,PUNT
118208,5074,831997,TB,7,PUNT,3,2,1,8,3,0,0,0,0,1,2,0,1,0,0,4,-3,PUNT
118209,5074,832002,CAR,8,PUNT,3,3,30,38,6,1,0,1,0,0,2,29,3,1,0,0,29,FG
118210,5074,832009,TB,8,KOFF,3,3,31,25,7,4,3,2,1,36,5,24,2,1,15,0,75,TD
118211,5074,832018,CAR,9,KOFF,3,1,26,25,4,1,0,1,0,3,2,11,2,1,5,0,19,FUM
118212,5074,832023,TB,9,FUM,3,2,54,55,7,2,1,1,1,11,3,10,3,1,0,0,21,MFG
118213,5074,832030,CAR,10,MFG,4,1,23,32,4,2,0,1,0,0,0,26,4,2,0,10,16,PUNT
118214,5074,832036,TB,10,PUNT,4,0,16,3,2,0,0,0,0,-2,1,0,1,0,0,1,-3,SAF
118215,5074,832040,CAR,11,KOFF,4,1,42,46,4,1,0,0,0,4,2,0,2,0,5,0,9,DWNS
118216,5074,832045,TB,11,DWNS,4,2,15,46,3,0,0,0,0,0,0,-15,3,1,0,0,-15,PUNT
118217,5074,832049,CAR,12,PUNT,4,0,26,21,3,0,0,0,0,0,0,0,3,0,0,0,0,PUNT
118218,5074,832053,TB,12,PUNT,4,6,32,33,11,5,1,2,0,29,7,24,3,2,0,0,53,FG
118219,5074,832065,CAR,13,KOFF,4,1,4,25,11,5,0,4,1,0,1,61,10,6,12,0,73,DWNS
118220,5074,832077,TB,13,DWNS,4,1,22,2,3,0,0,0,0,0,3,0,0,0,0,0,0,ENDQ
118221,5075,832081,ARI,1,KOFF,1,2,58,25,5,2,1,0,0,10,2,9,3,3,0,0,19,PUNT
118222,5075,832087,BAL,1,PUNT,1,3,56,6,7,6,1,4,0,20,2,74,5,5,0,0,94,TD
118223,5075,832096,ARI,2,KOFF,1,1,34,23,3,0,0,0,0,2,2,0,1,0,0,0,2,PUNT
118224,5075,832100,BAL,2,PUNT,1,1,58,50,4,1,0,0,0,1,2,6,2,1,0,0,7,DWNS
118225,5075,832104,ARI,3,DWNS,1,2,16,43,7,4,0,2,0,2,1,51,5,4,0,0,53,FG
118226,5075,832112,BAL,3,KOFF,1,3,11,25,9,3,2,1,0,31,3,29,5,2,0,0,60,FG
118227,5075,832122,ARI,4,KOFF,2,5,36,14,13,6,0,3,0,-1,2,89,10,8,0,5,83,FG
118228,5075,832137,BAL,4,KOFF,2,4,42,15,9,7,2,4,0,30,4,55,5,4,15,0,85,TD
118229,5075,832148,ARI,5,KOFF,2,1,6,6,6,2,0,1,0,4,1,13,5,1,0,0,17,PUNT
118230,5075,832155,BAL,5,PUNT,2,1,44,45,3,0,0,0,0,2,2,-7,1,0,5,9,-9,PUNT
118231,5075,832161,ARI,6,PUNT,2,0,59,17,4,1,0,1,0,0,0,17,4,1,0,0,17,ENDQ
118232,5075,832166,BAL,6,KOFF,3,2,12,25,3,1,0,0,0,11,1,-2,2,1,0,5,4,PUNT
118233,5075,832171,ARI,7,PUNT,3,3,48,17,9,4,0,3,0,2,2,71,6,4,8,0,81,FG
118234,5075,832183,BAL,7,KOFF,3,9,4,20,16,5,0,4,1,35,5,36,10,6,14,15,70,FG
118235,5075,832203,ARI,8,KOFF,4,2,4,21,5,5,1,2,0,1,1,78,3,3,0,0,79,TD
118236,5075,832210,BAL,8,KOFF,4,3,56,25,9,4,1,2,0,16,3,26,5,3,0,0,42,FG
118237,5075,832220,ARI,9,KOFF,4,1,26,25,3,0,0,0,0,0,0,1,3,1,0,0,1,PUNT
118238,5075,832224,BAL,9,PUNT,4,3,42,31,7,3,2,0,0,24,4,0,3,1,0,0,24,PUNT
118239,5075,832232,ARI,10,PUNT,4,0,35,9,3,0,0,0,0,0,0,0,3,0,0,6,-6,PUNT
118240,5075,832238,BAL,10,PUNT,4,3,13,45,8,3,1,1,0,12,7,41,1,1,0,5,48,ENDQ
118241,5076,832248,NYG,1,KOFF,1,2,24,25,5,5,3,0,0,75,5,0,0,0,0,0,75,TD
118242,5076,832255,BUF,1,KOFF,1,2,14,25,3,1,0,0,0,4,1,-1,2,1,0,0,3,PUNT
118243,5076,832259,NYG,2,PUNT,1,0,53,30,3,1,0,0,0,5,1,0,2,0,0,5,0,PUNT
118244,5076,832264,BUF,2,PUNT,1,5,46,25,10,8,2,3,0,29,6,46,4,4,0,0,75,TD
118245,5076,832276,NYG,3,KOFF,1,1,4,22,3,0,0,0,0,1,1,0,2,0,0,0,1,PUNT
118246,5076,832280,BUF,3,PUNT,1,4,15,30,11,6,1,4,0,23,3,51,8,4,0,4,70,TD
118247,5076,832294,NYG,4,KOFF,2,1,28,25,4,1,0,1,0,1,1,14,3,1,0,0,15,PUNT
118248,5076,832299,BUF,4,PUNT,2,4,26,2,7,6,1,4,0,5,2,103,5,5,0,10,98,TD
118249,5076,832309,NYG,5,KOFF,2,5,41,14,14,6,1,3,0,9,3,48,10,7,0,0,57,MFG
118250,5076,832323,BUF,5,MFG,2,0,34,38,3,0,0,0,0,-2,1,4,2,1,5,15,7,PUNT
118251,5076,832328,NYG,6,PUNT,2,0,28,67,2,1,0,1,0,0,0,12,2,1,0,0,12,INT
118252,5076,832330,BUF,6,INT,2,0,47,28,2,0,0,0,0,-2,2,0,0,0,0,0,-2,ENDQ
118253,5076,832333,BUF,7,KOFF,3,1,30,25,3,0,0,0,0,3,1,-5,2,0,0,0,-2,PUNT
118254,5076,832337,NYG,7,PUNT,3,5,35,37,8,5,1,1,0,7,2,19,6,4,0,15,11,PUNT
118255,5076,832348,BUF,8,PUNT,3,1,57,14,4,1,0,0,1,10,2,3,2,1,9,5,17,PUNT
118256,5076,832355,NYG,8,PUNT,3,1,9,20,3,1,0,0,0,-1,1,8,2,1,0,0,7,PUNT
118257,5076,832359,BUF,9,PUNT,3,1,36,25,3,0,0,0,0,0,0,7,3,1,0,5,2,PUNT
118258,5076,832364,NYG,9,PUNT,3,6,17,24,12,8,1,5,0,20,5,56,7,7,0,0,76,TD
118259,5076,832378,BUF,10,KOFF,4,6,3,25,13,9,3,2,0,55,8,29,5,2,6,15,75,TD
118260,5076,832395,NYG,10,KOFF,4,0,52,25,6,1,1,0,0,12,1,0,5,0,5,0,17,DWNS
118261,5076,832402,BUF,11,DWNS,4,0,22,58,3,0,0,0,0,7,3,0,0,0,0,5,2,PUNT
118262,5076,832407,NYG,11,PUNT,4,1,5,13,4,1,0,1,0,0,0,36,4,2,0,0,36,INT
118263,5076,832411,BUF,12,INT,4,3,8,2,5,3,1,0,0,19,5,0,0,0,0,1,18,PUNT
118264,5076,832418,NYG,12,PUNT,4,0,26,40,3,3,0,2,0,0,0,48,3,3,0,0,48,ENDQ
118265,5077,832422,WAS,1,KOFF,1,2,25,25,5,1,0,1,0,-4,1,21,4,2,0,0,17,PUNT
118266,5077,832428,DAL,1,PUNT,1,1,32,10,3,0,0,0,0,2,1,4,2,1,0,0,6,PUNT
118267,5077,832432,WAS,2,PUNT,1,2,23,44,3,2,0,0,0,0,0,17,3,3,0,10,7,PUNT
118268,5077,832437,DAL,2,PUNT,1,3,32,10,6,4,1,0,0,18,2,15,4,3,0,0,33,INT
118269,5077,832443,WAS,3,INT,1,5,53,62,10,7,2,2,0,31,8,17,2,2,0,10,38,TD
118270,5077,832456,DAL,3,KOFF,2,1,26,25,3,1,0,0,0,5,1,-8,2,0,0,0,-3,PUNT
118271,5077,832460,WAS,4,PUNT,2,3,5,26,5,1,1,0,1,16,3,-13,2,0,20,10,13,PUNT
118272,5077,832469,DAL,4,PUNT,2,3,34,3,7,5,1,3,0,24,3,73,4,4,0,0,97,TD
118273,5077,832478,WAS,5,KOFF,2,1,38,25,3,1,0,0,0,0,0,7,3,2,0,0,7,PUNT
118274,5077,832482,DAL,5,PUNT,2,4,23,17,11,6,2,2,0,56,6,18,5,4,9,0,83,TD
118275,5077,832497,WAS,6,KOFF,2,0,9,19,1,0,0,0,0,-1,1,0,0,0,0,0,-1,ENDQ
118276,5077,832499,DAL,6,KOFF,3,5,2,25,9,7,1,3,0,21,4,64,5,5,0,10,75,TD
118277,5077,832511,WAS,7,KOFF,3,5,28,25,11,6,1,3,1,1,2,69,9,6,5,0,75,TD
118278,5077,832525,DAL,7,KOFF,3,5,39,25,11,7,2,2,0,29,4,54,6,6,0,15,68,FG
118279,5077,832539,WAS,8,KOFF,4,2,47,25,6,2,0,1,0,4,2,25,4,2,0,0,29,DWNS
118280,5077,832545,DAL,8,DWNS,4,5,57,46,10,7,2,2,0,13,7,41,3,3,0,0,54,TD
118281,5077,832557,WAS,9,KOFF,4,2,50,25,11,9,0,5,0,0,0,65,11,9,15,5,75,TD
118282,5077,832571,DAL,9,KOFF,4,2,17,13,6,4,2,0,0,45,6,0,0,0,0,0,45,ENDQ
118283,5078,832578,TEN,1,KOFF,1,1,48,28,3,0,0,0,0,-3,1,12,2,1,0,0,9,PUNT
118284,5078,832582,IND,1,PUNT,1,4,19,22,7,5,1,2,1,10,2,22,5,4,46,0,78,TD
118285,5078,832592,TEN,2,KOFF,1,1,28,25,3,0,0,0,0,3,1,6,2,1,0,0,9,PUNT
118286,5078,832596,IND,2,PUNT,1,1,59,18,3,0,0,0,0,2,1,11,2,1,0,9,4,PUNT
118287,5078,832601,TEN,3,PUNT,1,5,31,28,10,8,2,4,0,22,4,50,6,6,0,0,72,TD
118288,5078,832613,IND,3,KOFF,2,6,55,27,12,6,3,2,1,48,8,31,4,2,9,15,73,TD
118289,5078,832630,TEN,4,KOFF,2,4,8,25,5,2,1,0,0,7,2,-7,3,2,0,10,-10,PUNT
118290,5078,832637,IND,4,PUNT,2,1,31,44,3,0,0,0,0,4,2,0,1,0,0,0,4,INT
118291,5078,832640,TEN,5,INT,2,1,8,40,5,1,0,1,0,0,0,13,5,3,0,0,13,PUNT
118292,5078,832646,IND,5,PUNT,2,1,13,10,8,5,1,1,0,4,1,37,7,4,0,0,41,ENDQ
118293,5078,832655,IND,6,KOFF,3,1,51,10,3,0,0,0,0,3,2,0,1,0,0,0,3,PUNT
118294,5078,832659,TEN,6,PUNT,3,1,38,60,4,4,2,1,0,13,3,25,1,1,2,0,40,TD
118295,5078,832666,IND,7,KOFF,3,4,17,25,8,6,2,1,0,16,5,4,3,2,0,0,20,FUM
118296,5078,832674,TEN,7,FUM,3,2,39,55,5,1,1,0,1,19,2,-5,2,1,0,0,14,FG
118297,5078,832680,IND,8,KOFF,3,3,2,25,6,3,1,0,0,13,3,4,3,1,0,5,12,PUNT
118298,5078,832688,TEN,8,PUNT,3,6,2,13,11,5,2,1,1,42,8,4,2,1,14,0,60,MFG
118299,5078,832700,IND,9,MFG,4,2,11,35,3,1,0,0,0,0,1,5,2,1,0,0,5,PUNT
118300,5078,832704,TEN,9,PUNT,4,1,39,20,3,0,0,0,0,5,2,0,1,0,0,0,5,PUNT
118301,5078,832708,IND,10,PUNT,4,2,3,31,4,3,2,1,0,62,2,7,2,2,0,0,69,TD
118302,5078,832714,TEN,10,KOFF,4,1,9,25,3,0,0,0,0,0,0,9,3,1,0,5,9,PUNT
118303,5078,832719,IND,11,PUNT,4,2,22,26,7,1,1,0,0,6,6,0,1,0,5,0,11,PUNT
118304,5078,832728,TEN,11,PUNT,4,0,56,28,6,3,1,0,0,15,1,12,5,2,0,0,27,DWNS
118305,5078,832734,IND,12,DWNS,4,0,11,45,1,0,0,0,0,-1,1,0,0,0,0,0,-1,ENDQ
118306,5079,832736,JAC,1,KOFF,1,3,8,25,5,1,0,1,0,4,2,5,3,2,0,0,9,PUNT
118307,5079,832742,HOU,1,PUNT,1,1,22,17,3,1,0,0,0,6,1,3,2,1,0,0,9,PUNT
118308,5079,832746,JAC,2,PUNT,1,1,21,26,3,0,0,0,0,5,2,0,1,0,0,0,5,PUNT
118309,5079,832750,HOU,2,PUNT,1,7,15,8,15,9,1,4,0,30,5,36,9,6,5,0,71,FG
118310,5079,832766,JAC,3,KOFF,1,3,19,15,6,1,1,0,0,24,3,0,3,1,5,0,29,PUNT
118311,5079,832773,HOU,3,PUNT,2,2,1,8,4,1,0,1,0,3,1,20,3,1,0,0,23,PUNT
118312,5079,832778,JAC,4,PUNT,2,1,38,15,3,0,0,0,0,2,1,2,2,1,0,0,4,PUNT
118313,5079,832782,HOU,4,PUNT,2,1,19,33,3,0,0,0,0,0,1,-8,2,0,0,0,-8,PUNT
118314,5079,832786,JAC,5,PUNT,2,5,20,31,10,6,2,1,0,28,3,24,6,4,0,5,47,FG
118315,5079,832798,HOU,5,KOFF,2,3,17,25,11,6,1,3,0,23,3,53,7,4,0,5,71,FG
118316,5079,832811,HOU,6,KOFF,3,3,8,25,5,2,1,0,0,22,3,8,2,1,0,5,15,PUNT
118317,5079,832818,JAC,6,PUNT,3,3,4,25,5,1,0,1,0,3,2,13,3,2,0,0,16,PUNT
118318,5079,832824,HOU,7,PUNT,3,2,8,12,5,2,1,0,0,8,2,7,3,1,0,0,15,PUNT
118319,5079,832830,JAC,7,PUNT,3,3,4,36,4,3,0,1,0,10,2,21,2,2,0,15,16,PUNT
118320,5079,832837,HOU,8,PUNT,3,5,10,1,9,5,2,0,0,21,7,9,2,1,0,0,30,PUNT
118321,5079,832847,JAC,8,PUNT,4,0,27,30,1,0,0,0,0,0,0,-9,1,0,0,10,-19,FUM
118322,5079,832849,HOU,9,FUM,4,1,24,89,4,2,1,0,1,11,3,0,1,0,0,0,11,TD
118323,5079,832855,JAC,9,KOFF,4,5,34,25,9,4,0,3,0,0,1,86,7,6,0,25,61,FG
118324,5079,832868,HOU,10,KOFF,4,2,25,25,5,1,0,1,0,3,3,9,2,1,0,10,2,PUNT
118325,5079,832875,JAC,10,PUNT,4,3,7,32,15,8,2,3,0,27,5,36,9,5,5,0,68,TD
118326,5079,832892,HOU,11,KOFF,4,0,29,52,1,0,0,0,0,-1,1,0,0,0,0,0,-1,ENDQ
118327,5080,832894,LAC,1,KOFF,1,1,12,26,3,0,0,0,0,3,1,0,2,0,0,0,3,PUNT
118328,5080,832898,DET,1,PUNT,1,1,27,21,3,0,0,0,0,3,2,0,1,0,0,0,3,PUNT
118329,5080,832902,LAC,2,PUNT,1,4,24,32,9,6,1,3,0,11,4,57,5,3,0,0,68,TD
118330,5080,832913,DET,2,KOFF,1,3,47,25,8,7,2,2,0,15,3,60,5,4,0,0,75,TD
118331,5080,832923,LAC,3,KOFF,1,2,21,25,3,1,0,0,0,1,1,0,2,1,0,0,1,PUNT
118332,5080,832927,DET,3,PUNT,1,4,29,14,8,4,1,1,0,14,4,18,4,3,0,0,32,PUNT
118333,5080,832936,LAC,4,PUNT,2,1,40,12,4,1,1,0,0,16,2,0,2,0,0,0,16,PUNT
118334,5080,832942,DET,4,PUNT,2,4,43,14,10,6,3,1,1,33,6,16,3,2,15,0,64,MFG
118335,5080,832952,LAC,5,MFG,2,2,28,30,4,0,0,0,0,0,1,4,3,2,5,0,9,PUNT
118336,5080,832958,DET,5,PUNT,2,2,9,20,6,2,0,1,0,2,2,27,4,2,5,5,34,PUNT
118337,5080,832967,LAC,6,PUNT,2,1,20,3,7,3,0,3,0,2,1,74,5,3,0,0,76,FG
118338,5080,832975,DET,6,KOFF,3,3,27,30,7,3,1,1,0,14,3,40,4,3,0,20,34,INT
118339,5080,832983,LAC,7,INT,3,3,7,20,6,4,1,2,1,46,3,49,3,3,12,30,77,FUM
118340,5080,832992,DET,7,FUM,3,2,2,3,3,1,0,0,1,2,2,6,1,1,0,0,8,PUNT
118341,5080,832996,LAC,8,PUNT,3,4,15,37,8,5,1,1,0,19,3,23,4,3,0,0,42,MFG
118342,5080,833004,DET,8,MFG,3,1,10,29,2,1,0,1,0,0,0,10,2,1,0,5,5,INT
118343,5080,833007,LAC,9,INT,3,4,14,15,8,5,0,2,0,16,4,46,3,2,0,0,62,MFG
118344,5080,833015,DET,9,MFG,4,4,24,31,8,6,0,4,0,8,3,61,5,5,0,0,69,TD
118345,5080,833025,LAC,10,KOFF,4,6,18,20,13,4,2,2,0,23,5,34,8,4,0,5,52,INT
118346,5080,833039,DET,10,INT,4,1,3,20,4,1,0,1,0,3,3,7,1,1,0,0,10,ENDQ
118347,5081,833044,GB,1,KOFF,1,2,10,25,4,4,1,2,0,21,2,54,2,2,0,0,75,TD
118348,5081,833050,MIN,1,KOFF,1,3,34,25,8,3,1,2,0,13,3,33,4,2,0,0,46,MFG
118349,5081,833058,GB,2,MFG,1,5,58,37,11,6,0,4,0,3,4,65,7,6,0,5,63,TD
118350,5081,833072,MIN,2,KOFF,1,2,2,25,4,1,1,0,0,14,3,-7,1,0,0,0,8,FUM
118351,5081,833076,GB,3,FUM,1,2,0,67,4,4,1,2,1,11,2,22,2,2,0,0,33,TD
118352,5081,833082,MIN,3,KOFF,2,0,16,25,2,1,1,0,0,75,1,0,1,0,0,0,75,TD
118353,5081,833086,GB,4,KOFF,2,1,24,25,3,2,1,0,1,14,2,8,1,1,25,0,47,FUM
118354,5081,833090,MIN,4,FUM,2,0,57,28,3,0,0,0,1,2,1,0,2,0,0,0,2,PUNT
118355,5081,833094,GB,5,PUNT,2,2,11,30,3,2,0,0,0,9,3,0,0,0,0,0,9,PUNT
118356,5081,833098,MIN,5,PUNT,2,1,31,21,3,2,0,0,0,8,2,0,1,0,0,0,8,PUNT
118357,5081,833102,GB,6,PUNT,2,3,1,23,6,2,0,1,0,6,1,3,5,2,0,5,4,PUNT
118358,5081,833110,MIN,6,PUNT,2,0,52,40,3,1,0,0,0,0,0,4,3,1,0,0,4,INT
118359,5081,833113,GB,7,INT,2,2,31,53,6,4,1,0,0,15,4,5,2,2,0,0,20,DWNS
118360,5081,833119,MIN,7,DWNS,2,0,42,27,6,2,0,1,0,4,2,61,3,1,5,10,60,FG
118361,5081,833127,GB,8,KOFF,2,0,28,25,3,0,0,0,0,0,0,-6,3,1,0,0,-6,PUNT
118362,5081,833131,MIN,8,PUNT,2,0,23,37,1,0,0,0,0,2,1,0,0,0,0,10,-8,ENDQ
118363,5081,833134,MIN,9,KOFF,3,1,11,25,3,0,0,0,0,-2,1,11,2,1,0,0,9,PUNT
118364,5081,833138,GB,9,PUNT,3,3,42,25,6,2,0,1,0,11,4,16,2,2,0,5,22,FUM
118365,5081,833145,MIN,10,FUM,3,0,55,58,3,1,0,1,1,7,1,45,2,1,0,25,42,TD
118366,5081,833151,GB,10,KOFF,3,3,38,25,6,3,2,0,0,25,4,-10,2,0,0,0,15,PUNT
118367,5081,833158,MIN,11,PUNT,3,4,43,12,8,3,1,1,0,12,2,41,6,4,0,10,43,PUNT
118368,5081,833168,GB,11,PUNT,3,1,11,1,4,1,0,1,0,4,1,15,3,1,0,0,19,PUNT
118369,5081,833173,MIN,12,PUNT,4,2,52,23,5,3,1,0,0,13,2,13,3,2,0,10,16,PUNT
118370,5081,833180,GB,12,PUNT,4,1,40,22,3,0,0,0,0,0,0,4,3,1,0,10,-6,PUNT
118371,5081,833185,MIN,13,PUNT,4,4,58,40,9,7,3,1,0,47,7,5,2,1,0,0,52,INT
118372,5081,833194,GB,13,INT,4,1,4,20,3,0,0,0,0,0,0,8,3,1,0,0,8,PUNT
118373,5081,833198,MIN,14,PUNT,4,0,52,24,3,0,0,0,0,3,1,0,2,0,0,0,3,PUNT
118374,5081,833202,GB,14,PUNT,4,3,8,21,7,3,1,1,0,25,6,7,1,1,0,5,32,PUNT
118375,5081,833211,MIN,15,PUNT,4,0,6,20,1,0,0,1,0,0,0,13,1,1,0,0,13,ENDQ
118376,5082,833213,MIA,1,KOFF,1,1,22,25,3,0,0,0,0,-3,2,0,1,0,0,0,-3,PUNT
118377,5082,833217,NE,1,PUNT,1,5,52,40,10,7,3,2,0,21,7,36,3,3,3,0,60,TD
118378,5082,833230,MIA,2,KOFF,1,4,47,25,7,3,1,1,0,5,3,27,4,3,0,10,22,PUNT
118379,5082,833239,NE,2,PUNT,1,3,11,17,5,2,1,0,0,12,3,11,2,2,0,0,23,PUNT
118380,5082,833245,MIA,3,PUNT,2,2,10,8,3,0,0,0,0,9,3,0,0,0,0,0,9,PUNT
118381,5082,833249,NE,3,PUNT,2,4,16,29,8,5,1,1,0,15,3,26,4,3,0,0,41,MFG
118382,5082,833258,MIA,4,MFG,2,0,52,38,3,1,0,0,0,0,0,6,3,1,0,0,6,PUNT
118383,5082,833262,NE,4,PUNT,2,6,11,35,11,8,2,3,0,24,6,41,5,3,0,0,65,TD
118384,5082,833275,MIA,5,KOFF,2,1,6,25,3,0,0,0,0,7,2,0,1,0,0,0,7,PUNT
118385,5082,833279,NE,5,PUNT,2,0,13,17,1,0,0,0,0,0,1,0,0,0,0,0,0,ENDQ
118386,5082,833281,NE,6,KOFF,3,2,17,25,4,1,0,1,0,3,2,18,2,1,0,0,21,PUNT
118387,5082,833286,MIA,6,PUNT,3,0,17,15,3,0,0,0,0,0,0,0,3,0,0,0,0,INT
118388,5082,833289,NE,7,INT,3,3,41,64,10,3,0,2,0,3,1,23,8,3,0,0,26,FG
118389,5082,833300,MIA,7,KOFF,3,1,19,25,3,0,0,0,0,3,1,-5,2,1,0,0,-2,PUNT
118390,5082,833304,NE,8,PUNT,3,5,8,35,8,7,4,1,0,34,6,41,2,2,4,14,65,TD
118391,5082,833317,MIA,8,KOFF,3,1,48,35,3,0,0,0,0,0,0,-11,3,0,0,0,-11,PUNT
118392,5082,833321,NE,9,PUNT,3,2,34,29,4,2,0,0,1,10,3,0,1,0,5,10,5,PUNT
118393,5082,833328,MIA,9,PUNT,4,2,11,33,5,3,1,0,0,6,1,12,4,3,0,0,18,INT
118394,5082,833335,MIA,10,KOFF,4,1,48,25,4,3,0,2,0,0,0,37,4,3,0,0,37,INT
118395,5082,833341,MIA,11,KOFF,4,3,6,25,10,2,0,2,1,0,0,24,10,4,15,0,39,DWNS
118396,5082,833351,NE,10,DWNS,4,0,8,36,1,0,0,0,0,4,1,0,0,0,0,0,4,FUM
118397,5082,833352,MIA,12,FUM,4,0,34,59,4,0,0,0,1,0,0,0,4,0,0,0,0,DWNS
118398,5082,833356,NE,11,DWNS,4,2,59,41,5,3,0,3,0,0,2,59,3,3,0,0,59,TD
118399,5082,833363,MIA,13,KOFF,4,2,10,25,10,5,1,3,0,15,3,52,7,3,0,0,67,INT
118400,5083,833374,CIN,1,KOFF,1,1,55,12,3,0,0,0,0,0,1,0,2,1,0,0,-1,PUNT
118401,5083,833378,SF,1,PUNT,1,1,44,49,4,3,0,2,0,8,2,43,2,2,0,0,51,TD
118402,5083,833384,CIN,2,KOFF,1,4,38,31,9,5,1,3,0,4,4,65,5,5,0,0,69,TD
118403,5083,833395,SF,2,KOFF,1,4,7,16,8,5,2,2,0,31,5,53,3,2,0,0,84,TD
118404,5083,833405,CIN,3,KOFF,1,3,17,25,5,1,0,1,1,-1,3,7,2,2,15,15,6,PUNT
118405,5083,833413,SF,3,PUNT,2,0,22,25,2,0,0,0,0,0,0,0,2,0,0,10,-10,INT
118406,5083,833417,CIN,4,INT,2,1,8,74,4,0,0,0,0,2,1,5,2,1,0,15,-8,MFG
118407,5083,833422,SF,4,MFG,2,2,40,42,6,6,3,0,0,49,5,9,1,1,0,0,58,TD
118408,5083,833430,CIN,5,KOFF,2,3,12,20,10,3,0,2,0,8,3,48,6,2,5,0,61,FG
118409,5083,833441,SF,5,KOFF,2,2,15,25,4,2,0,1,0,1,1,45,3,2,0,10,36,PUNT
118410,5083,833447,CIN,6,PUNT,2,3,28,3,10,4,0,3,0,7,2,31,8,4,5,0,43,INT
118411,5083,833458,SF,6,INT,2,1,14,33,10,5,0,4,0,5,1,47,8,5,0,0,52,FG
118412,5083,833470,SF,7,KOFF,3,2,50,25,7,6,1,3,0,31,4,54,3,3,0,10,75,TD
118413,5083,833479,CIN,7,KOFF,3,2,58,25,6,3,1,0,0,6,2,-5,4,1,0,0,1,PUNT
118414,5083,833486,SF,8,PUNT,3,4,38,31,8,4,1,1,0,34,5,25,2,1,0,10,49,FG
118415,5083,833496,CIN,8,KOFF,3,1,25,25,3,1,0,0,0,0,0,7,3,1,0,0,7,PUNT
118416,5083,833500,SF,9,PUNT,3,3,13,18,6,6,3,1,0,46,5,36,1,1,0,0,82,TD
118417,5083,833508,CIN,9,KOFF,4,1,26,10,3,0,0,0,0,-2,1,7,2,1,0,0,5,PUNT
118418,5083,833512,SF,10,PUNT,4,6,27,40,10,5,3,0,0,39,8,1,1,1,0,0,40,MFG
118419,5083,833522,CIN,10,MFG,4,3,3,29,10,4,0,2,0,1,2,54,8,5,0,10,45,DWNS
118420,5083,833533,SF,11,DWNS,4,2,6,26,4,2,0,0,0,17,4,0,0,0,0,10,7,PUNT
118421,5083,833538,CIN,11,PUNT,4,1,9,28,4,2,0,1,0,0,0,72,4,3,0,0,72,TD
118422,5083,833544,SF,12,KOFF,4,0,45,25,2,0,0,0,0,-2,2,0,0,0,0,0,-2,ENDQ
118423,5084,833547,PIT,1,KOFF,1,2,2,25,3,1,0,0,0,0,1,-2,2,1,0,0,-2,PUNT
118424,5084,833551,SEA,1,PUNT,1,2,15,38,4,1,0,1,0,2,1,8,3,1,0,0,10,PUNT
118425,5084,833556,PIT,2,PUNT,1,0,50,20,3,1,0,0,0,0,0,7,3,1,0,0,7,PUNT
118426,5084,833560,SEA,2,PUNT,1,4,53,21,7,2,1,1,0,25,3,15,4,2,0,20,20,PUNT
118427,5084,833569,PIT,3,PUNT,1,3,36,13,6,3,1,0,0,24,2,15,4,2,0,6,33,PUNT
118428,5084,833577,SEA,3,PUNT,1,1,13,16,2,1,1,0,0,18,2,0,0,0,10,0,18,FUM
118429,5084,833580,PIT,4,FUM,1,0,27,78,3,1,1,0,2,1,2,0,1,0,21,0,22,TD
118430,5084,833587,SEA,4,KOFF,2,6,4,25,12,8,2,2,1,16,6,45,6,4,14,0,75,TD
118431,5084,833602,PIT,5,KOFF,2,1,28,25,3,0,0,0,0,4,2,0,1,0,0,0,4,PUNT
118432,5084,833606,SEA,5,PUNT,2,1,18,32,3,0,0,0,0,0,0,4,3,1,0,0,4,PUNT
118433,5084,833610,PIT,6,PUNT,2,3,26,28,7,4,0,3,0,6,1,48,5,4,5,10,49,FG
118434,5084,833620,SEA,6,KOFF,2,2,28,13,10,5,1,2,0,7,2,62,7,7,0,22,47,MFG
118435,5084,833632,SEA,7,KOFF,3,1,37,16,3,0,0,0,0,0,1,6,2,1,0,0,6,PUNT
118436,5084,833636,PIT,7,PUNT,3,0,48,19,3,0,0,0,0,2,1,0,2,0,0,0,2,INT
118437,5084,833639,SEA,8,INT,3,2,46,60,6,3,0,3,0,-2,2,42,4,3,0,0,40,TD
118438,5084,833647,PIT,8,KOFF,3,3,28,25,7,2,1,1,0,14,2,46,4,3,0,0,60,FG
118439,5084,833655,SEA,9,KOFF,3,3,25,25,7,7,1,2,0,45,3,30,4,4,0,0,75,TD
118440,5084,833664,PIT,9,KOFF,3,6,40,25,13,9,2,4,0,23,4,52,8,7,0,0,75,TD
118441,5084,833678,SEA,10,KOFF,4,4,1,25,6,4,0,2,1,12,3,40,3,3,38,15,75,TD
118442,5084,833689,PIT,10,KOFF,4,1,26,25,5,2,0,1,0,7,1,11,4,1,0,0,18,PUNT
118443,5084,833695,SEA,11,PUNT,4,0,12,11,1,0,0,0,0,0,1,0,0,0,0,0,0,FUM
118444,5084,833696,PIT,11,FUM,4,0,3,97,1,1,0,1,1,0,0,3,1,1,0,0,3,TD
118445,5084,833699,SEA,12,KOFF,4,5,34,25,12,6,2,2,0,29,9,22,3,3,0,10,41,ENDQ
118446,5085,833713,OAK,1,KOFF,1,4,39,25,10,4,0,2,0,16,4,44,5,2,5,0,65,FG
118447,5085,833725,KC,1,KOFF,1,2,57,25,5,3,0,1,0,0,2,13,3,2,5,0,18,PUNT
118448,5085,833732,OAK,2,PUNT,1,2,38,26,6,5,0,3,1,4,1,27,5,4,43,0,74,TD
118449,5085,833741,KC,2,KOFF,1,2,45,20,6,2,0,1,0,-1,1,14,5,3,0,0,13,PUNT
118450,5085,833748,OAK,3,PUNT,1,0,56,40,3,0,0,0,0,2,1,0,2,0,0,0,2,PUNT
118451,5085,833752,KC,3,PUNT,1,1,10,28,3,3,1,1,0,5,1,52,2,2,15,0,72,TD
118452,5085,833758,OAK,4,KOFF,2,2,32,25,4,2,1,0,0,21,3,5,1,1,0,5,21,PUNT
118453,5085,833764,KC,4,PUNT,2,6,32,5,14,7,0,5,1,7,2,93,12,7,5,10,95,TD
118454,5085,833782,OAK,5,KOFF,2,2,18,29,4,1,0,1,0,0,0,26,4,3,0,5,21,PUNT
118455,5085,833788,KC,5,PUNT,2,1,52,6,5,3,0,3,0,2,2,102,3,3,0,10,94,TD
118456,5085,833796,OAK,6,KOFF,2,0,54,25,3,0,0,0,0,0,1,-12,2,1,0,0,-12,PUNT
118457,5085,833800,KC,6,PUNT,2,0,7,61,1,1,0,1,0,0,0,39,1,1,0,0,39,TD
118458,5085,833803,OAK,7,KOFF,2,0,40,25,6,4,0,2,0,0,0,43,6,4,0,0,43,ENDQ
118459,5085,833810,KC,7,KOFF,3,3,2,22,7,3,0,2,0,3,2,29,5,2,0,0,32,PUNT
118460,5085,833818,OAK,8,PUNT,3,3,27,19,6,4,2,1,0,60,3,17,3,2,0,0,77,INT
118461,5085,833824,KC,8,INT,3,3,39,20,6,2,0,1,0,-3,2,19,4,3,0,10,6,PUNT
118462,5085,833832,OAK,9,PUNT,3,2,38,21,6,3,1,1,0,15,3,11,3,1,0,0,26,INT
118463,5085,833838,KC,9,INT,3,3,10,55,7,3,1,0,1,2,3,12,4,2,12,0,26,FUM
118464,5085,833846,OAK,10,FUM,4,1,27,22,3,1,0,0,1,0,1,8,2,1,0,5,8,PUNT
118465,5085,833851,KC,10,PUNT,4,0,56,35,3,0,0,0,0,1,1,0,2,0,0,0,1,PUNT
118466,5085,833855,OAK,11,PUNT,4,5,16,21,10,4,1,1,0,11,2,9,8,4,0,0,20,PUNT
118467,5085,833866,KC,11,PUNT,4,6,25,11,11,7,0,3,0,15,6,60,5,5,0,10,65,ENDQ
118468,5086,833879,DEN,1,KOFF,1,5,15,25,10,6,1,2,0,8,3,42,6,6,0,0,50,FG
118469,5086,833890,CHI,1,KOFF,1,1,40,25,3,0,0,0,0,1,2,0,1,0,0,0,1,PUNT
118470,5086,833894,DEN,2,PUNT,1,2,2,31,4,0,0,1,1,5,2,0,2,2,15,0,20,PUNT
118471,5086,833899,CHI,2,PUNT,1,7,28,14,14,7,1,3,0,27,8,32,5,4,5,0,64,FG
118472,5086,833914,DEN,3,KOFF,2,3,59,25,7,3,1,1,0,14,3,14,4,2,0,0,28,PUNT
118473,5086,833922,CHI,3,PUNT,2,4,26,10,10,7,2,1,0,26,5,30,4,3,0,0,56,FG
118474,5086,833933,DEN,4,KOFF,2,3,25,25,8,5,0,2,0,7,2,32,6,4,9,20,28,PUNT
118475,5086,833944,CHI,4,PUNT,2,1,5,15,3,1,0,0,0,5,1,2,2,1,0,0,7,PUNT
118476,5086,833948,DEN,5,PUNT,2,0,27,13,3,0,0,0,0,7,2,0,1,0,0,0,7,PUNT
118477,5086,833952,CHI,5,PUNT,2,0,13,35,2,1,0,0,0,0,0,18,2,1,0,0,18,ENDQ
118478,5086,833955,CHI,6,KOFF,3,3,16,25,4,0,0,0,0,7,1,-3,3,2,5,20,-11,PUNT
118479,5086,833963,DEN,6,PUNT,3,5,0,15,9,5,1,2,0,9,4,32,5,4,0,0,41,PUNT
118480,5086,833973,CHI,7,PUNT,3,5,30,20,9,5,4,0,0,79,9,0,0,0,1,0,80,TD
118481,5086,833985,DEN,7,KOFF,3,2,37,25,9,5,1,2,1,13,2,43,6,3,15,10,61,FG
118482,5086,833997,CHI,8,KOFF,4,0,55,25,3,0,0,0,0,2,1,0,2,0,0,0,2,PUNT
118483,5086,834001,DEN,8,PUNT,4,7,57,24,16,7,1,5,0,27,6,57,10,7,0,10,74,INT
118484,5086,834017,CHI,9,INT,4,1,57,11,5,2,0,1,0,6,2,11,3,3,0,0,17,PUNT
118485,5086,834023,DEN,9,PUNT,4,2,17,38,12,8,0,4,0,0,0,62,12,7,1,5,62,TD
118486,5086,834038,CHI,10,KOFF,4,0,31,25,6,2,0,2,1,0,0,30,5,2,15,5,40,FG
118487,5087,834046,NO,1,KOFF,1,2,35,25,5,2,0,1,0,8,3,14,2,1,0,0,22,INT
118488,5087,834051,LA,1,INT,1,3,43,38,7,2,0,1,0,4,2,53,4,3,4,5,56,FG
118489,5087,834061,NO,2,KOFF,1,2,5,25,4,2,0,1,0,-3,1,24,3,2,0,0,21,PUNT
118490,5087,834066,LA,2,PUNT,1,3,8,8,6,2,1,0,0,15,4,-8,2,0,0,10,-3,PUNT
118491,5087,834074,NO,3,PUNT,1,3,29,50,6,2,0,1,0,-2,2,15,4,3,5,20,-2,PUNT
118492,5087,834083,LA,3,PUNT,2,0,39,14,3,0,0,0,0,0,0,1,3,1,0,0,1,PUNT
118493,5087,834087,NO,4,PUNT,2,3,15,59,7,4,0,1,0,12,3,18,3,1,0,5,25,FG
118494,5087,834096,LA,4,KOFF,2,5,4,25,10,5,0,3,1,21,4,43,6,4,8,10,62,FUM
118495,5087,834108,NO,5,FUM,2,3,23,13,6,2,1,0,2,4,3,16,3,2,15,0,35,DWNS
118496,5087,834115,LA,5,DWNS,2,2,39,52,7,3,1,1,0,27,3,17,3,2,0,0,44,FG
118497,5087,834124,LA,6,KOFF,3,0,55,25,3,0,0,0,0,0,0,9,3,1,0,0,9,PUNT
118498,5087,834128,NO,6,PUNT,3,4,16,29,10,5,0,3,0,14,4,28,5,3,0,5,37,FG
118499,5087,834140,LA,7,KOFF,3,4,10,25,9,6,2,3,0,8,4,72,5,4,5,10,75,TD
118500,5087,834154,NO,7,KOFF,3,2,2,25,3,1,0,0,0,4,1,-16,2,0,0,0,-12,PUNT
118501,5087,834158,LA,8,PUNT,3,2,37,74,5,4,1,2,0,16,3,10,2,2,0,0,26,TD
118502,5087,834165,NO,8,KOFF,3,5,2,25,9,3,1,2,0,14,2,57,6,4,0,20,51,FG
118503,5087,834177,LA,9,KOFF,4,2,21,25,4,4,1,1,0,9,2,76,2,2,0,10,75,TD
118504,5087,834184,NO,9,KOFF,4,2,54,25,7,3,0,2,0,6,1,28,6,3,0,20,14,PUNT
118505,5087,834193,LA,10,PUNT,4,3,21,11,6,2,1,0,0,18,5,-8,1,0,0,0,10,PUNT
118506,5087,834200,NO,10,PUNT,4,0,35,22,3,0,0,0,0,0,0,3,3,1,0,0,3,PUNT
118507,5087,834204,LA,11,PUNT,4,1,47,20,3,0,0,0,0,-3,3,0,0,0,0,0,-3,ENDQ
118508,5088,834208,ATL,1,KOFF,1,5,32,25,11,6,1,3,0,14,5,29,5,4,0,0,43,FG
118509,5088,834220,PHI,1,KOFF,1,3,15,29,5,1,0,0,1,8,3,8,2,1,5,5,16,PUNT
118510,5088,834228,ATL,2,PUNT,1,2,32,1,6,2,0,1,0,-5,1,27,5,3,0,5,22,PUNT
118511,5088,834237,PHI,2,PUNT,1,2,5,43,5,2,1,0,0,4,2,8,3,1,0,0,12,INT
118512,5088,834242,ATL,3,INT,1,1,6,9,3,0,0,0,0,0,1,0,2,0,0,0,0,PUNT
118513,5088,834246,PHI,3,PUNT,1,4,45,57,9,4,1,1,0,14,4,13,4,2,0,0,27,FG
118514,5088,834256,ATL,4,KOFF,2,3,3,25,9,4,0,2,0,4,1,49,7,4,0,10,43,MFG
118515,5088,834266,PHI,4,MFG,2,0,15,40,1,0,0,0,0,0,0,0,1,0,10,0,0,INT
118516,5088,834267,ATL,5,INT,2,2,31,35,5,3,0,3,0,1,1,69,4,4,0,5,65,TD
118517,5088,834275,PHI,5,KOFF,2,3,23,25,7,2,0,1,0,2,1,10,6,2,5,10,7,PUNT
118518,5088,834285,ATL,6,PUNT,2,0,50,6,4,2,0,1,0,0,0,19,4,2,0,0,19,INT
118519,5088,834289,PHI,6,INT,2,0,52,59,8,3,0,2,0,4,1,24,6,3,0,10,18,FG
118520,5088,834299,ATL,7,KOFF,3,1,28,67,3,2,0,2,0,1,1,32,2,2,0,0,33,TD
118521,5088,834304,PHI,7,KOFF,3,3,31,29,6,2,1,0,0,6,2,17,4,2,0,10,13,PUNT
118522,5088,834312,ATL,8,PUNT,3,1,47,9,3,0,0,0,0,5,2,0,1,0,0,4,1,INT
118523,5088,834316,PHI,8,INT,3,3,8,73,7,2,0,2,0,1,2,26,4,3,0,0,27,TD
118524,5088,834324,ATL,9,KOFF,3,4,45,25,9,7,2,2,0,34,3,28,6,4,10,0,67,INT
118525,5088,834333,PHI,9,INT,3,1,31,10,3,1,0,0,0,-1,1,0,2,1,0,0,-1,PUNT
118526,5088,834337,ATL,10,PUNT,4,1,59,45,3,1,0,0,0,4,1,-13,2,1,0,0,-9,PUNT
118527,5088,834341,PHI,10,PUNT,4,8,29,27,14,10,2,3,0,11,5,72,8,8,0,10,73,TD
118528,5088,834357,ATL,11,KOFF,4,1,3,25,6,3,0,1,1,0,0,70,6,3,5,0,75,TD
118529,5088,834366,PHI,11,KOFF,4,1,40,32,11,3,0,2,0,0,0,59,11,5,0,0,59,DWNS
118530,5088,834377,ATL,12,DWNS,4,0,30,9,1,0,0,0,0,-1,1,0,0,0,0,0,-1,ENDQ
118531,5089,834379,CLE,1,KOFF,1,4,33,19,11,5,1,2,0,9,4,67,6,3,0,0,76,FG
118532,5089,834391,NYJ,1,KOFF,1,1,40,15,3,1,0,0,0,5,1,-7,2,0,0,0,-2,PUNT
118533,5089,834395,CLE,2,PUNT,1,2,32,48,6,0,0,0,1,3,2,4,3,1,15,0,22,FG
118534,5089,834403,NYJ,2,KOFF,1,0,57,25,3,1,0,0,0,4,1,0,2,0,0,0,4,PUNT
118535,5089,834407,CLE,3,PUNT,1,2,40,28,5,2,0,1,0,12,2,6,3,2,0,0,18,PUNT
118536,5089,834413,NYJ,3,PUNT,1,4,15,9,6,0,0,1,1,6,2,-7,4,3,15,14,0,PUNT
118537,5089,834422,CLE,4,PUNT,2,3,7,47,5,3,1,1,1,19,1,29,4,3,5,0,53,TD
118538,5089,834430,NYJ,4,KOFF,2,7,20,25,11,5,3,0,0,41,9,1,1,1,20,15,47,FG
118539,5089,834446,CLE,5,KOFF,2,1,59,25,6,1,0,1,0,4,2,21,4,1,0,0,25,PUNT
118540,5089,834454,NYJ,5,PUNT,2,0,22,10,3,0,0,0,0,2,2,0,1,0,0,5,-3,PUNT
118541,5089,834459,CLE,6,PUNT,2,0,35,60,5,1,0,1,0,0,0,25,4,1,0,10,15,FG
118542,5089,834466,NYJ,6,KOFF,3,2,11,12,3,0,0,0,0,2,1,-2,2,1,0,0,0,PUNT
118543,5089,834470,CLE,7,PUNT,3,1,48,45,3,1,0,0,0,8,1,-2,2,0,0,0,6,PUNT
118544,5089,834475,NYJ,7,PUNT,3,2,0,13,3,0,0,0,0,6,1,3,2,1,0,5,4,PUNT
118545,5089,834480,CLE,8,PUNT,3,1,51,34,3,0,0,0,0,2,1,4,2,1,0,5,1,PUNT
118546,5089,834485,NYJ,8,PUNT,3,3,27,29,8,4,0,2,0,5,2,55,6,5,0,0,60,DWNS
118547,5089,834493,CLE,9,DWNS,3,0,11,11,1,1,0,1,0,0,0,89,1,1,0,0,89,TD
118548,5089,834496,NYJ,9,KOFF,3,1,25,19,3,1,0,0,0,8,2,0,1,0,0,0,8,PUNT
118549,5089,834500,CLE,10,PUNT,3,1,31,33,3,0,0,0,0,-2,1,10,2,1,0,0,8,PUNT
118550,5089,834504,NYJ,10,PUNT,3,2,46,12,6,2,0,2,0,-1,1,46,5,4,0,0,45,DWNS
118551,5089,834510,CLE,11,DWNS,4,3,0,43,5,2,1,1,0,16,3,12,2,1,0,5,23,INT
118552,5089,834516,NYJ,11,INT,4,2,51,36,5,1,0,1,0,0,1,52,4,4,5,0,57,FUM
118553,5089,834522,CLE,12,FUM,4,5,54,10,9,3,0,2,2,-1,4,40,5,4,10,0,49,PUNT
118554,5089,834535,NYJ,12,PUNT,4,1,5,11,6,3,0,2,1,15,1,28,5,4,15,0,58,ENDQ
