uid,gid,player,pa,pc,py,ints,tdp,ra,sra,ry,tdr,trg,rec,recy,tdrec,ret,rety,tdret,fuml,peny,conv,snp,fp,fp2,fp3,game,seas,year,team,posd,jnum,dcp
105457,5058,AJ-1143,0,0,0,0,0,13,4,39,0,1,1,0,0,0,0,0,0,0,0,38,3.9,4.4,4.9,1,3,2019,GB,RB,33,1
105458,5058,AR-1300,30,18,203,0,1,3,0,8,0,0,0,0,0,0,0,0,0,5,0,64,12.92,12.92,12.92,1,15,2019,GB,QB,12,1
105459,5058,TC-1975,0,0,0,0,0,0,0,0,0,10,8,49,0,7,36,0,0,0,0,51,4.9,8.9,12.9,1,3,2019,CHI,RB,29,1
105460,5058,MD-0150,0,0,0,0,0,5,2,19,0,7,6,17,0,0,0,0,0,0,0,41,3.6,6.6,9.6,1,5,2019,CHI,RB,25,1
105461,5058,MT-1800,45,26,228,1,0,3,1,11,0,0,0,0,0,0,0,0,0,0,0,73,8.22,9.22,9.22,1,3,2019,CHI,QB,10,1
105462,5058,AR-1250,0,0,0,0,0,0,0,0,0,13,7,102,0,0,0,0,0,0,0,70,10.2,13.7,20.2,1,6,2019,CHI,LWR,12,1
105463,5058,TD-0737,0,0,0,0,0,0,0,0,0,1,1,28,0,5,1,0,0,5,0,19,2.8,3.3,3.8,1,4,2019,GB,LWR,11,3
105464,5058,JG-2900,0,0,0,0,0,0,0,0,0,6,3,30,1,0,0,0,0,0,0,35,9,10.5,12,1,10,2019,GB,TE,80,1
105465,5058,DM-2787,0,0,0,0,0,6,3,18,0,1,1,27,0,0,0,0,0,0,0,28,4.5,5,5.5,1,1,2019,CHI,RB,32,2
105466,5058,DA-0212,0,0,0,0,0,0,0,0,0,8,4,36,0,0,0,0,0,0,0,62,3.6,5.6,7.6,1,6,2019,GB,LWR,17,1
105467,5058,AS-0775,0,0,0,0,0,0,0,0,0,2,1,6,0,0,0,0,0,0,0,34,0.6,1.1,1.6,1,3,2019,CHI,TE,87,2
105468,5058,TG-0025,0,0,0,0,0,0,0,0,0,5,2,24,0,0,0,0,0,10,0,67,2.4,3.4,4.4,1,6,2019,CHI,RWR,18,1
105469,5058,CP-0750,0,0,0,0,0,1,0,-2,0,3,1,3,0,0,0,0,0,0,0,20,0.1,0.6,1.1,1,7,2019,CHI,RWR,84,2
105470,5058,MV-0012,0,0,0,0,0,1,0,0,0,6,4,52,0,0,0,0,0,0,0,42,5.2,7.2,9.2,1,2,2019,GB,RWR,83,1
105471,5058,ML-1500,0,0,0,0,0,0,0,0,0,3,2,14,0,0,0,0,0,0,0,34,1.4,2.4,3.4,1,14,2019,GB,TE,89,2
105472,5058,JW-3650,0,0,0,0,0,5,1,0,0,2,2,15,0,0,0,0,0,0,0,26,1.5,2.5,3.5,1,3,2019,GB,RB,30,2
105473,5058,JW-5475,0,0,0,0,0,0,0,0,0,2,0,0,0,0,0,0,0,0,0,21,0,0,0,1,2,2019,CHI,LWR,83,2
105474,5058,RT-1250,0,0,0,0,0,0,0,0,0,1,1,28,0,0,0,0,0,0,0,20,2.8,3.3,3.8,1,3,2019,GB,TE,85,3
105475,5058,AM-1975,0,0,0,0,0,0,0,0,0,1,0,0,0,0,0,0,0,0,0,16,0,0,0,1,2,2019,CHI,SWR,17,1
105476,5059,MR-2500,46,33,304,2,2,2,1,24,0,0,0,0,0,0,0,0,0,0,0,78,18.56,20.56,23.56,1,12,2019,ATL,QB,2,1
105477,5059,DF-1875,0,0,0,0,0,8,2,19,0,4,3,12,0,0,0,0,1,0,0,39,1.1,2.6,5.1,1,6,2019,ATL,RB,24,1
105478,5059,KR-1200,0,0,0,0,0,0,0,0,0,1,0,0,0,0,0,0,0,10,0,53,0,0,0,1,9,2019,MIN,TE,82,1
105479,5059,KC-2350,10,8,98,0,1,6,3,4,1,0,0,0,0,0,0,0,0,0,0,53,14.32,14.32,14.32,1,8,2019,MIN,QB,8,1
105480,5059,DC-3550,0,0,0,0,0,21,9,111,2,2,2,9,0,0,0,0,0,0,0,36,24,25,29,1,3,2019,MIN,RB,33,1
105481,5059,AT-0350,0,0,0,0,0,0,0,0,0,3,3,43,1,0,0,0,0,0,0,47,10.3,11.8,13.3,1,7,2019,MIN,LWR,19,1
105482,5059,KB-0350,0,0,0,0,0,0,0,0,0,0,0,0,0,6,90,0,0,0,0,0,0,0,0,1,7,2019,ATL,RB,38,3
105483,5059,JJ-4700,0,0,0,0,0,0,0,0,0,11,6,31,1,0,0,0,0,0,0,53,9.1,12.1,15.1,1,9,2019,ATL,LWR,11,1
105484,5059,JH-1350,0,0,0,0,0,0,0,0,0,5,4,41,0,0,0,0,0,0,0,22,4.1,6.1,8.1,1,5,2019,ATL,RWR,14,2
105485,5059,RG-0025,0,0,0,0,0,1,0,-1,0,2,1,13,0,0,0,0,0,5,0,13,1.2,1.7,2.2,1,2,2019,ATL,LWR,83,3
105486,5059,CB-1152,0,0,0,0,0,0,0,0,0,1,1,9,0,4,13,0,0,0,0,14,0.9,1.4,1.9,1,2,2019,MIN,LWR,12,2
105487,5059,AM-0825,0,0,0,0,0,9,3,49,0,0,0,0,0,0,0,0,0,0,0,12,4.9,4.9,4.9,1,1,2019,MIN,RB,25,2
105488,5059,SD-0537,0,0,0,0,0,0,0,0,0,2,2,37,0,0,0,0,0,0,0,32,3.7,4.7,5.7,1,5,2019,MIN,RWR,14,1
105489,5059,AA-0025,0,0,0,0,0,2,0,8,0,0,0,0,0,0,0,0,0,0,0,4,0.8,0.8,0.8,1,5,2019,MIN,RB,31,3
105490,5059,MS-0150,0,0,0,0,0,0,0,0,0,6,5,57,0,0,0,0,0,0,0,66,5.7,8.2,10.7,1,8,2019,ATL,RWR,12,1
105491,5059,CR-0862,0,0,0,0,0,0,0,0,0,6,4,64,1,0,0,0,0,5,0,61,12.4,14.4,16.4,1,2,2019,ATL,LWR,18,2
105492,5059,IS-0250,0,0,0,0,0,6,4,31,0,1,1,9,0,0,0,0,0,0,0,39,4,4.5,5,1,2,2019,ATL,RB,25,2
105493,5059,AH-3650,0,0,0,0,0,0,0,0,0,9,9,77,0,0,0,0,0,0,0,62,7.7,12.2,16.7,1,4,2019,ATL,TE,81,1
105494,5059,LS-1900,0,0,0,0,0,0,0,0,0,1,0,0,0,0,0,0,0,0,0,22,0,0,0,1,9,2019,ATL,TE,80,2
105495,5060,JH-4085,0,0,0,0,0,7,4,27,0,0,0,0,0,1,9,0,0,0,0,23,2.7,2.7,2.7,1,1,2019,BAL,RB,43,3
105496,5060,MI-0100,0,0,0,0,0,14,9,107,2,0,0,0,0,0,0,0,0,0,0,25,22.7,22.7,25.7,1,9,2019,BAL,RB,21,1
105497,5060,LJ-0150,20,17,324,0,5,3,1,6,0,0,0,0,0,0,0,0,0,0,0,54,33.56,33.56,36.56,1,2,2019,BAL,QB,8,1
105498,5060,HH-0350,0,0,0,0,0,0,0,0,0,4,3,41,0,0,0,0,0,0,0,43,4.1,5.6,7.1,1,2,2019,BAL,TE,81,3
105499,5060,GE-0150,0,0,0,0,0,17,9,56,0,0,0,0,0,0,0,0,0,0,0,29,5.6,5.6,5.6,1,2,2019,BAL,RB,35,2
105500,5060,NB-0450,0,0,0,0,0,0,0,0,0,3,3,26,0,0,0,0,0,0,0,43,2.6,4.1,5.6,1,5,2019,BAL,TE,86,1
105501,5060,JG-2950,0,0,0,0,0,0,0,0,0,3,1,-3,0,4,59,0,1,5,0,30,-2.3,-1.8,-0.3,1,4,2019,MIA,RWR,19,1
105502,5060,RF-0500,29,14,185,1,1,1,1,8,0,0,0,0,0,0,0,0,0,0,0,45,10.2,11.2,11.2,1,15,2019,MIA,QB,14,1
105503,5060,PW-1150,0,0,0,0,0,0,0,0,0,5,3,24,1,0,0,0,0,0,0,21,8.4,9.9,11.4,1,1,2019,MIA,LWR,18,2
105504,5060,AW-1650,0,0,0,0,0,1,0,1,0,4,2,13,0,0,0,0,0,0,0,6,1.4,2.4,3.4,1,6,2019,MIA,SWR,15,1
105505,5060,KB-0150,0,0,0,0,0,5,1,-1,0,1,1,13,0,0,0,0,0,0,0,20,1.2,1.7,2.2,1,2,2019,MIA,RB,27,2
105506,5060,KD-1462,0,0,0,0,0,4,2,12,0,3,2,15,0,0,0,0,0,0,0,27,2.7,3.7,4.7,1,4,2019,MIA,RB,32,1
105507,5060,MB-4075,0,0,0,0,0,0,0,0,0,5,4,147,2,0,0,0,0,0,0,14,26.7,28.7,33.7,1,1,2019,BAL,LWR,15,3
105508,5060,MG-0325,0,0,0,0,0,0,0,0,0,6,2,31,0,0,0,0,0,0,0,34,3.1,4.1,5.1,1,2,2019,MIA,TE,88,1
105509,5060,MA-1050,0,0,0,0,0,0,0,0,0,8,8,108,1,0,0,0,0,0,0,32,16.8,20.8,27.8,1,2,2019,BAL,TE,89,2
105510,5060,WS-0925,0,0,0,0,0,0,0,0,0,3,2,41,1,0,0,0,0,0,0,50,10.1,11.1,12.1,1,6,2019,BAL,LWR,83,1
105511,5060,DP-0350,0,0,0,0,0,0,0,0,0,7,3,75,0,0,0,0,0,0,0,38,7.5,9,10.5,1,5,2019,MIA,LWR,11,1
105512,5060,MB-3325,0,0,0,0,0,0,0,0,0,1,1,5,1,0,0,0,0,0,0,18,6.5,7,7.5,1,1,2019,BAL,RWR,80,3
105513,5060,AH-3900,0,0,0,0,0,0,0,0,0,3,1,22,0,0,0,0,0,0,0,35,2.2,2.7,3.2,1,6,2019,MIA,SWR,17,2
105514,5060,AL-0650,0,0,0,0,0,1,1,60,0,0,0,0,0,0,0,0,0,0,0,14,6,6,6,1,10,2019,BAL,SS,41,2
105515,5060,PR-0125,0,0,0,0,0,0,0,0,0,1,1,1,1,0,0,0,0,0,0,24,6.1,6.6,7.1,1,3,2019,BAL,FB,42,1
105516,5060,JR-3250,3,1,5,1,0,0,0,0,0,0,0,0,0,0,0,0,0,0,0,5,-1.8,-0.8,-0.8,1,2,2019,MIA,QB,3,2
105517,5060,RG-1850,6,6,55,0,1,4,3,9,0,0,0,0,0,0,0,0,0,0,0,23,7.1,7.1,7.1,1,8,2019,BAL,QB,3,2
105518,5060,MW-0650,0,0,0,0,0,1,0,1,0,0,0,0,0,0,0,0,0,0,0,4,0.1,0.1,0.1,1,2,2019,MIA,RB,22,3
105519,5060,SR-0750,0,0,0,0,0,0,0,0,0,1,1,10,0,0,0,0,0,0,0,52,1,1.5,2,1,6,2019,BAL,RWR,11,1
105520,5061,JA-1087,37,24,254,2,1,10,5,38,1,0,0,0,0,0,0,0,2,0,0,69,15.96,17.96,19.96,1,2,2019,BUF,QB,17,1
105521,5061,CB-1130,0,0,0,0,0,0,0,0,0,9,5,40,0,0,0,0,0,0,0,48,4,6.5,9,1,8,2019,BUF,SWR,10,1
105522,5061,JB-6950,0,0,0,0,0,0,0,0,0,10,7,123,1,0,0,0,0,0,0,59,18.3,21.8,28.3,1,6,2019,BUF,LWR,15,1
105523,5061,PD-0700,0,0,0,0,0,0,0,0,0,2,2,9,0,0,0,0,0,0,0,33,0.9,1.9,2.9,1,9,2019,BUF,FB,42,1
105524,5061,ZJ-0100,0,0,0,0,0,0,0,0,0,5,2,18,0,0,0,0,0,0,0,29,1.8,2.8,3.8,1,3,2019,BUF,RWR,11,1
105525,5061,LB-0250,0,0,0,0,0,17,10,60,0,9,6,32,1,0,0,0,0,0,1,72,17.2,20.2,23.2,1,7,2019,NYJ,RB,26,1
105526,5061,SD-0175,41,28,175,0,1,1,0,0,0,0,0,0,0,0,0,0,0,0,1,72,13,13,13,1,2,2019,NYJ,QB,14,1
105527,5061,JC-5680,0,0,0,0,0,1,1,4,0,17,14,99,0,0,0,0,0,0,0,65,10.3,17.3,24.3,1,5,2019,NYJ,SWR,82,1
105528,5061,JB-2950,0,0,0,0,0,0,0,0,0,1,1,15,0,0,0,0,0,10,0,6,1.5,2,2.5,1,8,2019,NYJ,LWR,15,2
105529,5061,FG-0200,0,0,0,0,0,11,3,20,0,0,0,0,0,0,0,0,0,0,0,19,2,2,2,1,15,2019,BUF,RB,20,1
105530,5061,DK-0950,0,0,0,0,0,0,0,0,0,2,1,1,0,0,0,0,0,0,0,38,0.1,0.6,1.1,1,1,2019,BUF,TE,88,3
105531,5061,DS-2177,0,0,0,0,0,4,4,70,0,6,5,28,0,0,0,0,0,0,0,48,9.8,12.3,14.8,1,1,2019,BUF,RB,26,2
105532,5061,QE-0100,0,0,0,0,0,0,0,0,0,3,1,-4,0,0,0,0,0,10,0,66,-0.4,0.1,0.6,1,6,2019,NYJ,RWR,81,1
105533,5061,RG-1870,0,0,0,0,0,0,0,0,0,4,3,10,0,0,0,0,0,0,0,68,1,2.5,4,1,7,2019,NYJ,TE,85,1
105534,5061,RA-1125,0,0,0,0,0,0,0,0,0,7,3,23,0,0,0,0,0,0,0,69,2.3,3.8,5.3,1,4,2019,NYJ,LWR,11,1
105535,5061,TS-3656,0,0,0,0,0,0,0,0,0,2,2,35,0,0,0,0,0,0,0,23,3.5,4.5,5.5,1,1,2019,BUF,TE,89,4
105536,5061,BB-1950,0,0,0,0,0,0,0,0,0,0,0,0,0,1,10,0,0,0,0,0,0,0,0,1,2,2019,NYJ,SWR,10,2
105537,5061,TM-3150,0,0,0,0,0,2,0,4,0,0,0,0,0,0,0,0,0,0,0,5,0.4,0.4,0.4,1,5,2019,NYJ,RB,88,2
105538,5062,MH-0875,0,0,0,0,0,0,0,0,0,1,0,0,0,3,45,0,0,0,0,53,0,0,0,1,1,2019,KC,RWR,17,2
105539,5062,DW-3125,0,0,0,0,0,13,7,26,1,6,6,39,0,0,0,0,0,0,0,45,12.5,15.5,18.5,1,6,2019,KC,RB,26,3
105540,5062,PM-0025,33,25,378,0,3,1,0,2,0,0,0,0,0,0,0,0,0,0,0,59,27.32,27.32,30.32,1,3,2019,KC,QB,15,1
105541,5062,TH-1750,0,0,0,0,0,1,1,5,0,2,2,16,0,1,0,0,0,0,0,12,2.1,3.1,4.1,1,4,2019,KC,LWR,10,1
105542,5062,SW-0450,0,0,0,0,0,0,0,0,0,11,9,198,3,0,0,0,0,0,0,65,37.8,42.3,49.8,1,6,2019,KC,RWR,14,1
105543,5062,LF-0650,0,0,0,0,0,13,6,66,0,6,4,28,0,0,0,0,1,0,0,50,7.4,9.4,12.4,1,3,2019,JAC,RB,27,1
105544,5062,NF-0250,8,5,75,0,1,0,0,0,0,0,0,0,0,0,0,0,0,0,0,11,7,7,7,1,8,2019,JAC,QB,7,1
105545,5062,DC-1418,0,0,0,0,0,0,0,0,0,4,4,146,1,0,0,0,0,0,0,41,20.6,22.6,27.6,1,2,2019,JAC,RWR,17,2
105546,5062,CC-3950,0,0,0,0,0,0,0,0,0,7,6,97,1,0,0,0,0,0,0,44,15.7,18.7,21.7,1,5,2019,JAC,SWR,18,2
105547,5062,TK-0150,0,0,0,0,0,0,0,0,0,8,3,88,0,0,0,0,0,0,0,50,8.8,10.3,11.8,1,7,2019,KC,TE,87,1
105548,5062,JO-0150,0,0,0,0,0,0,0,0,0,5,4,32,0,0,0,0,0,0,0,38,3.2,5.2,7.2,1,5,2019,JAC,TE,80,1
105549,5062,GS-1400,0,0,0,0,0,0,0,0,0,4,4,17,0,0,0,0,0,10,0,29,1.7,3.7,5.7,1,5,2019,JAC,TE,87,1
105550,5062,LM-1000,0,0,0,0,0,10,7,81,0,1,1,12,0,0,0,0,0,0,0,20,9.3,9.8,10.3,1,11,2019,KC,RB,25,2
105551,5062,GM-1350,25,22,275,1,2,1,0,6,0,0,0,0,0,0,0,0,0,0,0,47,17.6,18.6,18.6,1,1,2019,JAC,QB,15,2
105552,5062,DW-2275,0,0,0,0,0,1,0,2,0,6,5,30,1,0,0,0,0,0,0,48,9.2,11.7,14.2,1,3,2019,JAC,SWR,12,1
105553,5062,DR-2225,0,0,0,0,0,0,0,0,0,2,1,0,0,0,0,0,0,0,0,43,0,0.5,1,1,4,2019,KC,LWR,11,2
105554,5062,DT-1231,0,0,0,0,0,0,0,0,0,1,1,3,0,0,0,0,0,0,0,2,0.3,0.8,1.3,1,1,2019,KC,RB,25,4
105555,5062,AS-0900,0,0,0,0,0,0,0,0,0,1,1,15,0,0,0,0,0,0,0,10,1.5,2,2.5,1,9,2019,KC,FB,42,1
105556,5062,TE-0350,0,0,0,0,0,0,0,0,0,0,0,0,0,2,38,0,0,0,0,0,0,0,0,1,4,2019,JAC,RB,24,3
105557,5062,BB-1550,0,0,0,0,0,0,0,0,0,1,1,7,0,0,0,0,0,0,0,33,0.7,1.2,1.7,1,5,2019,KC,TE,81,3
105558,5062,RA-1337,0,0,0,0,0,1,1,7,0,1,0,0,0,0,0,0,0,0,0,8,0.7,0.7,0.7,1,1,2019,JAC,RB,23,2
105559,5062,MM-4700,1,0,0,0,0,1,0,-1,0,0,0,0,0,0,0,0,0,0,0,9,-0.1,-0.1,-0.1,1,13,2019,KC,QB,6,2
105560,5063,CM-1225,0,0,0,0,0,19,12,128,2,11,10,81,0,0,0,0,0,0,0,67,32.9,37.9,45.9,1,3,2019,CAR,RB,22,1
105561,5063,CN-0500,38,25,239,1,0,3,0,-2,0,0,0,0,0,0,0,0,1,0,0,67,5.36,6.36,7.36,1,9,2019,CAR,QB,1,1
105562,5063,DM-2850,0,0,0,0,0,0,0,0,0,10,7,76,0,0,0,0,1,0,0,63,5.6,9.1,13.6,1,2,2019,CAR,LWR,12,1
105563,5063,JG-1850,39,23,186,1,1,4,0,0,0,0,0,0,0,0,0,0,0,0,0,77,9.44,10.44,10.44,1,4,2019,LA,QB,16,1
105564,5063,CK-1300,0,0,0,0,0,0,0,0,0,10,7,46,0,0,0,0,0,0,0,69,4.6,8.1,11.6,1,3,2019,LA,LWR,18,1
105565,5063,TG-1950,0,0,0,0,0,14,10,97,0,1,1,4,0,0,0,0,0,0,0,54,10.1,10.6,11.1,1,5,2019,LA,RB,30,1
105566,5063,TH-1550,0,0,0,0,0,0,0,0,0,5,4,20,1,0,0,0,0,0,0,40,8,10,12,1,4,2019,LA,TE,89,1
105567,5063,BC-2325,0,0,0,0,0,0,0,0,0,6,2,39,0,0,0,0,0,0,0,71,3.9,4.9,5.9,1,6,2019,LA,SWR,12,1
105568,5063,GO-0100,0,0,0,0,0,0,0,0,0,9,4,36,0,0,0,0,0,0,0,63,3.6,5.6,7.6,1,13,2019,CAR,TE,88,1
105569,5063,CS-0050,0,0,0,0,0,0,0,0,0,4,3,32,0,0,0,0,0,0,0,62,3.2,4.7,6.2,1,3,2019,CAR,RWR,10,1
105570,5063,RW-4050,0,0,0,0,0,2,1,16,0,13,8,70,0,0,0,0,0,0,0,73,8.6,12.6,16.6,1,7,2019,LA,RWR,17,1
105571,5063,RM-2050,0,0,0,0,0,0,0,0,0,0,0,0,0,4,75,0,0,0,0,0,0,0,0,1,2,2019,CAR,LWR,14,3
105572,5063,JR-1950,0,0,0,0,0,0,0,0,0,2,0,0,0,0,0,0,0,0,0,25,0,0,0,1,3,2019,LA,RWR,83,2
105573,5063,CM-0175,0,0,0,0,0,0,0,0,0,0,0,0,0,0,0,0,0,10,0,18,0,0,0,1,6,2019,CAR,TE,82,3
105574,5063,MB-3862,0,0,0,0,0,11,8,53,2,0,0,0,0,0,0,0,0,0,0,21,17.3,17.3,17.3,1,5,2019,LA,RB,34,2
105575,5063,JN-0350,0,0,0,0,0,0,0,0,0,0,0,0,0,3,19,0,0,0,0,0,0,0,0,1,3,2019,LA,LWR,19,2
105576,5063,GE-0400,0,0,0,0,0,0,0,0,0,1,1,7,0,0,0,0,0,10,0,30,0.7,1.2,1.7,1,3,2019,LA,TE,81,2
105577,5063,IT-0150,0,0,0,0,0,0,0,0,0,1,0,0,0,0,0,0,0,0,0,4,0,0,0,1,2,2019,CAR,TE,80,2
105578,5063,JW-6560,0,0,0,0,0,0,0,0,0,1,1,14,0,0,0,0,0,0,0,40,1.4,1.9,2.4,1,8,2019,CAR,RWR,13,2
105579,5063,DH-2325,0,0,0,0,0,1,0,0,0,0,0,0,0,0,0,0,0,0,0,2,0,0,0,1,1,2019,LA,RB,27,3
105580,5063,CH-3350,0,0,0,0,0,0,0,0,0,1,0,0,0,0,0,0,0,0,0,5,0,0,0,1,9,2019,CAR,LWR,15,2
105581,5063,AA-0557,0,0,0,0,0,1,1,1,1,0,0,0,0,0,0,0,0,0,0,12,6.1,6.1,6.1,1,3,2019,CAR,FB,40,1
105582,5064,DH-3137,0,0,0,0,0,1,1,4,1,2,1,14,0,4,101,0,0,0,0,13,7.8,8.3,8.8,1,2,2019,CLE,RB,25,2
105583,5064,BM-0650,38,25,285,3,1,0,0,0,0,0,0,0,0,0,0,0,0,0,0,73,9.4,12.4,12.4,1,2,2019,CLE,QB,6,1
105584,5064,RH-1950,0,0,0,0,0,0,0,0,0,3,2,46,0,0,0,0,0,0,0,32,4.6,5.6,6.6,1,4,2019,CLE,LWR,81,2
105585,5064,JL-0215,0,0,0,0,0,1,1,10,0,7,4,67,0,1,0,0,0,0,0,73,7.7,9.7,11.7,1,6,2019,CLE,LWR,80,1
105586,5064,NC-0175,0,0,0,0,0,17,5,75,0,4,3,10,0,0,0,0,0,0,0,51,8.5,10,11.5,1,2,2019,CLE,RB,24,1
105587,5064,OB-0075,0,0,0,0,0,0,0,0,0,11,7,71,0,0,0,0,0,10,0,73,7.1,10.6,14.1,1,6,2019,CLE,RWR,13,1
105588,5064,DJ-0850,0,0,0,0,0,0,0,0,0,0,0,0,0,2,28,0,0,0,0,5,0,0,0,1,5,2019,TEN,LWR,15,2
105589,5064,MM-0912,24,14,248,0,3,3,2,24,0,0,0,0,0,0,0,0,0,0,0,59,24.32,24.32,24.32,1,5,2019,TEN,QB,8,1
105590,5064,DW-0500,0,0,0,0,0,0,0,0,0,6,5,55,2,0,0,0,0,0,0,29,17.5,20,22.5,1,14,2019,TEN,TE,82,1
105591,5064,DH-2450,0,0,0,0,0,19,10,84,1,2,1,75,1,0,0,0,0,15,0,36,27.9,28.4,28.9,1,4,2019,TEN,RB,22,1
105592,5064,AB-3150,0,0,0,0,0,0,0,0,0,4,3,100,0,0,0,0,0,0,0,26,10,11.5,16,1,1,2019,TEN,RWR,11,2
105593,5064,DL-1700,0,0,0,0,0,3,1,7,0,4,3,6,0,0,0,0,0,0,0,26,1.3,2.8,4.3,1,9,2019,TEN,RB,33,2
105594,5064,DN-1225,0,0,0,0,0,0,0,0,0,6,4,37,1,0,0,0,0,0,0,66,9.7,11.7,13.7,1,3,2019,CLE,TE,85,1
105595,5064,AH-3862,0,0,0,0,0,0,0,0,0,1,1,5,0,4,0,0,0,0,0,22,0.5,1,1.5,1,5,2019,TEN,SWR,10,1
105596,5064,JS-4550,0,0,0,0,0,1,1,10,0,1,1,7,0,0,0,0,0,0,0,37,1.7,2.2,2.7,1,3,2019,TEN,TE,81,1
105597,5064,CD-0975,0,0,0,0,0,0,0,0,0,3,0,0,0,0,0,0,0,0,0,45,0,0,0,1,3,2019,TEN,LWR,84,1
105598,5064,DH-1450,0,0,0,0,0,0,0,0,0,1,0,0,0,0,0,0,0,20,0,13,0,0,0,1,7,2019,CLE,TE,88,1
105599,5064,MP-2350,0,0,0,0,0,0,0,0,0,1,0,0,0,0,0,0,0,0,0,34,0,0,0,1,5,2019,TEN,TE,85,2
105600,5064,TS-1262,0,0,0,0,0,0,0,0,0,2,0,0,0,0,0,0,0,0,0,30,0,0,0,1,4,2019,TEN,RWR,19,1
105601,5064,DR-0550,0,0,0,0,0,0,0,0,0,2,2,17,0,0,0,0,0,0,0,35,1.7,2.7,3.7,1,2,2019,CLE,RWR,18,2
105602,5064,DJ-0887,0,0,0,0,0,1,0,13,0,2,2,23,0,1,23,0,0,0,0,9,3.6,4.6,5.6,1,1,2019,CLE,RB,30,3
105603,5064,RT-0150,0,0,0,0,0,2,0,-2,0,0,0,0,0,0,0,0,0,0,0,2,-0.2,-0.2,-0.2,1,8,2019,TEN,QB,17,2
105604,5065,DG-3200,0,0,0,0,0,10,3,18,0,3,3,20,0,0,0,0,0,0,0,24,3.8,5.3,6.8,1,2,2019,WAS,RB,29,1
105605,5065,CK-0250,44,30,380,0,3,0,0,0,0,0,0,0,0,0,0,0,0,0,0,67,27.2,27.2,30.2,1,8,2019,WAS,QB,8,1
105606,5065,JS-5475,0,0,0,0,0,0,0,0,0,1,1,8,0,0,0,0,0,0,0,14,0.8,1.3,1.8,1,3,2019,WAS,TE,87,3
105607,5065,PR-0150,0,0,0,0,0,0,0,0,0,7,4,36,0,0,0,0,0,0,0,52,3.6,5.6,7.6,1,6,2019,WAS,RWR,10,1
105608,5065,VD-0100,0,0,0,0,0,0,0,0,0,7,4,59,1,0,0,0,0,0,0,55,11.9,13.9,15.9,1,14,2019,WAS,TE,85,2
105609,5065,CW-1425,39,28,313,0,3,4,3,5,0,0,0,0,0,0,0,0,0,0,0,75,25.02,25.02,28.02,1,4,2019,PHI,QB,11,1
105610,5065,ZE-0100,0,0,0,0,0,0,0,0,0,7,5,54,0,0,0,0,0,0,0,62,5.4,7.9,10.4,1,7,2019,PHI,TE,86,1
105611,5065,DJ-0200,0,0,0,0,0,0,0,0,0,10,8,154,2,0,0,0,0,15,0,52,27.4,31.4,38.4,1,12,2019,PHI,RWR,10,1
105612,5065,MS-0125,0,0,0,0,0,11,3,25,0,2,1,2,0,0,0,0,0,0,0,36,2.7,3.2,3.7,1,1,2019,PHI,RB,26,2
105613,5065,DS-3300,0,0,0,0,0,9,4,47,0,3,3,16,0,4,46,0,0,0,1,23,8.3,9.8,11.3,1,15,2019,PHI,RB,43,3
105614,5065,NA-0050,0,0,0,0,0,0,0,0,0,5,2,11,0,0,0,0,0,0,0,60,1.1,2.1,3.1,1,5,2019,PHI,SWR,13,1
105615,5065,TQ-0100,0,0,0,0,0,0,0,0,0,6,4,33,1,3,16,0,0,7,0,65,9.3,11.3,13.3,1,2,2019,WAS,SWR,14,1
105616,5065,KH-0525,0,0,0,0,0,0,0,0,0,2,2,31,0,0,0,0,0,0,0,15,3.1,4.1,5.1,1,1,2019,WAS,RWR,13,2
105617,5065,CT-1220,0,0,0,0,0,3,1,10,0,10,7,68,0,0,0,0,0,0,0,43,7.8,11.3,14.8,1,7,2019,WAS,RB,25,2
105618,5065,TM-2275,0,0,0,0,0,0,0,0,0,7,5,125,1,0,0,0,0,0,0,62,18.5,21,26.5,1,1,2019,WAS,LWR,17,1
105619,5065,JH-5575,0,0,0,0,0,6,6,44,0,3,2,11,0,0,0,0,0,0,0,17,5.5,6.5,7.5,1,4,2019,PHI,RB,24,1
105620,5065,AJ-0430,0,0,0,0,0,1,1,2,1,6,5,49,1,0,0,0,0,0,0,60,17.1,19.6,22.1,1,8,2019,PHI,LWR,17,1
105621,5065,DG-1287,0,0,0,0,0,0,0,0,0,3,2,16,0,0,0,0,0,0,0,41,1.6,2.6,3.6,1,2,2019,PHI,TE,88,2
105622,5065,JA-1975,0,0,0,0,0,0,0,0,0,0,0,0,0,0,0,0,0,10,0,5,0,0,0,1,1,2019,PHI,LWR,19,2
105623,5066,AD-0100,51,35,418,0,2,0,0,0,0,0,0,0,0,0,0,0,2,0,0,77,20.72,20.72,25.72,1,9,2019,CIN,QB,14,1
105624,5066,TB-2075,0,0,0,0,0,1,0,3,0,11,8,60,0,0,0,0,0,0,0,61,6.3,10.3,14.3,1,4,2019,CIN,SWR,83,1
105625,5066,JR-3280,0,0,0,0,0,0,0,0,0,12,7,158,2,0,0,0,0,0,0,63,27.8,31.3,37.8,1,3,2019,CIN,RWR,11,1
105626,5066,JM-5275,0,0,0,0,0,6,1,10,0,3,2,7,0,0,0,0,0,0,0,29,1.7,2.7,3.7,1,3,2019,CIN,RB,28,1
105627,5066,CC-0750,0,0,0,0,0,15,5,46,1,7,6,35,1,0,0,0,1,0,0,41,18.1,21.1,25.1,1,3,2019,SEA,RB,32,1
105628,5066,RW-3850,20,14,196,0,2,4,1,8,0,0,0,0,0,0,0,0,0,0,0,53,16.64,16.64,16.64,1,8,2019,SEA,QB,3,1
105629,5066,DM-2275,0,0,0,0,0,0,0,0,0,6,4,89,0,0,0,0,0,0,0,41,8.9,10.9,12.9,1,1,2019,SEA,LWR,14,4
105630,5066,AE-1037,0,0,0,0,0,0,0,0,0,4,4,28,0,7,34,0,1,0,0,11,0.8,2.8,5.8,1,4,2019,CIN,SWR,12,2
105631,5066,DS-0050,0,0,0,0,0,0,0,0,0,0,0,0,0,0,0,0,0,10,0,3,0,0,0,1,1,2019,CIN,TE,89,3
105632,5066,DW-3987,0,0,0,0,0,0,0,0,0,5,3,30,0,0,0,0,0,0,0,69,3,4.5,6,1,1,2019,CIN,LWR,15,1
105633,5066,TE-0300,0,0,0,0,0,0,0,0,0,6,5,27,0,0,0,0,0,0,0,38,2.7,5.2,7.7,1,7,2019,CIN,TE,85,2
105634,5066,WD-0550,0,0,0,0,0,0,0,0,0,2,1,12,0,0,0,0,0,5,0,27,1.2,1.7,2.2,1,2,2019,SEA,TE,88,2
105635,5066,TL-1025,0,0,0,0,0,0,0,0,0,2,1,44,1,2,0,0,0,0,0,48,10.4,10.9,11.4,1,5,2019,SEA,RWR,16,1
105636,5066,RP-0550,0,0,0,0,0,6,3,18,0,0,0,0,0,1,21,0,0,0,0,14,1.8,1.8,1.8,1,2,2019,SEA,RB,20,2
105637,5066,CU-0150,0,0,0,0,0,0,0,0,0,5,4,66,0,0,0,0,0,0,0,54,6.6,8.6,10.6,1,5,2019,CIN,TE,87,1
105638,5066,GB-0350,0,0,0,0,0,7,2,21,0,3,2,42,0,0,0,0,0,0,0,48,6.3,7.3,8.3,1,7,2019,CIN,RB,25,2
105639,5066,NV-0050,0,0,0,0,0,0,0,0,0,2,2,16,0,0,0,0,0,0,0,24,1.6,2.6,3.6,1,4,2019,SEA,TE,81,1
105640,5066,CC-0775,0,0,0,0,0,0,0,0,0,0,0,0,0,0,0,0,0,8,0,0,0,0,0,1,3,2019,CIN,TE,82,4
105641,5067,AE-0550,0,0,0,0,0,12,6,58,1,7,6,96,2,0,0,0,0,0,0,48,33.4,36.4,39.4,1,3,2019,LAC,RB,30,1
105642,5067,PR-0300,34,25,333,1,3,1,1,6,0,0,0,0,0,0,0,0,0,0,0,64,23.92,24.92,27.92,1,16,2019,LAC,QB,17,1
105643,5067,KA-0650,0,0,0,0,0,0,0,0,0,10,8,123,1,0,0,0,0,0,0,53,18.3,22.3,29.3,1,7,2019,LAC,LWR,13,1
105644,5067,CR-1525,0,0,0,0,0,0,0,0,0,0,0,0,0,2,5,0,0,0,0,25,0,0,0,1,4,2019,IND,RWR,80,3
105645,5067,JB-5725,27,21,190,0,2,3,2,9,0,0,0,0,0,0,0,0,0,0,0,63,16.5,16.5,16.5,1,4,2019,IND,QB,7,1
105646,5067,TH-1850,0,0,0,0,0,0,0,0,0,9,8,87,2,0,0,0,0,0,0,56,20.7,24.7,28.7,1,8,2019,IND,LWR,13,1
105647,5067,DC-0025,0,0,0,0,0,0,0,0,0,2,2,35,0,0,0,0,0,0,0,11,3.5,4.5,5.5,1,2,2019,IND,LWR,11,2
105648,5067,MM-0050,0,0,0,0,0,25,17,174,1,0,0,0,0,0,0,0,0,0,1,48,25.4,25.4,28.4,1,3,2019,IND,RB,25,1
105649,5067,JJ-0575,0,0,0,0,0,6,3,57,0,3,1,4,0,0,0,0,0,0,0,16,6.1,6.6,7.1,1,2,2019,LAC,RB,22,2
105650,5067,DI-0075,0,0,0,0,0,0,0,0,0,1,1,5,0,0,0,0,0,0,0,27,0.5,1,1.5,1,9,2019,LAC,LWR,16,3
105651,5067,PC-0050,0,0,0,0,0,1,1,7,0,1,1,1,0,2,44,0,0,0,0,18,0.8,1.3,1.8,1,1,2019,IND,LWR,15,3
105652,5067,DF-2200,0,0,0,0,0,0,0,0,0,5,3,32,0,0,0,0,0,0,0,36,3.2,4.7,6.2,1,5,2019,IND,RWR,17,1
105653,5067,JD-2550,0,0,0,0,0,0,0,0,0,2,1,20,0,0,0,0,0,0,0,43,2,2.5,3,1,7,2019,IND,TE,84,1
105654,5067,NH-1237,0,0,0,0,0,4,2,13,0,4,4,4,0,0,0,0,0,0,0,17,1.7,3.7,5.7,1,2,2019,IND,RB,21,2
105655,5067,MA-0487,0,0,0,0,0,0,0,0,0,1,1,3,0,0,0,0,0,0,0,13,0.3,0.8,1.3,1,3,2019,IND,TE,81,2
105656,5067,TB-1060,0,0,0,0,0,0,0,0,0,3,2,12,0,0,0,0,0,0,0,31,1.2,2.2,3.2,1,8,2019,LAC,LWR,12,2
105657,5067,MW-2825,0,0,0,0,0,0,0,0,0,3,2,29,0,0,0,0,0,0,0,41,2.9,3.9,4.9,1,3,2019,LAC,RWR,81,1
105658,5067,TT-0500,0,0,0,0,0,0,0,0,0,1,0,0,0,0,0,0,0,0,0,1,0,0,0,1,9,2019,LAC,QB,5,2
105659,5067,DW-1750,0,0,0,0,0,2,2,4,0,0,0,0,0,0,0,0,0,0,0,15,0.4,0.4,0.4,1,4,2019,LAC,FB,34,1
105660,5067,HH-0225,0,0,0,0,0,0,0,0,0,5,4,60,0,0,0,0,0,10,0,58,6,8,10,1,4,2019,LAC,TE,86,1
105661,5067,EE-0050,0,0,0,0,0,0,0,0,0,3,1,8,0,0,0,0,0,0,0,25,0.8,1.3,1.8,1,6,2019,IND,TE,85,1
105662,5067,VG-0300,0,0,0,0,0,0,0,0,0,1,1,4,0,0,0,0,0,0,0,27,0.4,0.9,1.4,1,9,2019,LAC,TE,88,2
105663,5068,MS-4100,45,27,385,0,3,3,2,22,0,0,0,0,0,0,0,0,1,0,0,88,27.6,27.6,31.6,1,11,2019,DET,QB,9,1
105664,5068,KJ-0587,0,0,0,0,0,16,9,49,0,2,2,13,0,0,0,0,0,0,0,50,6.2,7.2,8.2,1,2,2019,DET,RB,33,1
105665,5068,KG-0650,0,0,0,0,0,0,0,0,0,9,4,42,1,0,0,0,0,0,0,86,10.2,12.2,14.2,1,3,2019,DET,LWR,19,1
105666,5068,CA-0750,0,0,0,0,0,11,5,35,0,0,0,0,0,0,0,0,0,0,0,26,3.5,3.5,3.5,1,7,2019,DET,RB,26,2
105667,5068,CK-0825,0,0,0,0,0,1,1,12,0,12,4,32,0,5,18,0,0,0,1,83,6.4,8.4,10.4,1,2,2019,ARI,SWR,13,1
105668,5068,KM-3500,54,29,308,1,2,3,2,13,0,0,0,0,0,0,0,0,0,0,1,89,21.62,22.62,25.62,1,1,2019,ARI,QB,1,1
105669,5068,KJ-0537,0,0,0,0,0,0,0,0,0,10,5,46,0,0,0,0,0,5,0,68,4.6,7.1,9.6,1,1,2019,ARI,SWR,19,2
105670,5068,DJ-1325,0,0,0,0,0,18,7,82,0,7,6,55,1,0,0,0,0,0,0,77,19.7,22.7,25.7,1,5,2019,ARI,RB,31,1
105671,5068,DB-6375,0,0,0,0,0,0,0,0,0,7,4,42,0,0,0,0,0,5,0,78,4.2,6.2,8.2,1,5,2019,ARI,LWR,14,2
105672,5068,TH-1875,0,0,0,0,0,0,0,0,0,9,6,131,1,0,0,0,0,0,0,64,19.1,22.1,28.1,1,1,2019,DET,TE,88,2
105673,5068,DA-0900,0,0,0,0,0,0,0,0,0,13,7,104,1,0,0,0,0,0,0,47,16.4,19.9,26.4,1,12,2019,DET,SWR,80,1
105674,5068,LF-0200,0,0,0,0,0,0,0,0,0,13,8,113,1,0,0,0,0,0,0,85,17.3,21.3,28.3,1,16,2019,ARI,LWR,11,1
105675,5068,MJ-2250,0,0,0,0,0,1,0,4,0,4,4,56,0,0,0,0,0,0,0,71,6,8,10,1,8,2019,DET,RWR,11,1
105676,5068,AI-0100,0,0,0,0,0,0,0,0,0,0,0,0,0,4,86,0,0,0,0,0,0,0,0,1,1,2019,ARI,LWR,89,3
105677,5068,CE-0175,0,0,0,0,0,1,1,5,0,1,0,0,0,0,0,0,0,0,0,10,0.5,0.5,0.5,1,2,2019,ARI,RB,29,2
105678,5068,JM-3475,0,0,0,0,0,0,0,0,0,2,2,24,0,0,0,0,0,0,0,5,2.4,3.4,4.4,1,4,2019,DET,RB,41,4
105679,5068,NB-0125,0,0,0,0,0,0,0,0,0,1,1,0,0,0,0,0,0,0,0,22,0,0.5,1,1,2,2019,DET,FB,46,1
105680,5068,TJ-2275,0,0,0,0,0,1,1,6,0,0,0,0,0,0,0,0,0,0,0,8,0.6,0.6,0.6,1,1,2019,DET,RB,31,3
105681,5068,JJ-0725,0,0,0,0,0,0,0,0,0,1,1,15,0,0,0,0,0,0,0,51,1.5,2,2.5,1,5,2019,DET,TE,83,1
105682,5068,MW-2450,0,0,0,0,0,0,0,0,0,1,1,15,0,0,0,0,0,0,0,22,1.5,2,2.5,1,5,2019,ARI,TE,87,2
105683,5068,CC-2100,0,0,0,0,0,0,0,0,0,1,1,5,0,0,0,0,0,0,0,14,0.5,1,1.5,1,9,2019,ARI,TE,85,1
105684,5069,DP-2037,32,25,405,0,4,4,2,12,0,0,0,0,0,0,0,0,0,0,0,65,33.4,33.4,36.4,1,4,2019,DAL,QB,4,1
105685,5069,AC-2350,0,0,0,0,0,0,0,0,0,9,6,106,1,0,0,0,0,5,0,52,16.6,19.6,25.6,1,5,2019,DAL,RWR,19,1
105686,5069,EE-0250,0,0,0,0,0,13,8,53,1,2,1,10,0,0,0,0,0,10,0,37,12.3,12.8,13.3,1,4,2019,DAL,RB,21,1
105687,5069,EM-0200,44,30,306,0,1,1,1,6,0,0,0,0,0,0,0,0,1,10,0,64,14.84,14.84,18.84,1,16,2019,NYG,QB,10,1
105688,5069,SB-0212,0,0,0,0,0,11,8,120,0,6,4,19,0,0,0,0,0,0,0,55,13.9,15.9,20.9,1,2,2019,NYG,RB,26,1
105689,5069,EE-0400,0,0,0,0,0,0,0,0,0,14,11,116,1,0,0,0,0,0,0,53,17.6,23.1,31.6,1,3,2019,NYG,TE,88,1
105690,5069,SS-1250,0,0,0,0,0,0,0,0,0,7,6,42,0,0,0,0,0,0,0,68,4.2,7.2,10.2,1,4,2019,NYG,RWR,87,1
105691,5069,JW-6000,0,0,0,0,0,0,0,0,0,4,3,15,1,0,0,0,0,0,0,45,7.5,9,10.5,1,17,2019,DAL,TE,82,1
105692,5069,RC-1500,0,0,0,0,0,0,0,0,0,5,4,69,1,1,0,0,0,0,0,48,12.9,14.9,16.9,1,9,2019,DAL,SWR,18,1
105693,5069,MG-0175,0,0,0,0,0,0,0,0,0,7,7,158,0,0,0,0,0,0,0,53,15.8,19.3,25.8,1,2,2019,DAL,LWR,13,1
105694,5069,TP-1650,0,0,0,0,0,13,1,24,0,0,0,0,0,0,0,0,0,0,0,22,2.4,2.4,2.4,1,1,2019,DAL,RB,20,2
105695,5069,BJ-0950,0,0,0,0,0,0,0,0,0,3,3,39,1,0,0,0,0,0,0,27,9.9,11.4,12.9,1,3,2019,DAL,TE,89,2
105696,5069,CL-0275,0,0,0,0,0,0,0,0,0,8,3,74,0,0,0,0,0,10,0,61,7.4,8.9,10.4,1,6,2019,NYG,RWR,12,2
105697,5069,RE-0400,0,0,0,0,0,0,0,0,0,2,1,8,0,0,0,0,0,0,0,22,0.8,1.3,1.8,1,8,2019,NYG,TE,85,2
105698,5069,JO-0550,0,0,0,0,0,0,0,0,0,1,0,0,0,0,0,0,0,0,0,16,0,0,0,1,8,2019,DAL,FB,49,1
105699,5069,TA-1050,0,0,0,0,0,0,0,0,0,1,1,8,0,2,0,0,0,0,0,25,0.8,1.3,1.8,1,7,2019,DAL,SWR,10,2
105700,5069,BF-0950,0,0,0,0,0,0,0,0,0,5,5,40,0,0,0,0,0,0,0,50,4,6.5,9,1,6,2019,NYG,LWR,18,1
105701,5069,EP-0350,0,0,0,0,0,2,0,3,0,0,0,0,0,0,0,0,0,0,0,6,0.3,0.3,0.3,1,4,2019,NYG,RB,39,4
105702,5069,CC-4450,0,0,0,0,0,0,0,0,0,0,0,0,0,0,0,0,0,15,0,0,0,0,0,1,4,2019,NYG,LWR,17,3
105703,5069,WG-0050,0,0,0,0,0,2,2,17,1,3,3,24,0,0,0,0,0,0,0,14,10.1,11.6,13.1,1,3,2019,NYG,RB,22,2
105704,5069,DJ-2275,4,3,17,0,0,1,0,5,0,0,0,0,0,0,0,0,1,0,0,5,-0.82,-0.82,0.18,1,1,2019,NYG,QB,8,2
105705,5070,TL-1037,0,0,0,0,0,0,0,0,0,0,0,0,0,3,60,0,0,0,0,1,0,0,0,1,3,2019,TB,RB,22,4
105706,5070,PB-0125,0,0,0,0,0,8,3,33,0,4,2,12,0,0,0,0,0,0,0,25,4.5,5.5,6.5,1,4,2019,TB,RB,25,1
105707,5070,JW-5650,36,20,194,3,1,5,2,13,0,0,0,0,0,0,0,0,0,15,0,70,7.06,10.06,10.06,1,5,2019,TB,QB,3,1
105708,5070,OH-0250,0,0,0,0,0,0,0,0,0,5,4,32,0,0,0,0,1,0,0,55,1.2,3.2,6.2,1,3,2019,TB,TE,80,1
105709,5070,CG-1425,0,0,0,0,0,0,0,0,0,6,3,53,1,0,0,0,0,0,0,64,11.3,12.8,14.3,1,3,2019,TB,LWR,12,1
105710,5070,TC-2050,0,0,0,0,0,6,3,23,0,3,2,33,0,0,0,0,0,0,0,18,5.6,6.6,7.6,1,5,2019,SF,RB,26,2
105711,5070,JG-0650,27,18,166,1,1,2,0,-2,0,0,0,0,0,0,0,0,0,0,1,68,10.44,11.44,11.44,1,6,2019,SF,QB,10,1
105712,5070,GK-0075,0,0,0,0,0,0,0,0,0,10,8,54,0,0,0,0,0,0,0,62,5.4,9.4,13.4,1,3,2019,SF,TE,85,1
105713,5070,KJ-1400,0,0,0,0,0,0,0,0,0,0,0,0,0,0,0,0,0,10,0,32,0,0,0,1,7,2019,SF,FB,44,1
105714,5070,BP-0450,0,0,0,0,0,0,0,0,0,5,2,10,0,0,0,0,0,0,0,45,1,2,3,1,5,2019,TB,RWR,19,2
105715,5070,ME-0600,0,0,0,0,0,0,0,0,0,5,2,28,0,0,0,0,0,0,0,60,2.8,3.8,4.8,1,6,2019,TB,RWR,13,1
105716,5070,RJ-2250,0,0,0,0,0,13,9,75,0,1,1,18,0,0,0,0,0,0,0,22,9.3,9.8,10.3,1,2,2019,TB,RB,27,2
105717,5070,DO-0025,0,0,0,0,0,0,0,0,0,5,4,33,0,0,0,0,0,0,0,27,3.3,5.3,7.3,1,3,2019,TB,RB,44,3
105718,5070,RJ-0450,0,0,0,0,0,0,0,0,0,2,1,39,1,1,0,0,0,10,0,26,9.9,10.4,10.9,1,2,2019,SF,RWR,13,2
105719,5070,MG-1050,0,0,0,0,0,0,0,0,0,3,1,7,0,0,0,0,0,0,0,50,0.7,1.2,1.7,1,7,2019,SF,RWR,11,1
105720,5070,BW-2475,0,0,0,0,0,0,0,0,0,0,0,0,0,1,0,0,0,0,0,6,0,0,0,1,3,2019,TB,RWR,85,3
105721,5070,CB-2775,0,0,0,0,0,0,0,0,0,2,2,8,0,0,0,0,0,0,0,31,0.8,1.8,2.8,1,6,2019,TB,TE,84,1
105722,5070,MB-3537,0,0,0,0,0,15,4,37,0,1,0,0,0,0,0,0,0,0,0,30,3.7,3.7,3.7,1,3,2019,SF,RB,22,1
105723,5070,DS-0150,0,0,0,0,0,0,0,0,0,3,3,17,0,0,0,0,1,5,1,60,1.7,3.2,5.7,1,1,2019,SF,LWR,19,3
105724,5070,DP-1263,0,0,0,0,0,0,0,0,0,1,1,7,0,0,0,0,0,0,0,2,0.7,1.2,1.7,1,2,2019,SF,LWR,18,1
105725,5070,RM-5050,0,0,0,0,0,9,4,40,0,1,1,0,0,0,0,0,0,0,0,20,4,4.5,5,1,5,2019,SF,RB,31,3
105726,5070,KB-1625,0,0,0,0,0,0,0,0,0,3,1,9,0,0,0,0,0,0,0,17,0.9,1.4,1.9,1,3,2019,SF,LWR,84,2
105727,5071,BB-2250,0,0,0,0,0,1,1,7,0,0,0,0,0,2,35,0,0,0,0,1,0.7,0.7,0.7,1,8,2019,NE,RB,38,3
105728,5071,SM-2625,0,0,0,0,0,15,6,14,0,0,0,0,0,0,0,0,0,0,0,23,1.4,1.4,1.4,1,2,2019,NE,RB,26,1
105729,5071,JW-2550,0,0,0,0,0,4,2,26,0,7,5,56,0,0,0,0,0,0,0,33,8.2,10.7,13.2,1,6,2019,NE,RB,28,1
105730,5071,TB-2300,36,24,341,0,3,0,0,0,0,0,0,0,0,0,0,0,0,0,0,70,25.64,25.64,28.64,1,20,2019,NE,QB,12,1
105731,5071,JE-0100,1,1,32,0,0,1,1,8,0,11,6,83,0,0,0,0,0,0,0,67,10.38,13.38,16.38,1,11,2019,NE,RWR,11,1
105732,5071,JC-4075,0,0,0,0,0,10,6,21,0,4,4,44,0,0,0,0,0,0,0,32,6.5,8.5,10.5,1,3,2019,PIT,RB,30,1
105733,5071,BR-1100,47,27,276,1,0,1,1,7,0,0,0,0,0,0,0,0,0,0,0,69,9.74,10.74,10.74,1,16,2019,PIT,QB,7,1
105734,5071,JS-4750,0,0,0,0,0,0,0,0,0,8,6,78,0,0,0,0,0,0,0,62,7.8,10.8,13.8,1,3,2019,PIT,RWR,19,1
105735,5071,JS-0280,0,0,0,0,0,2,0,4,0,2,1,2,0,0,0,0,0,0,0,23,0.6,1.1,1.6,1,2,2019,PIT,RB,38,2
105736,5071,JH-5125,0,0,0,0,0,0,0,0,0,2,0,0,0,0,0,0,0,0,0,8,0,0,0,1,4,2019,PIT,LWR,80,3
105737,5071,GO-0150,0,0,0,0,0,0,0,0,0,0,0,0,0,5,35,0,0,0,0,1,0,0,0,1,1,2019,NE,LWR,80,4
105738,5071,RB-4670,0,0,0,0,0,8,5,44,0,8,5,41,0,0,0,0,0,0,0,32,8.5,11,13.5,1,7,2019,NE,RB,34,2
105739,5071,RI-0500,0,0,0,0,0,0,0,0,0,2,1,3,0,0,0,0,0,10,0,45,0.3,0.8,1.3,1,2,2019,NE,TE,85,2
105740,5071,PD-0800,0,0,0,0,0,0,0,0,0,4,4,95,2,0,0,0,0,0,0,61,21.5,23.5,25.5,1,5,2019,NE,LWR,13,1
105741,5071,JG-2450,0,0,0,0,0,0,0,0,0,4,3,73,1,0,0,0,0,0,0,47,13.3,14.8,16.3,1,8,2019,NE,RWR,10,2
105742,5071,DM-2775,0,0,0,0,0,0,0,0,0,10,3,7,0,0,0,0,0,5,0,62,0.7,2.2,3.7,1,6,2019,PIT,LWR,11,1
105743,5071,DJ-1675,0,0,0,0,0,0,0,0,0,5,3,25,0,0,0,0,0,10,0,25,2.5,4,5.5,1,1,2019,PIT,RWR,18,3
105744,5071,JM-4162,0,0,0,0,0,0,0,0,0,1,1,22,0,0,0,0,0,0,0,8,2.2,2.7,3.2,1,1,2019,NE,RWR,16,3
105745,5071,RS-3525,0,0,0,0,0,0,0,0,0,6,6,29,0,4,43,0,0,0,0,46,2.9,5.9,8.9,1,3,2019,PIT,LWR,10,2
105746,5071,JW-0934,0,0,0,0,0,0,0,0,0,6,2,51,0,0,0,0,0,0,0,36,5.1,6.1,7.1,1,2,2019,PIT,RWR,13,2
105747,5071,VM-0250,0,0,0,0,0,0,0,0,0,4,2,40,0,0,0,0,0,0,0,49,4,5,6,1,7,2019,PIT,TE,89,1
105748,5072,CH-5000,0,0,0,0,0,10,8,83,0,1,1,2,0,0,0,0,0,0,0,25,8.5,9,9.5,1,6,2019,HOU,RB,23,2
105749,5072,DF-0550,0,0,0,0,0,0,0,0,0,1,0,0,0,0,0,0,0,5,0,34,0,0,0,1,7,2019,HOU,TE,87,1
105750,5072,DW-1725,30,20,268,1,3,4,2,40,1,0,0,0,0,0,0,0,0,0,0,67,30.72,31.72,31.72,1,3,2019,HOU,QB,4,1
105751,5072,DJ-1850,0,0,0,0,0,9,4,57,0,5,4,33,0,0,0,0,0,4,0,42,9,11,13,1,5,2019,HOU,RB,25,1
105752,5072,DH-3950,0,0,0,0,0,0,0,0,0,13,8,111,2,0,0,0,0,15,0,66,23.1,27.1,34.1,1,7,2019,HOU,LWR,10,1
105753,5072,DH-1487,0,0,0,0,0,0,0,0,0,0,0,0,0,5,65,0,0,5,0,1,0,0,0,1,1,2019,NO,LWR,11,3
105754,5072,DB-3800,43,32,370,1,2,0,0,0,0,0,0,0,0,0,0,0,0,0,0,66,20.8,21.8,24.8,1,19,2019,NO,QB,9,1
105755,5072,AK-0050,0,0,0,0,0,13,6,97,0,8,7,72,0,0,0,0,0,0,0,50,16.9,20.4,23.9,1,3,2019,NO,RB,41,1
105756,5072,MT-0875,0,0,0,0,0,0,0,0,0,13,10,123,0,0,0,0,0,0,0,59,12.3,17.3,25.3,1,4,2019,NO,LWR,13,1
105757,5072,LM-1850,0,0,0,0,0,6,4,43,1,3,2,4,0,0,0,0,0,0,0,18,10.7,11.7,12.7,1,7,2019,NO,RB,28,2
105758,5072,TG-0900,0,0,0,0,0,0,0,0,0,7,7,101,0,0,0,0,0,0,0,49,10.1,13.6,20.1,1,13,2019,NO,RWR,19,1
105759,5072,DC-1050,0,0,0,0,0,0,0,0,0,1,1,-1,0,2,12,0,0,0,0,28,-0.1,0.4,0.9,1,5,2019,HOU,SWR,14,2
105760,5072,JA-0462,0,0,0,0,0,0,0,0,0,2,1,17,0,0,0,0,0,10,0,47,1.7,2.2,2.7,1,2,2019,HOU,TE,88,2
105761,5072,JC-4300,0,0,0,0,0,0,0,0,0,3,2,37,0,0,0,0,0,0,0,42,3.7,4.7,5.7,1,11,2019,NO,TE,87,1
105762,5072,WF-0300,0,0,0,0,0,0,0,0,0,3,2,69,0,0,0,0,0,0,0,65,6.9,7.9,8.9,1,4,2019,HOU,RWR,15,1
105763,5072,KS-2350,0,0,0,0,0,0,0,0,0,3,3,37,1,0,0,0,0,0,0,28,9.7,11.2,12.7,1,7,2019,HOU,RWR,12,2
105764,5072,TS-2425,0,0,0,0,0,0,0,0,0,2,2,26,1,0,0,0,0,0,0,42,8.6,9.6,10.6,1,2,2019,NO,RWR,10,2
105765,5072,TH-1625,0,0,0,0,0,2,1,8,0,2,1,9,1,0,0,0,0,0,0,15,7.7,8.2,8.7,1,3,2019,NO,QB,7,3
105766,5072,JH-4070,0,0,0,0,0,0,0,0,0,1,1,-2,0,0,0,0,0,0,0,32,-0.2,0.3,0.8,1,7,2019,NO,TE,89,2
105767,5073,DH-1800,0,0,0,0,0,0,0,0,0,1,1,7,0,4,108,0,0,0,0,2,0.7,1.2,1.7,1,9,2019,OAK,LWR,17,2
105768,5073,JJ-0587,0,0,0,0,0,23,13,85,2,1,1,28,0,0,0,0,0,0,0,43,23.3,23.8,24.3,1,1,2019,OAK,RB,28,1
105769,5073,DC-0725,26,22,259,0,1,2,0,2,0,0,0,0,0,0,0,0,0,0,0,58,14.56,14.56,14.56,1,6,2019,OAK,QB,4,1
105770,5073,RG-1650,0,0,0,0,0,0,0,0,0,4,3,16,0,0,0,0,0,0,0,41,1.6,3.1,4.6,1,6,2019,OAK,RWR,19,3
105771,5073,DW-0675,0,0,0,0,0,0,0,0,0,8,7,70,0,0,0,0,0,0,0,58,7,10.5,14,1,5,2019,OAK,TE,83,1
105772,5073,TW-2875,0,0,0,0,0,0,0,0,0,7,6,105,1,0,0,0,0,0,0,55,16.5,19.5,25.5,1,5,2019,OAK,RWR,16,1
105773,5073,NF-0175,0,0,0,0,0,1,0,-5,0,5,2,29,0,0,0,0,0,20,0,52,2.4,3.4,4.4,1,1,2019,DEN,TE,87,2
105774,5073,JF-1900,31,21,268,0,1,1,1,1,0,0,0,0,0,0,0,0,0,0,0,64,14.82,14.82,14.82,1,12,2019,DEN,QB,5,1
105775,5073,PL-0275,0,0,0,0,0,11,6,43,0,6,4,23,0,0,0,0,0,0,0,34,6.6,8.6,10.6,1,2,2019,DEN,RB,30,1
105776,5073,HR-0062,0,0,0,0,0,0,0,0,0,3,2,13,0,0,0,0,0,0,0,16,1.3,2.3,3.3,1,1,2019,OAK,RWR,13,2
105777,5073,FM-0675,0,0,0,0,0,0,0,0,0,2,2,20,0,0,0,0,0,0,0,32,2,3,4,1,1,2019,OAK,TE,87,2
105778,5073,CS-4462,0,0,0,0,0,0,0,0,0,8,7,120,0,0,0,0,0,0,0,57,12,15.5,22,1,2,2019,DEN,LWR,14,1
105779,5073,RF-1400,0,0,0,0,0,10,5,56,0,1,1,5,0,0,0,0,0,0,0,30,6.1,6.6,7.1,1,2,2019,DEN,RB,28,2
105780,5073,ES-0200,0,0,0,0,0,0,0,0,0,7,5,86,1,0,0,0,0,5,0,57,14.6,17.1,19.6,1,10,2019,DEN,RWR,10,1
105781,5073,DH-1050,0,0,0,0,0,0,0,0,0,4,2,5,0,0,0,0,0,0,0,49,0.5,1.5,2.5,1,2,2019,DEN,RWR,17,2
105782,5073,JR-2075,0,0,0,0,0,1,0,3,0,0,0,0,0,0,0,0,0,0,0,9,0.3,0.3,0.3,1,4,2019,OAK,RB,30,2
105783,5073,DW-1350,0,0,0,0,0,2,1,8,0,0,0,0,0,0,0,0,0,0,0,5,0.8,0.8,0.8,1,4,2019,OAK,RB,33,3
105784,5073,DS-3187,0,0,0,0,0,0,0,0,0,0,0,0,0,1,0,0,0,0,0,0,0,0,0,1,6,2019,DEN,LWR,11,3
105785,5074,JW-5650,25,16,208,0,1,4,1,9,0,0,0,0,0,0,0,0,0,0,0,65,13.22,13.22,13.22,2,5,2019,TB,QB,3,1
105786,5074,CG-1425,0,0,0,0,0,0,0,0,0,9,8,121,1,0,0,0,0,0,0,62,18.1,22.1,29.1,2,3,2019,TB,LWR,12,1
105787,5074,PB-0125,0,0,0,0,0,23,9,82,1,1,1,7,0,0,0,0,0,0,0,42,14.9,15.4,15.9,2,4,2019,TB,RB,25,1
105788,5074,ME-0600,0,0,0,0,0,0,0,0,0,8,4,61,0,0,0,0,0,0,0,59,6.1,8.1,10.1,2,6,2019,TB,RWR,13,1
105789,5074,BP-0450,0,0,0,0,0,0,0,0,0,4,0,0,0,0,0,0,0,0,0,31,0,0,0,2,5,2019,TB,RWR,19,2
105790,5074,RM-2050,0,0,0,0,0,0,0,0,0,0,0,0,0,4,40,0,0,0,0,0,0,0,0,2,2,2019,CAR,LWR,14,3
105791,5074,CN-0500,51,25,333,0,0,2,0,0,0,0,0,0,0,0,0,0,1,0,0,79,11.32,11.32,15.32,2,9,2019,CAR,QB,1,1
105792,5074,DM-2850,0,0,0,0,0,0,0,0,0,14,9,89,0,0,0,0,0,0,0,75,8.9,13.4,17.9,2,2,2019,CAR,LWR,12,1
105793,5074,CM-1225,0,0,0,0,0,16,5,37,0,6,2,16,0,0,0,0,0,0,0,79,5.3,6.3,7.3,2,3,2019,CAR,RB,22,1
105794,5074,CS-0050,0,0,0,0,0,1,0,2,0,13,5,91,0,0,0,0,0,10,0,77,9.3,11.8,14.3,2,3,2019,CAR,RWR,10,1
105795,5074,JW-6560,0,0,0,0,0,0,0,0,0,6,2,15,0,0,0,0,0,0,0,54,1.5,2.5,3.5,2,8,2019,CAR,RWR,13,2
105796,5074,GO-0100,0,0,0,0,0,0,0,0,0,9,6,110,0,0,0,0,0,0,0,65,11,14,20,2,13,2019,CAR,TE,88,1
105797,5074,RJ-2250,0,0,0,0,0,4,1,9,0,0,0,0,0,0,0,0,0,0,0,8,0.9,0.9,0.9,2,2,2019,TB,RB,27,2
105798,5074,CB-2775,0,0,0,0,0,0,0,0,0,2,2,10,0,0,0,0,0,0,0,18,1,2,3,2,6,2019,TB,TE,84,1
105799,5074,BW-2475,0,0,0,0,0,0,0,0,0,0,0,0,0,4,59,0,0,0,0,0,0,0,0,2,3,2019,TB,RWR,85,3
105800,5074,OH-0250,0,0,0,0,0,0,0,0,0,0,0,0,0,0,0,0,0,14,0,60,0,0,0,2,3,2019,TB,TE,80,1
105801,5074,DO-0025,0,0,0,0,0,0,0,0,0,1,1,9,0,0,0,0,0,0,0,16,0.9,1.4,1.9,2,3,2019,TB,RB,44,3
105802,5074,CH-3350,0,0,0,0,0,0,0,0,0,1,1,12,0,1,21,0,0,0,0,3,1.2,1.7,2.2,2,9,2019,CAR,LWR,15,2
105803,5075,KM-3500,40,25,349,0,0,3,1,4,0,0,0,0,0,0,0,0,0,0,1,60,16.36,16.36,19.36,2,1,2019,ARI,QB,1,1
105804,5075,DJ-1325,0,0,0,0,0,7,3,14,1,1,1,0,0,0,0,0,0,0,0,36,7.4,7.9,8.4,2,5,2019,ARI,RB,31,1
105805,5075,LF-0200,0,0,0,0,0,0,0,0,0,11,5,104,0,0,0,0,0,0,0,57,10.4,12.9,18.4,2,16,2019,ARI,LWR,11,1
105806,5075,MC-2900,0,0,0,0,0,0,0,0,0,3,2,13,0,0,0,0,0,0,0,19,1.3,2.3,3.3,1,11,2019,ARI,LWR,15,2
105807,5075,LJ-0150,37,24,272,0,2,16,9,120,0,0,0,0,0,0,0,0,0,0,0,79,30.88,30.88,33.88,2,2,2019,BAL,QB,8,1
105808,5075,NB-0450,0,0,0,0,0,0,0,0,0,3,1,14,0,0,0,0,0,10,0,49,1.4,1.9,2.4,2,5,2019,BAL,TE,86,1
105809,5075,MI-0100,0,0,0,0,0,13,4,47,0,2,2,30,0,0,0,0,0,0,0,46,7.7,8.7,9.7,2,9,2019,BAL,RB,21,1
105810,5075,MB-4075,0,0,0,0,0,0,0,0,0,13,8,86,0,0,0,0,0,0,0,51,8.6,12.6,16.6,2,1,2019,BAL,LWR,15,1
105811,5075,MA-1050,0,0,0,0,0,0,0,0,0,9,8,112,1,0,0,0,0,0,0,42,17.2,21.2,28.2,2,2,2019,BAL,TE,89,2
105812,5075,DB-6375,0,0,0,0,0,0,0,0,0,7,6,45,0,4,59,0,0,0,0,56,4.5,7.5,10.5,2,5,2019,ARI,RWR,14,1
105813,5075,CK-0825,0,0,0,0,0,0,0,0,0,8,6,114,0,3,21,0,0,0,0,56,11.4,14.4,20.4,2,2,2019,ARI,SWR,13,1
105814,5075,JH-4085,0,0,0,0,0,1,1,4,0,2,1,10,0,2,61,0,0,0,0,16,1.4,1.9,2.4,2,1,2019,BAL,RB,43,3
105815,5075,CE-0175,0,0,0,0,0,1,0,2,0,2,2,15,0,0,0,0,0,0,0,24,1.7,2.7,3.7,2,2,2019,ARI,RB,29,2
105816,5075,KJ-0537,0,0,0,0,0,0,0,0,0,2,1,31,0,0,0,0,0,0,1,19,5.1,5.6,6.1,2,1,2019,ARI,SWR,19,2
105817,5075,HH-0350,0,0,0,0,0,0,0,0,0,1,1,1,1,0,0,0,0,0,0,33,6.1,6.6,7.1,2,2,2019,BAL,TE,81,3
105818,5075,MB-3325,0,0,0,0,0,0,0,0,0,3,1,11,0,0,0,0,0,0,0,38,1.1,1.6,2.1,2,1,2019,BAL,RWR,80,1
105819,5075,MW-2450,0,0,0,0,0,0,0,0,0,1,1,21,0,0,0,0,0,0,0,14,2.1,2.6,3.1,2,5,2019,ARI,TE,87,2
105820,5075,CC-2100,0,0,0,0,0,0,0,0,0,2,1,6,0,0,0,0,0,0,0,15,0.6,1.1,1.6,2,9,2019,ARI,TE,85,1
105821,5075,PR-0125,0,0,0,0,0,0,0,0,0,1,1,3,0,0,0,0,0,0,0,25,0.3,0.8,1.3,2,3,2019,BAL,FB,42,1
105822,5075,WS-0925,0,0,0,0,0,0,0,0,0,1,1,5,0,0,0,0,0,0,0,44,0.5,1,1.5,2,6,2019,BAL,LWR,83,2
105823,5075,GE-0150,0,0,0,0,0,3,1,11,0,0,0,0,0,0,0,0,0,0,0,16,1.1,1.1,1.1,2,2,2019,BAL,RB,35,2
105824,5076,SB-0212,0,0,0,0,0,18,10,107,1,7,3,28,0,0,0,0,0,0,0,61,19.5,21,25.5,2,2,2019,NYG,RB,26,1
105825,5076,BF-0950,0,0,0,0,0,1,1,20,0,10,5,51,0,0,0,0,0,5,0,55,7.1,9.6,12.1,2,6,2019,NYG,LWR,18,1
105826,5076,FG-0200,0,0,0,0,0,19,12,68,1,2,2,15,0,0,0,0,0,0,0,45,14.3,15.3,16.3,2,15,2019,BUF,RB,20,1
105827,5076,JA-1087,30,19,253,0,1,7,4,21,1,0,0,0,0,0,0,0,0,0,0,76,22.22,22.22,22.22,2,2,2019,BUF,QB,17,1
105828,5076,EM-0200,45,26,250,2,1,1,1,2,0,0,0,0,0,0,0,0,0,0,0,70,10.2,12.2,12.2,2,16,2019,NYG,QB,10,1
105829,5076,EE-0400,0,0,0,0,0,0,0,0,0,8,6,48,0,0,0,0,0,0,0,55,4.8,7.8,10.8,2,3,2019,NYG,TE,88,1
105830,5076,TJ-2350,0,0,0,0,0,0,0,0,0,4,3,38,1,3,75,0,0,5,0,30,9.8,11.3,12.8,1,6,2019,NYG,LWR,2,4
105831,5076,CL-0275,0,0,0,0,0,0,0,0,0,5,3,30,0,0,0,0,0,0,0,40,3,4.5,6,2,6,2019,NYG,RWR,12,2
105832,5076,LS-1550,0,0,0,0,0,0,0,0,0,1,1,8,0,0,0,0,0,1,0,41,0.8,1.3,1.8,2,9,2019,BUF,TE,85,2
105833,5076,CB-1130,0,0,0,0,0,0,0,0,0,4,4,83,0,0,0,0,0,0,0,37,8.3,10.3,12.3,2,8,2019,BUF,SWR,10,1
105834,5076,IM-0125,0,0,0,0,0,1,1,4,0,2,2,40,1,0,0,0,0,0,0,17,10.4,11.4,12.4,2,3,2019,BUF,SWR,19,2
105835,5076,PD-0700,0,0,0,0,0,1,0,1,0,1,1,3,0,0,0,0,0,0,0,16,0.4,0.9,1.4,2,9,2019,BUF,FB,42,1
105836,5076,DK-0950,0,0,0,0,0,0,0,0,0,4,1,18,0,0,0,0,0,15,0,41,1.8,2.3,2.8,2,1,2019,BUF,TE,88,3
105837,5076,JB-6950,0,0,0,0,0,0,0,0,0,8,7,72,0,0,0,0,0,0,0,60,7.2,10.7,14.2,2,6,2019,BUF,LWR,15,1
105838,5076,RF-1075,0,0,0,0,0,0,0,0,0,2,0,0,0,0,0,0,0,0,0,27,0,0,0,2,2,2019,BUF,LWR,16,2
105839,5076,DS-2177,0,0,0,0,0,6,3,57,1,0,0,0,0,0,0,0,0,0,0,25,11.7,11.7,11.7,2,1,2019,BUF,RB,26,2
105840,5076,ZJ-0100,0,0,0,0,0,0,0,0,0,3,1,14,0,0,0,0,0,0,0,45,1.4,1.9,2.4,2,3,2019,BUF,RWR,11,1
105841,5076,CC-4450,0,0,0,0,0,0,0,0,0,5,3,28,0,0,0,0,0,0,0,14,2.8,4.3,5.8,2,4,2019,NYG,LWR,17,3
105842,5076,RS-0975,0,0,0,0,0,0,0,0,0,3,2,19,0,0,0,0,0,0,0,41,1.9,2.9,3.9,2,7,2019,NYG,LWR,81,2
105843,5076,RE-0400,0,0,0,0,0,0,0,0,0,1,1,8,0,0,0,0,0,0,0,33,0.8,1.3,1.8,2,8,2019,NYG,TE,85,2
105844,5076,TS-3656,0,0,0,0,0,0,0,0,0,1,0,0,0,0,0,0,0,0,0,21,0,0,0,2,1,2019,BUF,TE,89,4
105845,5076,WG-0050,0,0,0,0,0,0,0,0,0,1,0,0,0,0,0,0,0,0,0,9,0,0,0,2,3,2019,NYG,RB,22,2
105846,5077,CK-0250,37,26,221,0,2,1,0,-1,0,0,0,0,0,0,0,0,0,0,0,62,16.74,16.74,16.74,2,8,2019,WAS,QB,8,1
105847,5077,TM-2275,0,0,0,0,0,0,0,0,0,9,5,62,1,0,0,0,0,0,0,56,12.2,14.7,17.2,2,1,2019,WAS,LWR,17,1
105848,5077,JS-5475,0,0,0,0,0,0,0,0,0,1,1,11,0,0,0,0,0,15,0,22,1.1,1.6,2.1,2,3,2019,WAS,TE,87,3
105849,5077,AP-0700,0,0,0,0,0,10,5,25,1,2,2,7,0,0,0,0,0,0,0,18,9.2,10.2,11.2,1,13,2019,WAS,RB,26,1
105850,5077,TQ-0100,0,0,0,0,0,0,0,0,0,7,4,36,0,2,9,0,0,0,0,49,3.6,5.6,7.6,2,2,2019,WAS,SWR,14,1
105851,5077,CT-1220,0,0,0,0,0,2,1,3,0,8,5,48,0,0,0,0,0,0,0,28,5.1,7.6,10.1,2,7,2019,WAS,RB,25,2
105852,5077,RC-1500,0,0,0,0,0,2,2,11,0,6,5,24,0,3,15,0,0,0,0,53,3.5,6,8.5,2,9,2019,DAL,SWR,18,1
105853,5077,EE-0250,0,0,0,0,0,23,13,111,1,2,2,9,0,0,0,0,0,0,0,53,18,19,23,2,4,2019,DAL,RB,21,1
105854,5077,DP-2037,30,26,269,1,3,5,4,69,0,0,0,0,0,0,0,0,0,0,0,70,27.66,28.66,28.66,2,4,2019,DAL,QB,4,1
105855,5077,MG-0175,0,0,0,0,0,0,0,0,0,8,6,68,0,0,0,0,0,0,0,47,6.8,9.8,12.8,2,2,2019,DAL,LWR,13,1
105856,5077,PR-0150,0,0,0,0,0,0,0,0,0,3,3,16,1,0,0,0,0,0,0,54,7.6,9.1,10.6,2,6,2019,WAS,RWR,10,1
105857,5077,JW-6000,0,0,0,0,0,0,0,0,0,4,4,25,1,0,0,0,0,0,0,54,8.5,10.5,12.5,2,17,2019,DAL,TE,82,1
105858,5077,SS-1537,0,0,0,0,0,3,1,16,0,1,1,3,0,1,20,0,0,0,0,5,1.9,2.4,2.9,2,1,2019,WAS,SWR,15,2
105859,5077,AC-2350,0,0,0,0,0,0,0,0,0,5,4,44,1,0,0,0,0,10,0,64,10.4,12.4,14.4,2,5,2019,DAL,RWR,19,1
105860,5077,WS-0650,0,0,0,0,0,1,0,4,0,2,2,9,0,0,0,0,0,0,0,16,1.3,2.3,3.3,1,4,2019,WAS,RB,34,1
105861,5077,CW-3250,0,0,0,0,0,0,0,0,0,0,0,0,0,1,10,0,0,0,0,6,0,0,0,1,2,2019,DAL,RWR,16,2
105862,5077,DS-3031,0,0,0,0,0,0,0,0,0,3,3,74,1,0,0,0,0,0,0,18,13.4,14.9,16.4,2,5,2019,DAL,LWR,15,2
105863,5077,TP-1650,0,0,0,0,0,4,3,22,0,1,1,3,0,0,0,0,0,0,0,17,2.5,3,3.5,2,1,2019,DAL,RB,20,2
105864,5077,VD-0100,0,0,0,0,0,0,0,0,0,4,3,29,0,0,0,0,0,0,0,46,2.9,4.4,5.9,2,14,2019,WAS,TE,85,2
105865,5077,BJ-0950,0,0,0,0,0,0,0,0,0,1,1,22,0,0,0,0,0,0,0,24,2.2,2.7,3.2,2,3,2019,DAL,TE,89,2
105866,5078,DJ-0850,0,0,0,0,0,0,0,0,0,1,1,11,0,1,26,0,0,0,0,1,1.1,1.6,2.1,2,5,2019,TEN,LWR,15,2
105867,5078,MM-0912,28,19,154,0,1,5,2,32,0,0,0,0,0,0,0,0,0,5,0,60,13.36,13.36,13.36,2,5,2019,TEN,QB,8,1
105868,5078,DW-0500,0,0,0,0,0,0,0,0,0,6,4,39,0,0,0,0,0,0,0,34,3.9,5.9,7.9,2,14,2019,TEN,TE,82,1
105869,5078,DH-2450,0,0,0,0,0,15,9,81,1,3,2,12,0,0,0,0,0,0,0,30,15.3,16.3,17.3,2,4,2019,TEN,RB,22,1
105870,5078,CR-1525,0,0,0,0,0,0,0,0,0,4,3,24,0,5,42,0,0,0,0,29,2.4,3.9,5.4,2,4,2019,IND,RWR,80,2
105871,5078,JB-5725,28,17,146,1,3,7,4,25,0,0,0,0,0,0,0,0,1,10,0,72,16.34,17.34,18.34,2,4,2019,IND,QB,7,1
105872,5078,JD-2550,0,0,0,0,0,0,0,0,0,3,2,21,0,0,0,0,0,0,0,51,2.1,3.1,4.1,2,7,2019,IND,TE,84,1
105873,5078,MM-0050,0,0,0,0,0,20,7,51,0,3,2,12,0,0,0,0,0,0,0,49,6.3,7.3,8.3,2,3,2019,IND,RB,25,1
105874,5078,EE-0050,0,0,0,0,0,0,0,0,0,4,3,25,1,0,0,0,0,0,0,34,8.5,10,11.5,2,6,2019,IND,TE,85,1
105875,5078,AB-3150,0,0,0,0,0,0,0,0,0,5,3,25,0,0,0,0,0,0,0,27,2.5,4,5.5,2,1,2019,TEN,RWR,11,2
105876,5078,MA-0487,0,0,0,0,0,0,0,0,0,1,0,0,0,0,0,0,0,0,0,24,0,0,0,2,3,2019,IND,TE,81,2
105877,5078,TH-1850,0,0,0,0,0,0,0,0,0,6,4,43,1,0,0,0,0,0,0,65,10.3,12.3,14.3,2,8,2019,IND,LWR,13,1
105878,5078,TS-1262,0,0,0,0,0,0,0,0,0,2,2,24,0,0,0,0,0,0,0,32,2.4,3.4,4.4,2,4,2019,TEN,RWR,19,1
105879,5078,CD-0975,0,0,0,0,0,0,0,0,0,5,3,38,0,0,0,0,0,0,0,50,3.8,5.3,6.8,2,3,2019,TEN,LWR,84,1
105880,5078,DQ-0100,0,0,0,0,0,0,0,0,0,1,1,1,1,0,0,0,0,0,0,1,6.1,6.6,7.1,2,7,2019,TEN,LT,72,2
105881,5078,PC-0050,0,0,0,0,0,0,0,0,0,1,1,12,1,2,41,0,0,0,0,18,7.2,7.7,8.2,2,1,2019,IND,LWR,15,3
105882,5078,NH-1237,0,0,0,0,0,2,1,9,0,2,1,5,0,0,0,0,0,0,0,14,1.4,1.9,2.4,2,2,2019,IND,RB,21,2
105883,5078,JW-3325,0,0,0,0,0,5,4,82,0,1,1,4,0,0,0,0,0,0,0,11,8.6,9.1,9.6,1,2,2019,IND,RB,20,3
105884,5078,DL-1700,0,0,0,0,0,3,1,9,0,1,1,5,0,0,0,0,0,0,0,30,1.4,1.9,2.4,2,9,2019,TEN,RB,33,2
105885,5078,AH-3862,0,0,0,0,0,1,0,1,0,2,2,-1,0,0,0,0,0,0,0,34,0,1,2,2,5,2019,TEN,SWR,10,1
105886,5078,DC-0025,0,0,0,0,0,0,0,0,0,1,0,0,0,0,0,0,0,0,0,33,0,0,0,2,2,2019,IND,LWR,11,2
105887,5079,LF-0650,0,0,0,0,0,15,6,47,0,6,4,40,0,0,0,0,0,0,0,65,8.7,10.7,12.7,2,3,2019,JAC,RB,27,1
105888,5079,GM-1350,33,23,213,0,1,6,3,56,0,0,0,0,0,0,0,0,1,0,0,67,16.12,16.12,17.12,2,1,2019,JAC,QB,15,1
105889,5079,DC-1418,0,0,0,0,0,0,0,0,0,9,7,55,1,0,0,0,0,0,0,55,11.5,15,18.5,2,2,2019,JAC,RWR,17,2
105890,5079,GS-1400,0,0,0,0,0,0,0,0,0,4,3,14,0,0,0,0,0,0,0,35,1.4,2.9,4.4,2,5,2019,JAC,TE,87,1
105891,5079,DC-1050,0,0,0,0,0,0,0,0,0,0,0,0,0,2,13,0,0,0,0,1,0,0,0,2,5,2019,HOU,SWR,14,2
105892,5079,CH-5000,0,0,0,0,0,20,13,90,0,0,0,0,0,0,0,0,0,0,0,40,9,9,9,2,6,2019,HOU,RB,23,1
105893,5079,DW-1725,29,16,159,0,0,4,2,5,1,0,0,0,0,0,0,0,0,0,0,66,12.86,12.86,12.86,2,3,2019,HOU,QB,4,1
105894,5079,DH-3950,0,0,0,0,0,0,0,0,0,8,5,40,0,0,0,0,0,0,0,62,4,6.5,9,2,7,2019,HOU,LWR,10,1
105895,5079,DW-2275,0,0,0,0,0,0,0,0,0,5,1,3,0,5,3,0,0,10,0,58,0.3,0.8,1.3,2,3,2019,JAC,SWR,12,1
105896,5079,KC-2375,0,0,0,0,0,0,0,0,0,4,2,7,0,0,0,0,0,0,0,29,0.7,1.7,2.7,1,2,2019,HOU,SWR,16,1
105897,5079,WF-0300,0,0,0,0,0,0,0,0,0,7,4,40,0,0,0,0,0,0,0,60,4,6,8,2,4,2019,HOU,RWR,15,1
105898,5079,DJ-1850,0,0,0,0,0,6,2,31,0,1,0,0,0,0,0,0,0,0,0,26,3.1,3.1,3.1,2,5,2019,HOU,RB,25,2
105899,5079,KS-2350,0,0,0,0,0,0,0,0,0,3,2,38,0,0,0,0,0,0,0,25,3.8,4.8,5.8,2,7,2019,HOU,RWR,12,2
105900,5079,DF-0550,0,0,0,0,0,0,0,0,0,3,1,9,0,0,0,0,0,0,0,44,0.9,1.4,1.9,2,7,2019,HOU,TE,87,1
105901,5079,TE-0350,0,0,0,0,0,0,0,0,0,0,0,0,0,3,26,0,0,0,0,2,0,0,0,2,4,2019,JAC,RB,24,3
105902,5079,JO-0150,0,0,0,0,0,0,0,0,0,4,4,28,0,0,0,0,0,0,0,44,2.8,4.8,6.8,2,5,2019,JAC,TE,80,1
105903,5079,CC-3950,0,0,0,0,0,0,0,0,0,5,4,73,0,0,0,0,0,0,0,57,7.3,9.3,11.3,2,5,2019,JAC,SWR,18,2
105904,5079,JA-0462,0,0,0,0,0,0,0,0,0,3,2,25,0,0,0,0,0,0,0,39,2.5,3.5,4.5,2,2,2019,HOU,TE,88,2
105905,5080,PR-0300,36,21,293,1,0,1,1,12,0,0,0,0,0,0,0,0,0,0,0,67,10.92,11.92,11.92,2,16,2019,LAC,QB,17,1
105906,5080,KA-0650,0,0,0,0,0,0,0,0,0,15,8,98,0,0,0,0,0,0,0,61,9.8,13.8,17.8,2,7,2019,LAC,LWR,13,1
105907,5080,AE-0550,0,0,0,0,0,17,9,66,1,6,6,67,0,0,0,0,1,0,0,49,17.3,20.3,24.3,2,3,2019,LAC,RB,30,1
105908,5080,KJ-0587,0,0,0,0,0,12,7,41,0,3,2,47,1,0,0,0,0,0,0,33,14.8,15.8,16.8,2,2,2019,DET,RB,33,1
105909,5080,MS-4100,30,22,245,2,2,4,2,13,0,0,0,0,0,0,0,0,0,0,0,61,15.1,17.1,17.1,2,11,2019,DET,QB,9,1
105910,5080,TH-1875,0,0,0,0,0,0,0,0,0,3,1,7,0,0,0,0,0,10,0,48,0.7,1.2,1.7,2,1,2019,DET,TE,88,2
105911,5080,JJ-0575,0,0,0,0,0,7,3,59,0,1,1,5,0,0,0,0,0,0,0,18,6.4,6.9,7.4,2,2,2019,LAC,RB,22,2
105912,5080,MW-2825,0,0,0,0,0,0,0,0,0,5,3,83,0,0,0,0,0,0,0,41,8.3,9.8,11.3,2,3,2019,LAC,RWR,81,1
105913,5080,JJ-0725,0,0,0,0,0,0,0,0,0,4,3,18,0,0,0,0,0,5,0,30,1.8,3.3,4.8,2,5,2019,DET,TE,83,1
105914,5080,KG-0650,0,0,0,0,0,0,0,0,0,10,8,117,1,0,0,0,0,0,0,56,17.7,21.7,28.7,2,3,2019,DET,LWR,19,1
105915,5080,CA-0750,0,0,0,0,0,5,1,8,0,0,0,0,0,0,0,0,0,0,0,12,0.8,0.8,0.8,2,7,2019,DET,RB,26,2
105916,5080,TJ-2275,0,0,0,0,0,5,3,30,0,2,2,6,0,0,0,0,0,0,0,13,3.6,4.6,5.6,2,1,2019,DET,RB,31,3
105917,5080,MJ-2250,0,0,0,0,0,0,0,0,0,6,5,43,0,0,0,0,0,0,0,56,4.3,6.8,9.3,2,8,2019,DET,RWR,11,1
105918,5080,TB-1060,0,0,0,0,0,0,0,0,0,2,0,0,0,0,0,0,0,5,0,44,0,0,0,2,8,2019,LAC,LWR,12,2
105919,5080,DA-0900,0,0,0,0,0,0,0,0,0,1,0,0,0,2,27,0,0,0,0,35,0,0,0,2,12,2019,DET,SWR,80,1
105920,5080,NB-0125,0,0,0,0,0,0,0,0,0,0,0,0,0,0,0,0,0,14,0,10,0,0,0,2,2,2019,DET,FB,46,1
105921,5080,DW-1750,0,0,0,0,0,0,0,0,0,2,1,3,0,0,0,0,0,0,0,6,0.3,0.8,1.3,2,4,2019,LAC,FB,34,1
105922,5080,JM-3475,0,0,0,0,0,2,1,2,0,0,0,0,0,0,0,0,0,0,0,4,0.2,0.2,0.2,2,4,2019,DET,RB,41,4
105923,5080,LT-0275,0,0,0,0,0,0,0,0,0,1,1,7,0,0,0,0,0,0,0,6,0.7,1.2,1.7,2,6,2019,DET,TE,82,3
105924,5080,DI-0075,0,0,0,0,0,0,0,0,0,2,1,28,0,0,0,0,0,10,0,38,2.8,3.3,3.8,2,9,2019,LAC,LWR,15,3
105925,5080,VG-0300,0,0,0,0,0,0,0,0,0,2,1,9,0,0,0,0,0,0,0,59,0.9,1.4,1.9,2,9,2019,LAC,TE,88,2
105926,5081,AR-1300,34,22,209,0,2,1,0,0,0,0,0,0,0,0,0,0,1,0,0,74,14.36,14.36,15.36,2,15,2019,GB,QB,12,1
105927,5081,DA-0212,0,0,0,0,0,0,0,0,0,9,7,106,0,0,0,0,0,5,0,71,10.6,14.1,20.6,2,6,2019,GB,LWR,17,1
105928,5081,AJ-1143,0,0,0,0,0,23,15,116,1,6,4,34,0,0,0,0,0,0,0,43,21,23,28,2,3,2019,GB,RB,33,1
105929,5081,JW-3650,0,0,0,0,0,9,3,28,0,4,3,13,1,0,0,0,0,0,0,35,10.1,11.6,13.1,2,3,2019,GB,RB,30,2
105930,5081,KC-2350,32,14,230,2,1,2,2,17,0,0,0,0,0,0,0,0,1,0,0,65,8.9,10.9,11.9,2,8,2019,MIN,QB,8,1
105931,5081,DC-3550,0,0,0,0,0,20,11,154,1,3,3,37,0,0,0,0,0,10,0,47,25.1,26.6,31.1,2,3,2019,MIN,RB,33,1
105932,5081,AT-0350,0,0,0,0,0,0,0,0,0,8,5,75,0,0,0,0,0,10,0,64,7.5,10,12.5,2,7,2019,MIN,LWR,19,1
105933,5081,AM-0825,0,0,0,0,0,4,2,25,0,0,0,0,0,0,0,0,0,0,0,8,2.5,2.5,2.5,2,1,2019,MIN,RB,25,2
105934,5081,CH-0525,0,0,0,0,0,0,0,0,0,3,0,0,0,0,0,0,0,0,0,25,0,0,0,2,4,2019,MIN,FB,30,1
105935,5081,SD-0537,0,0,0,0,0,0,0,0,0,7,1,49,1,0,0,0,0,25,0,58,10.9,11.4,11.9,2,5,2019,MIN,RWR,14,1
105936,5081,MV-0012,0,0,0,0,0,0,0,0,0,6,3,19,0,0,0,0,0,0,0,65,1.9,3.4,4.9,2,2,2019,GB,RWR,83,1
105937,5081,GA-0250,0,0,0,0,0,0,0,0,0,5,4,25,1,0,0,0,1,0,0,34,6.5,8.5,11.5,2,4,2019,GB,RWR,81,2
105938,5081,TD-0737,0,0,0,0,0,0,0,0,0,0,0,0,0,5,0,0,0,0,0,4,0,0,0,2,4,2019,GB,LWR,11,3
105939,5081,CB-1152,0,0,0,0,0,0,0,0,0,2,1,61,0,6,25,0,0,0,0,16,6.1,6.6,7.1,2,2,2019,MIN,LWR,12,2
105940,5081,ML-1500,0,0,0,0,0,0,0,0,0,1,0,0,0,0,0,0,0,0,0,31,0,0,0,2,14,2019,GB,TE,89,2
105941,5081,JG-2900,0,0,0,0,0,0,0,0,0,2,0,0,0,0,0,0,0,10,0,54,0,0,0,2,10,2019,GB,TE,80,1
105942,5081,KR-1200,0,0,0,0,0,0,0,0,0,5,3,9,0,0,0,0,0,0,0,65,0.9,2.4,3.9,2,9,2019,MIN,TE,82,1
105943,5081,AA-0025,0,0,0,0,0,1,0,2,0,0,0,0,0,0,0,0,0,0,0,7,0.2,0.2,0.2,2,5,2019,MIN,RB,31,3
105944,5081,IS-0275,0,0,0,0,0,0,0,0,0,2,1,-1,0,0,0,0,0,0,0,27,-0.1,0.4,0.9,2,1,2019,MIN,TE,84,2
105945,5081,JK-2250,0,0,0,0,0,0,0,0,0,1,1,12,0,0,0,0,0,0,0,6,1.2,1.7,2.2,2,5,2019,GB,LWR,16,2
105946,5082,KB-0150,0,0,0,0,0,4,1,6,0,5,1,6,0,0,0,0,0,0,0,21,1.2,1.7,2.2,2,2,2019,MIA,RB,27,2
105947,5082,JG-2950,0,0,0,0,0,1,0,-4,0,7,3,22,0,3,44,0,0,0,0,38,1.8,3.3,4.8,2,4,2019,MIA,RWR,19,1
105948,5082,RF-0500,21,11,89,3,0,1,1,6,0,0,0,0,0,0,0,0,0,0,0,38,-1.84,1.16,1.16,2,15,2019,MIA,QB,14,1
105949,5082,GO-0150,0,0,0,0,0,0,0,0,0,0,0,0,0,6,9,0,0,0,0,0,0,0,0,2,1,2019,NE,RWR,80,4
105950,5082,SM-2625,0,0,0,0,0,21,12,85,1,0,0,0,0,0,0,0,1,0,0,35,12.5,12.5,13.5,2,2,2019,NE,RB,26,1
105951,5082,TB-2300,28,20,264,0,2,2,1,1,1,0,0,0,0,0,0,0,0,0,0,72,24.66,24.66,24.66,2,20,2019,NE,QB,12,1
105952,5082,AB-3500,0,0,0,0,0,1,1,5,0,8,4,56,1,0,0,0,0,0,0,24,12.1,14.1,16.1,1,10,2019,NE,LWR,17,1
105953,5082,JE-0100,0,0,0,0,0,1,0,1,0,4,4,51,0,0,0,0,0,0,0,66,5.2,7.2,9.2,2,11,2019,NE,RWR,11,1
105954,5082,JD-1650,0,0,0,0,0,2,2,3,0,0,0,0,0,0,0,0,0,0,0,27,0.3,0.3,0.3,2,10,2019,NE,RB,46,2
105955,5082,PW-1150,0,0,0,0,0,0,0,0,0,6,4,63,0,0,0,0,0,0,0,42,6.3,8.3,10.3,2,1,2019,MIA,LWR,18,2
105956,5082,NO-0150,0,0,0,0,0,0,0,0,0,1,1,6,0,0,0,0,0,0,0,14,0.6,1.1,1.6,2,5,2019,MIA,TE,83,3
105957,5082,MG-0325,0,0,0,0,0,0,0,0,0,2,1,11,0,0,0,0,0,0,0,35,1.1,1.6,2.1,2,2,2019,MIA,TE,88,1
105958,5082,PD-0800,0,0,0,0,0,0,0,0,0,3,3,39,0,0,0,0,0,0,0,35,3.9,5.4,6.9,2,5,2019,NE,LWR,13,2
105959,5082,KD-1462,0,0,0,0,0,6,0,19,0,6,5,29,0,0,0,0,0,0,0,34,4.8,7.3,9.8,2,4,2019,MIA,RB,32,1
105960,5082,RB-4670,0,0,0,0,0,5,2,21,0,2,2,47,0,0,0,0,0,0,0,17,6.8,7.8,8.8,2,7,2019,NE,RB,34,2
105961,5082,JW-2550,0,0,0,0,0,3,2,10,0,4,3,19,1,0,0,0,0,0,0,22,8.9,10.4,11.9,2,6,2019,NE,RB,28,1
105962,5082,JG-2450,0,0,0,0,0,0,0,0,0,5,2,19,0,0,0,0,0,10,0,57,1.9,2.9,3.9,2,8,2019,NE,RWR,10,2
105963,5082,DP-0350,0,0,0,0,0,0,0,0,0,7,0,0,0,0,0,0,0,0,0,57,0,0,0,2,5,2019,MIA,LWR,11,1
105964,5082,ML-0050,0,0,0,0,0,0,0,0,0,2,2,33,0,0,0,0,0,0,0,42,3.3,4.3,5.3,1,5,2019,NE,TE,83,1
105965,5082,RI-0500,0,0,0,0,0,0,0,0,0,0,0,0,0,0,0,0,0,10,0,31,0,0,0,2,2,2019,NE,TE,85,2
105966,5082,MS-2100,0,0,0,0,0,0,0,0,0,0,0,0,0,0,0,0,0,15,0,4,0,0,0,1,12,2019,NE,LWR,18,3
105967,5082,JR-3250,18,7,97,1,0,0,0,0,0,0,0,0,0,0,0,0,0,0,0,24,1.88,2.88,2.88,2,2,2019,MIA,QB,3,2
105968,5082,AH-3900,0,0,0,0,0,0,0,0,0,2,1,13,0,0,0,0,0,0,0,28,1.3,1.8,2.3,2,6,2019,MIA,SWR,17,2
105969,5082,MW-0650,0,0,0,0,0,3,2,15,0,2,1,12,0,0,0,0,0,0,0,10,2.7,3.2,3.7,2,2,2019,MIA,RB,22,3
105970,5082,DS-3137,0,0,0,0,0,0,0,0,0,1,1,24,0,0,0,0,0,0,0,25,2.4,2.9,3.4,2,2,2019,MIA,TE,81,2
105971,5083,AD-0100,42,26,311,1,2,2,0,2,0,0,0,0,0,0,0,0,0,5,0,70,18.64,19.64,22.64,2,9,2019,CIN,QB,14,1
105972,5083,TE-0300,0,0,0,0,0,0,0,0,0,5,3,9,1,0,0,0,0,0,0,19,6.9,8.4,9.9,2,7,2019,CIN,TE,85,2
105973,5083,MB-3537,0,0,0,0,0,12,11,121,0,1,1,11,0,0,0,0,0,0,0,21,13.2,13.7,17.2,2,3,2019,SF,RB,22,1
105974,5083,DS-0150,0,0,0,0,0,2,1,7,0,7,5,87,1,0,0,0,0,0,0,29,15.4,17.9,20.4,2,1,2019,SF,LWR,19,3
105975,5083,JG-0650,25,17,297,1,3,4,1,8,0,0,0,0,0,0,0,0,0,5,0,72,22.68,23.68,23.68,2,6,2019,SF,QB,10,1
105976,5083,KJ-1400,0,0,0,0,0,1,0,6,0,2,1,5,0,0,0,0,0,10,0,37,1.1,1.6,2.1,2,7,2019,SF,FB,44,1
105977,5083,MG-1050,0,0,0,0,0,0,0,0,0,3,3,77,1,0,0,0,0,0,0,37,13.7,15.2,16.7,2,7,2019,SF,RWR,11,1
105978,5083,TB-2075,0,0,0,0,0,0,0,0,0,10,10,122,0,0,0,0,0,0,0,55,12.2,17.2,25.2,2,4,2019,CIN,SWR,83,1
105979,5083,JM-5275,0,0,0,0,0,11,5,17,0,5,3,10,0,0,0,0,0,0,0,38,2.7,4.2,5.7,2,3,2019,CIN,RB,28,1
105980,5083,AT-0247,0,0,0,0,0,0,0,0,0,2,1,6,0,0,0,0,0,0,0,25,0.6,1.1,1.6,1,2,2019,CIN,LWR,19,2
105981,5083,RJ-0450,0,0,0,0,0,0,0,0,0,4,1,7,0,5,17,0,0,0,0,33,0.7,1.2,1.7,2,2,2019,SF,RWR,13,2
105982,5083,RM-5050,0,0,0,0,0,13,8,83,0,4,3,68,1,0,0,0,0,0,0,34,21.1,22.6,24.1,2,5,2019,SF,RB,31,3
105983,5083,GB-0350,0,0,0,0,0,6,1,6,0,3,1,7,0,1,14,0,0,0,0,28,1.3,1.8,2.3,2,7,2019,CIN,RB,25,2
105984,5083,JR-3280,0,0,0,0,0,0,0,0,0,8,4,112,1,0,0,0,0,0,0,60,17.2,19.2,24.2,2,3,2019,CIN,RWR,11,1
105985,5083,GK-0075,0,0,0,0,0,0,0,0,0,3,3,54,0,0,0,0,0,0,0,48,5.4,6.9,8.4,2,3,2019,SF,TE,85,1
105986,5083,JW-4975,0,0,0,0,0,10,6,34,2,0,0,0,0,0,0,0,0,0,0,15,15.4,15.4,15.4,1,2,2019,SF,RB,41,4
105987,5083,DW-3987,0,0,0,0,0,0,0,0,0,3,1,6,0,0,0,0,0,0,0,45,0.6,1.1,1.6,2,1,2019,CIN,LWR,15,1
105988,5083,AE-1037,0,0,0,0,0,0,0,0,0,3,1,14,0,0,0,0,0,0,0,15,1.4,1.9,2.4,2,4,2019,CIN,SWR,12,2
105989,5083,DP-1263,1,1,16,0,0,0,0,0,0,0,0,0,0,0,0,0,0,0,0,35,0.64,0.64,0.64,2,2,2019,SF,LWR,18,1
105990,5083,KB-1625,0,0,0,0,0,0,0,0,0,2,1,4,0,0,0,0,0,0,0,23,0.4,0.9,1.4,2,3,2019,SF,LWR,84,2
105991,5083,DS-0050,0,0,0,0,0,0,0,0,0,3,2,25,0,0,0,0,0,0,0,19,2.5,3.5,4.5,2,1,2019,CIN,TE,89,3
105992,5084,BR-1100,15,8,75,0,0,0,0,0,0,0,0,0,0,0,0,0,0,0,0,29,3,3,3,2,16,2019,PIT,QB,7,1
105993,5084,VM-0250,0,0,0,0,0,0,0,0,0,7,7,38,2,0,0,0,0,10,0,52,15.8,19.3,22.8,2,7,2019,PIT,TE,89,1
105994,5084,JC-4075,0,0,0,0,0,11,4,33,1,4,3,12,0,0,0,0,0,0,0,31,10.5,12,13.5,2,3,2019,PIT,RB,30,1
105995,5084,TL-1025,0,0,0,0,0,0,0,0,0,12,10,79,0,4,10,0,0,0,0,70,7.9,12.9,17.9,2,5,2019,SEA,RWR,16,1
105996,5084,RW-3850,35,29,300,0,3,6,1,22,0,0,0,0,0,0,0,0,1,0,0,79,24.2,24.2,28.2,2,8,2019,SEA,QB,3,1
105997,5084,DM-2275,0,0,0,0,0,0,0,0,0,7,3,61,1,0,0,0,0,15,0,70,12.1,13.6,15.1,2,1,2019,SEA,LWR,14,4
105998,5084,CC-0750,0,0,0,0,0,15,7,60,0,3,3,27,0,0,0,0,1,0,0,43,6.7,8.2,10.7,2,3,2019,SEA,RB,32,1
105999,5084,RS-3525,0,0,0,0,0,0,0,0,0,4,1,0,0,1,1,0,0,0,0,13,0,0.5,1,2,3,2019,PIT,LWR,10,2
106000,5084,JB-6750,0,0,0,0,0,0,0,0,0,0,0,0,0,0,0,0,0,17,0,58,0,0,0,2,7,2019,SEA,LWR,18,3
106001,5084,RP-0550,0,0,0,0,0,10,6,62,1,1,1,3,0,2,23,0,0,0,0,26,12.5,13,13.5,2,2,2019,SEA,RB,20,2
106002,5084,BS-2950,0,0,0,0,0,1,1,23,0,0,0,0,0,0,0,0,0,0,0,2,2.3,2.3,2.3,1,1,2019,PIT,RB,24,3
106003,5084,JH-5125,0,0,0,0,0,0,0,0,0,1,0,0,0,0,0,0,0,0,0,6,0,0,0,2,4,2019,PIT,LWR,80,3
106004,5084,DJ-1675,0,0,0,0,0,0,0,0,0,4,1,17,0,1,11,0,0,0,0,27,1.7,2.2,2.7,2,1,2019,PIT,RWR,18,3
106005,5084,MT-2350,0,0,0,0,0,0,0,0,0,3,3,54,0,0,0,0,0,0,0,16,5.4,6.9,8.4,2,2,2019,SEA,LWR,17,1
106006,5084,WD-0550,0,0,0,0,0,0,0,0,0,5,5,50,2,0,0,0,0,0,0,47,17,19.5,22,2,2,2019,SEA,TE,88,2
106007,5084,JW-0934,0,0,0,0,0,0,0,0,0,3,2,23,0,0,0,0,0,0,0,34,2.3,3.3,4.3,2,2,2019,PIT,RWR,13,2
106008,5084,JS-4750,0,0,0,0,0,0,0,0,0,8,5,84,0,0,0,0,0,0,0,47,8.4,10.9,13.4,2,3,2019,PIT,RWR,19,1
106009,5084,CP-2550,0,0,0,0,0,2,1,7,0,3,3,13,0,0,0,0,0,0,0,10,2,3.5,5,1,4,2019,SEA,RB,22,3
106010,5084,MR-2350,19,12,112,1,2,1,1,7,0,0,0,0,0,0,0,0,0,0,0,28,11.18,12.18,12.18,1,2,2019,PIT,QB,2,2
106011,5084,DM-2775,0,0,0,0,0,0,0,0,0,1,0,0,0,0,0,0,0,0,0,18,0,0,0,2,6,2019,PIT,LWR,11,1
106012,5084,NV-0050,0,0,0,0,0,0,0,0,0,1,1,13,0,0,0,0,0,0,0,33,1.3,1.8,2.3,2,4,2019,SEA,TE,81,1
106013,5084,XG-0100,0,0,0,0,0,0,0,0,0,1,0,0,0,0,0,0,0,0,0,20,0,0,0,2,6,2019,PIT,TE,85,2
106014,5084,JS-0280,0,0,0,0,0,3,3,18,0,1,1,13,0,0,0,0,0,0,0,22,3.1,3.6,4.1,2,2,2019,PIT,RB,38,2
106015,5085,JJ-0587,0,0,0,0,0,12,7,99,0,0,0,0,0,0,0,0,0,0,0,30,9.9,9.9,9.9,2,1,2019,OAK,RB,28,1
106016,5085,DC-0725,38,23,198,2,1,2,1,18,0,0,0,0,0,0,0,0,0,0,0,65,9.72,11.72,11.72,2,6,2019,OAK,QB,4,1
106017,5085,DC-0775,0,0,0,0,0,0,0,0,0,5,3,33,0,0,0,0,0,0,0,9,3.3,4.8,6.3,1,8,2019,OAK,TE,85,3
106018,5085,HR-0062,0,0,0,0,0,0,0,0,0,8,4,30,0,0,0,0,0,5,0,49,3,5,7,2,1,2019,OAK,RWR,13,2
106019,5085,TW-2875,0,0,0,0,0,0,0,0,0,7,5,46,1,0,0,0,0,0,0,61,10.6,13.1,15.6,2,5,2019,OAK,RWR,16,1
106020,5085,DW-3125,0,0,0,0,0,9,4,8,0,5,3,48,0,0,0,0,0,0,0,39,5.6,7.1,8.6,2,6,2019,KC,RB,26,3
106021,5085,PM-0025,44,30,443,0,4,1,0,-1,0,0,0,0,0,0,0,0,1,0,0,76,31.62,31.62,35.62,2,3,2019,KC,QB,15,1
106022,5085,TK-0150,0,0,0,0,0,0,0,0,0,9,7,107,1,0,0,0,0,0,0,65,16.7,20.2,26.7,2,7,2019,KC,TE,87,1
106023,5085,LM-1000,0,0,0,0,0,11,4,23,0,3,3,0,0,0,0,0,0,10,0,31,2.3,3.8,5.3,2,11,2019,KC,RB,25,2
106024,5085,MH-0875,0,0,0,0,0,0,0,0,0,6,4,61,1,2,38,0,0,0,0,56,12.1,14.1,16.1,2,1,2019,KC,RWR,17,2
106025,5085,DH-1800,0,0,0,0,0,0,0,0,0,0,0,0,0,3,41,0,0,0,0,5,0,0,0,2,9,2019,OAK,LWR,17,2
106026,5085,RG-1650,0,0,0,0,0,0,0,0,0,5,1,-2,0,0,0,0,0,5,0,49,-0.2,0.3,0.8,2,6,2019,OAK,LWR,19,1
106027,5085,SW-0450,0,0,0,0,0,0,0,0,0,13,6,49,0,0,0,0,0,0,0,70,4.9,7.9,10.9,2,6,2019,KC,RWR,14,1
106028,5085,DR-2225,0,0,0,0,0,0,0,0,0,6,6,172,2,0,0,0,0,0,0,69,29.2,32.2,38.2,2,4,2019,KC,LWR,11,1
106029,5085,DW-1350,0,0,0,0,0,3,1,9,0,2,2,26,0,0,0,0,0,0,0,15,3.5,4.5,5.5,2,4,2019,OAK,RB,33,3
106030,5085,DT-0850,0,0,0,0,0,0,0,0,0,1,1,6,0,6,62,0,0,5,0,4,0.6,1.1,1.6,1,6,2019,KC,LWR,13,2
106031,5085,BB-1550,0,0,0,0,0,0,0,0,0,1,0,0,0,0,0,0,0,0,0,25,0,0,0,2,5,2019,KC,TE,81,3
106032,5085,DW-0675,0,0,0,0,0,0,0,0,0,7,6,63,0,0,0,0,0,0,0,62,6.3,9.3,12.3,2,5,2019,OAK,TE,83,1
106033,5085,JR-2075,0,0,0,0,0,2,0,3,0,3,2,2,0,2,-1,0,0,0,0,20,0.5,1.5,2.5,2,4,2019,OAK,RB,30,2
106034,5085,BP-1375,0,0,0,0,0,0,0,0,0,0,0,0,0,0,0,0,0,10,0,4,0,0,0,2,2,2019,KC,RWR,13,3
106035,5085,DT-1231,0,0,0,0,0,1,0,1,0,0,0,0,0,0,0,0,0,0,0,4,0.1,0.1,0.1,2,1,2019,KC,RB,34,4
106036,5086,JF-1900,50,35,292,1,1,0,0,0,0,0,0,0,0,0,0,0,0,0,1,82,15.68,16.68,16.68,2,12,2019,DEN,QB,5,1
106037,5086,ES-0200,0,0,0,0,0,0,0,0,0,13,11,98,1,0,0,0,0,0,1,76,17.8,23.3,28.8,2,10,2019,DEN,RWR,10,1
106038,5086,PL-0275,0,0,0,0,0,13,6,36,0,7,4,30,0,0,0,0,0,0,0,39,6.6,8.6,10.6,2,2,2019,DEN,RB,30,1
106039,5086,JH-3625,0,0,0,0,0,0,0,0,0,5,4,21,0,0,0,0,0,0,0,38,2.1,4.1,6.1,2,5,2019,DEN,TE,82,1
106040,5086,RF-1400,0,0,0,0,0,11,5,54,0,7,5,48,0,0,0,0,0,0,0,43,10.2,12.7,15.2,2,2,2019,DEN,RB,28,2
106041,5086,DM-2787,0,0,0,0,0,18,8,62,1,3,1,6,0,0,0,0,0,0,0,27,12.8,13.3,13.8,2,1,2019,CHI,RB,32,2
106042,5086,TC-1975,0,0,0,0,0,4,2,18,0,5,2,7,0,4,7,0,0,0,0,23,2.5,3.5,4.5,2,3,2019,CHI,RB,29,1
106043,5086,MT-1800,27,16,120,0,0,1,1,8,0,0,0,0,0,0,0,0,0,0,0,61,5.6,5.6,5.6,2,3,2019,CHI,QB,10,1
106044,5086,DS-3187,0,0,0,0,0,0,0,0,0,0,0,0,0,5,35,0,0,0,0,2,0,0,0,2,6,2019,DEN,LWR,11,2
106045,5086,NF-0175,0,0,0,0,0,0,0,0,0,4,4,33,0,0,0,0,0,0,0,54,3.3,5.3,7.3,2,1,2019,DEN,TE,87,1
106046,5086,TG-0025,0,0,0,0,0,1,1,14,0,2,1,11,0,0,0,0,0,0,0,53,2.5,3,3.5,2,6,2019,CHI,RWR,18,1
106047,5086,CP-0750,0,0,0,0,0,2,2,50,0,0,0,0,0,0,0,0,0,0,0,15,5,5,5,2,7,2019,CHI,RWR,84,2
106048,5086,BB-2712,0,0,0,0,0,0,0,0,0,3,2,24,0,0,0,0,0,0,0,15,2.4,3.4,4.4,2,4,2019,CHI,TE,82,3
106049,5086,AR-1250,0,0,0,0,0,0,0,0,0,7,4,41,0,0,0,0,0,0,0,55,4.1,6.1,8.1,2,6,2019,CHI,LWR,12,1
106050,5086,MD-0150,0,0,0,0,0,3,0,1,0,0,0,0,0,0,0,0,0,0,0,15,0.1,0.1,0.1,2,5,2019,CHI,RB,25,1
106051,5086,AS-0775,0,0,0,0,0,0,0,0,0,3,3,24,0,0,0,0,0,0,0,21,2.4,3.9,5.4,2,3,2019,CHI,TE,87,2
106052,5086,CS-4462,0,0,0,0,0,0,0,0,0,7,4,40,0,0,0,0,0,0,0,78,4,6,8,2,2,2019,DEN,LWR,14,1
106053,5086,DH-1050,0,0,0,0,0,0,0,0,0,6,2,15,0,0,0,0,0,0,0,54,1.5,2.5,3.5,2,2,2019,DEN,RWR,17,2
106054,5086,AM-1975,0,0,0,0,0,0,0,0,0,1,1,2,0,0,0,0,0,0,0,32,0.2,0.7,1.2,2,2,2019,CHI,SWR,17,1
106055,5086,TF-1500,0,0,0,0,0,0,0,0,0,1,1,7,0,0,0,0,0,0,0,14,0.7,1.2,1.7,2,2,2019,DEN,TE,84,2
106056,5086,TB-3950,0,0,0,0,0,0,0,0,0,3,2,5,0,0,0,0,0,0,0,26,0.5,1.5,2.5,1,6,2019,CHI,TE,80,1
106057,5087,AK-0050,0,0,0,0,0,13,7,45,0,3,1,15,0,0,0,0,0,0,0,42,6,6.5,7,2,3,2019,NO,RB,41,1
106058,5087,LM-1850,0,0,0,0,0,5,2,7,0,1,1,16,0,0,0,0,0,0,0,23,2.3,2.8,3.3,2,7,2019,NO,RB,28,2
106059,5087,DB-3800,5,3,38,1,0,0,0,0,0,0,0,0,0,0,0,0,0,0,0,9,-0.48,0.52,0.52,2,19,2019,NO,QB,9,1
106060,5087,TS-2425,0,0,0,0,0,0,0,0,0,3,3,49,0,0,0,0,0,0,0,38,4.9,6.4,7.9,2,2,2019,NO,RWR,10,2
106061,5087,JC-4300,0,0,0,0,0,0,0,0,0,7,2,25,0,0,0,0,0,10,0,44,2.5,3.5,4.5,2,11,2019,NO,TE,87,2
106062,5087,JG-1850,28,19,283,0,1,4,1,-2,1,0,0,0,0,0,0,0,1,0,0,70,19.12,19.12,20.12,2,4,2019,LA,QB,16,1
106063,5087,TG-1950,0,0,0,0,0,16,8,63,1,4,3,4,0,0,0,0,0,0,0,45,12.7,14.2,15.7,2,5,2019,LA,RB,30,1
106064,5087,CK-1300,0,0,0,0,0,1,1,6,0,9,5,120,0,0,0,0,0,0,0,66,12.6,15.1,20.6,2,3,2019,LA,LWR,18,1
106065,5087,BC-2325,0,0,0,0,0,1,0,2,0,4,3,74,1,0,0,0,0,0,0,68,13.6,15.1,16.6,2,6,2019,LA,SWR,12,1
106066,5087,GE-0400,0,0,0,0,0,1,0,0,0,5,3,21,0,0,0,0,0,0,0,50,2.1,3.6,5.1,2,3,2019,LA,TE,81,2
106067,5087,MT-0875,0,0,0,0,0,0,0,0,0,13,10,89,0,0,0,0,0,5,0,64,8.9,13.9,18.9,2,4,2019,NO,LWR,13,1
106068,5087,JN-0350,0,0,0,0,0,0,0,0,0,0,0,0,0,5,42,0,0,0,0,0,0,0,0,2,3,2019,LA,LWR,19,2
106069,5087,RW-4050,0,0,0,0,0,1,1,9,0,2,2,33,0,0,0,0,0,5,0,69,4.2,5.2,6.2,2,7,2019,LA,RWR,17,1
106070,5087,DH-1487,0,0,0,0,0,0,0,0,0,1,1,-7,0,3,34,0,0,0,0,1,-0.7,-0.2,0.3,2,1,2019,NO,LWR,11,3
106071,5087,TB-2650,30,17,165,0,0,2,1,5,0,0,0,0,0,0,0,0,0,10,0,56,7.1,7.1,7.1,1,6,2019,NO,QB,5,2
106072,5087,MB-3862,0,0,0,0,0,6,4,37,0,1,1,10,0,0,0,0,0,0,0,25,4.7,5.2,5.7,2,5,2019,LA,RB,34,2
106073,5087,TH-1550,0,0,0,0,0,0,0,0,0,3,2,21,0,0,0,0,0,0,0,24,2.1,3.1,4.1,2,4,2019,LA,TE,89,1
106074,5087,TH-1625,0,0,0,0,0,0,0,0,0,3,2,16,0,0,0,0,0,0,0,21,1.6,2.6,3.6,2,3,2019,NO,QB,7,3
106075,5087,ZL-0200,0,0,0,0,0,0,0,0,0,1,0,0,0,0,0,0,0,0,0,22,0,0,0,2,7,2019,NO,FB,42,1
106076,5088,DF-1875,0,0,0,0,0,11,6,22,0,4,3,42,0,0,0,0,0,0,0,41,6.4,7.9,9.4,2,6,2019,ATL,RB,24,1
106077,5088,MR-2500,43,27,320,3,3,2,0,3,0,0,0,0,0,0,0,0,0,0,0,66,19.1,22.1,25.1,2,12,2019,ATL,QB,2,1
106078,5088,AH-3650,0,0,0,0,0,0,0,0,0,6,4,34,0,0,0,0,0,0,0,50,3.4,5.4,7.4,2,4,2019,ATL,TE,81,1
106079,5088,MS-0150,0,0,0,0,0,0,0,0,0,7,4,16,0,0,0,0,0,0,0,55,1.6,3.6,5.6,2,8,2019,ATL,RWR,12,1
106080,5088,IS-0250,0,0,0,0,0,4,2,32,0,3,2,13,0,0,0,0,0,0,0,25,4.5,5.5,6.5,2,2,2019,ATL,RB,25,2
106081,5088,CR-0862,0,0,0,0,0,0,0,0,0,10,8,105,1,0,0,0,0,0,0,42,16.5,20.5,27.5,2,2,2019,ATL,LWR,18,2
106082,5088,CC-2350,0,0,0,0,0,0,0,0,0,0,0,0,0,3,73,0,1,0,0,0,-2,-2,-1,2,3,2019,PHI,RB,30,4
106083,5088,CW-1425,43,25,231,2,1,3,2,3,1,0,0,0,0,0,0,0,0,0,1,75,17.54,19.54,19.54,2,4,2019,PHI,QB,11,1
106084,5088,ZE-0100,0,0,0,0,0,0,0,0,0,16,8,72,0,0,0,0,0,0,1,81,9.2,13.2,17.2,2,7,2019,PHI,TE,86,1
106085,5088,MS-0125,0,0,0,0,0,10,3,28,0,4,3,9,0,2,52,0,0,0,0,35,3.7,5.2,6.7,2,1,2019,PHI,RB,26,2
106086,5088,NA-0050,0,0,0,0,0,0,0,0,0,11,8,107,1,0,0,0,0,0,0,78,16.7,20.7,27.7,2,5,2019,PHI,SWR,13,1
106087,5088,JJ-4700,0,0,0,0,0,0,0,0,0,10,5,106,2,0,0,0,0,0,0,54,22.6,25.1,30.6,2,9,2019,ATL,LWR,11,1
106088,5088,RG-0025,0,0,0,0,0,0,0,0,0,1,0,0,0,0,0,0,0,5,0,9,0,0,0,2,2,2019,ATL,LWR,83,3
106089,5088,DS-3300,0,0,0,0,0,0,0,0,0,3,2,5,0,3,8,0,0,0,0,28,0.5,1.5,2.5,2,15,2019,PHI,RB,43,3
106090,5088,JH-5575,0,0,0,0,0,8,2,18,0,1,1,8,0,0,0,0,0,0,0,18,2.6,3.1,3.6,2,4,2019,PHI,RB,24,1
106091,5088,JA-1975,0,0,0,0,0,0,0,0,0,4,1,4,0,0,0,0,0,0,0,75,0.4,0.9,1.4,2,1,2019,PHI,LWR,19,2
106092,5088,JH-1350,0,0,0,0,0,0,0,0,0,1,0,0,0,0,0,0,0,9,0,11,0,0,0,2,5,2019,ATL,RWR,14,2
106093,5088,MH-3050,0,0,0,0,0,0,0,0,0,8,5,50,0,0,0,0,0,0,0,69,5,7.5,10,2,3,2019,PHI,RWR,16,2
106094,5088,KB-0350,0,0,0,0,0,0,0,0,0,0,0,0,0,3,23,0,0,0,0,0,0,0,0,2,7,2019,ATL,RB,38,3
106095,5088,JM-2900,5,3,24,0,0,0,0,0,0,0,0,0,0,0,0,0,0,0,0,6,0.96,0.96,0.96,1,18,2019,PHI,QB,18,2
106096,5088,LS-1900,0,0,0,0,0,0,0,0,0,1,1,4,0,0,0,0,0,0,0,30,0.4,0.9,1.4,2,9,2019,ATL,TE,80,2
106097,5089,TT-0150,0,0,0,0,0,0,0,0,0,1,0,0,0,1,23,0,0,0,0,18,0,0,0,1,3,2019,CLE,LWR,10,3
106098,5089,NC-0175,0,0,0,0,0,18,6,62,1,4,4,36,0,0,0,0,0,0,0,42,15.8,17.8,19.8,2,2,2019,CLE,RB,24,1
106099,5089,BM-0650,35,19,325,1,1,0,0,0,0,0,0,0,0,0,0,0,0,0,0,69,15,16,19,2,2,2019,CLE,QB,6,1
106100,5089,JL-0215,0,0,0,0,0,0,0,0,0,7,3,32,0,4,48,0,0,0,0,68,3.2,4.7,6.2,2,6,2019,CLE,LWR,80,1
106101,5089,DJ-0887,0,0,0,0,0,3,0,8,0,4,3,42,0,0,0,0,0,0,0,27,5,6.5,8,2,1,2019,CLE,RB,30,3
106102,5089,OB-0075,0,0,0,0,0,0,0,0,0,10,6,161,1,0,0,0,0,0,0,63,22.1,25.1,31.1,2,6,2019,CLE,RWR,13,1
106103,5089,TC-0325,0,0,0,0,0,0,0,0,0,0,0,0,0,3,50,0,0,0,0,0,0,0,0,2,2,2019,NYJ,RB,40,4
106104,5089,LB-0250,0,0,0,0,0,21,9,68,0,10,10,61,0,0,0,0,1,0,0,61,10.9,15.9,21.9,2,7,2019,NYJ,RB,26,1
106105,5089,TS-1450,6,3,3,0,0,0,0,0,0,0,0,0,0,0,0,0,0,0,0,20,0.12,0.12,0.12,1,5,2019,NYJ,QB,19,1
106106,5089,DN-1225,0,0,0,0,0,0,0,0,0,1,0,0,0,0,0,0,0,0,0,10,0,0,0,2,3,2019,CLE,TE,85,1
106107,5089,DH-1450,0,0,0,0,0,0,0,0,0,1,1,4,0,0,0,0,0,0,0,54,0.4,0.9,1.4,2,7,2019,CLE,TE,88,1
106108,5089,JC-5680,0,0,0,0,0,0,0,0,0,6,4,40,0,0,0,0,0,0,0,67,4,6,8,2,5,2019,NYJ,SWR,82,1
106109,5089,DT-0900,0,0,0,0,0,0,0,0,0,2,1,-1,0,0,0,0,0,0,0,7,-0.1,0.4,0.9,1,10,2019,NYJ,RWR,0,2
106110,5089,PB-0725,0,0,0,0,0,0,0,0,0,1,0,0,0,0,0,0,0,0,0,18,0,0,0,1,3,2019,CLE,TE,86,2
106111,5089,BB-1950,0,0,0,0,0,0,0,0,0,0,0,0,0,5,5,0,0,0,0,0,0,0,0,2,2,2019,NYJ,SWR,10,2
106112,5089,TM-3150,0,0,0,0,0,3,1,25,0,3,3,15,0,0,0,0,0,0,0,24,4,5.5,7,2,5,2019,NYJ,RB,88,2
106113,5089,LF-0025,25,20,198,0,0,0,0,0,0,0,0,0,0,0,0,0,0,0,0,48,7.92,7.92,7.92,1,2,2019,NYJ,QB,8,2
106114,5089,DR-0550,0,0,0,0,0,0,0,0,0,3,2,50,0,0,0,0,0,0,0,42,5,6,7,2,2,2019,CLE,RWR,18,2
106115,5089,JB-2950,0,0,0,0,0,0,0,0,0,2,1,5,0,0,0,0,0,0,0,45,0.5,1,1.5,2,8,2019,NYJ,RWR,15,1
106116,5089,RA-1125,0,0,0,0,0,0,0,0,0,6,4,81,0,0,0,0,0,0,0,67,8.1,10.1,12.1,2,4,2019,NYJ,LWR,11,1
106117,5089,RG-1870,0,0,0,0,0,0,0,0,0,1,0,0,0,0,0,0,0,0,0,61,0,0,0,2,7,2019,NYJ,TE,84,1
