pid,psr,trg,loc,yds,comp,succ,spk,dfb
829264,AR-1300,AJ-1143,SL,0,1,0,0,
829269,MT-1800,AR-1250,SL,0,0,0,0,PS-0550
829271,MT-1800,TC-1975,SL,0,0,0,0,
829275,AR-1300,JG-2900,SR,0,0,0,0,
829283,MT-1800,TC-1975,SR,1,1,0,0,
829286,AR-1300,DA-0212,SM,0,0,0,0,PA-0300
829287,AR-1300,DA-0212,SR,5,1,0,0,
829288,AR-1300,DA-0212,SL,0,0,0,0,
829291,MT-1800,AR-1250,SM,5,1,0,0,
829293,MT-1800,AS-0775,SM,6,1,1,0,
829295,MT-1800,TG-0025,SM,0,0,0,0,JA-0475
829297,MT-1800,CP-0750,DL,0,0,0,0,KK-0750
829299,AR-1300,MV-0012,DM,47,1,1,0,
829300,AR-1300,ML-1500,SM,9,1,1,0,
829301,AR-1300,DA-0212,SR,10,1,1,0,
829302,AR-1300,JG-2900,SR,8,1,1,0,
829305,MT-1800,AR-1250,DL,27,1,1,0,
829306,MT-1800,AR-1250,SM,0,0,0,0,TW-2700
829307,MT-1800,TC-1975,SM,9,1,1,0,
829310,AR-1300,MV-0012,SR,9,1,1,0,
829311,AR-1300,MV-0012,SR,1,1,1,0,
829314,AR-1300,DA-0212,SL,11,1,1,0,
829315,AR-1300,JW-3650,SL,5,1,1,0,
829319,MT-1800,AR-1250,SL,9,1,1,0,
829320,MT-1800,MD-0150,SM,7,1,1,0,
829323,MT-1800,TC-1975,SR,7,1,0,0,
829324,MT-1800,AR-1250,SM,0,0,0,0,DS-0712
829327,AR-1300,DA-0212,DR,0,0,0,0,BS-2300
829328,AR-1300,JW-3650,SL,10,1,1,0,
829329,AR-1300,JG-2900,SR,6,1,1,0,
829330,AR-1300,DA-0212,SR,0,0,0,0,KF-0500
829331,AR-1300,MV-0012,DL,0,0,0,0,
829334,MT-1800,CP-0750,SL,3,1,0,0,
829336,MT-1800,MD-0150,SR,-1,1,0,0,
829338,AR-1300,JG-2900,SM,16,1,1,0,
829339,AR-1300,JG-2900,DR,0,0,0,0,KF-0500
829342,MT-1800,JW-5475,SM,0,0,0,0,
829343,MT-1800,MD-0150,SR,2,1,0,0,
829348,AR-1300,,NL,0,0,0,0,
829349,AR-1300,ML-1500,SM,5,1,0,0,
829359,AR-1300,MV-0012,SL,-5,1,0,0,
829361,MT-1800,AR-1250,DL,22,1,1,0,
829363,MT-1800,DM-2787,DL,27,1,1,0,
829364,MT-1800,TC-1975,SL,5,1,1,0,
829365,MT-1800,AR-1250,DR,0,0,0,0,TW-2700
829367,MT-1800,CP-0750,SR,0,0,0,0,
829372,AR-1300,DA-0212,SR,10,1,1,0,
829375,AR-1300,,NL,0,0,0,0,
829376,AR-1300,JG-2900,DL,0,0,0,0,PA-0300
829378,MT-1800,,NL,0,0,0,0,
829379,MT-1800,AR-1250,SM,14,1,1,0,
829380,MT-1800,TG-0025,SR,15,1,1,0,
829384,MT-1800,TC-1975,SR,0,0,0,0,
829385,MT-1800,AR-1250,DM,0,0,0,0,
829386,MT-1800,TG-0025,SR,9,1,0,0,
829389,AR-1300,TD-0737,DR,28,1,1,0,
829392,AR-1300,RT-1250,DM,28,1,1,0,
829393,AR-1300,ML-1500,SL,0,0,0,0,
829401,MT-1800,TC-1975,SM,6,1,1,0,
829402,MT-1800,AR-1250,SM,4,1,1,0,
829403,MT-1800,MD-0150,SR,5,1,1,0,
829404,MT-1800,TC-1975,SL,9,1,1,0,
829405,MT-1800,TG-0025,SR,0,0,0,0,
829406,MT-1800,TG-0025,DR,0,0,0,0,
829407,MT-1800,AR-1250,DM,21,1,1,0,
829408,MT-1800,MD-0150,SR,2,1,0,0,
829409,MT-1800,TC-1975,SM,7,1,1,0,
829410,MT-1800,TC-1975,SM,5,1,1,0,
829411,MT-1800,MD-0150,SR,0,0,0,0,RG-1818
829412,MT-1800,AS-0775,SR,0,0,0,0,JA-0475
829413,MT-1800,AR-1250,DL,0,0,0,0,
829415,AR-1300,MV-0012,SR,0,0,0,0,
829418,MT-1800,MD-0150,SR,2,1,0,0,
829419,MT-1800,AM-1975,DL,0,0,0,0,
829420,MT-1800,JW-5475,SM,0,0,0,0,
829430,KC-2350,DC-3550,SL,8,1,1,0,
829431,KC-2350,AT-0350,SL,23,1,1,0,
829437,MR-2500,JJ-4700,SM,0,0,0,0,
829438,KC-2350,DC-3550,SL,1,1,0,0,
829440,KC-2350,,NL,0,0,0,0,
829445,MR-2500,JH-1350,SM,3,1,0,0,
829447,MR-2500,,NL,0,0,0,0,
829448,MR-2500,JH-1350,SL,5,1,0,0,
829449,MR-2500,JJ-4700,SL,6,1,1,0,
829451,MR-2500,JH-1350,SL,23,1,1,0,
829453,MR-2500,JJ-4700,SL,2,1,0,0,
829454,MR-2500,JJ-4700,DR,0,0,0,0,
829455,MR-2500,RG-0025,DL,0,0,0,0,HS-0130
829458,KC-2350,SD-0537,SR,6,1,1,0,
829466,MR-2500,MS-0150,SM,14,1,1,0,
829467,MR-2500,CR-0862,DL,20,1,1,0,
829473,KC-2350,CB-1152,SR,9,1,1,0,
829475,KC-2350,KR-1200,SL,0,0,0,0,
829487,MR-2500,JJ-4700,SR,10,1,1,0,
829488,MR-2500,IS-0250,SR,9,1,1,0,
829490,MR-2500,JJ-4700,SM,0,0,0,0,EK-0250
829491,MR-2500,AH-3650,SL,4,1,0,0,
829499,MR-2500,MS-0150,SL,0,0,0,0,
829500,MR-2500,RG-0025,SM,13,1,1,0,
829501,MR-2500,MS-0150,SM,23,1,1,0,
829505,KC-2350,AT-0350,SL,12,1,1,0,
829510,MR-2500,AH-3650,SM,9,1,1,0,
829512,MR-2500,AH-3650,SR,5,1,1,0,
829516,MR-2500,AH-3650,SL,13,1,1,0,
829517,MR-2500,MS-0150,SL,4,1,1,0,
829519,MR-2500,CR-0862,SR,8,1,1,0,
829521,MR-2500,MS-0150,SL,6,1,0,0,
829524,MR-2500,LS-1900,SR,0,0,0,0,
829525,KC-2350,AT-0350,SL,8,1,1,0,
829528,KC-2350,SD-0537,DR,31,1,1,0,
829533,MR-2500,CR-0862,SM,0,0,0,0,JK-0225
829534,MR-2500,DF-1875,SR,0,0,0,0,
829535,MR-2500,JJ-4700,SL,0,0,0,0,EK-0250
829541,MR-2500,AH-3650,SR,13,1,1,0,
829542,MR-2500,AH-3650,SM,16,1,1,0,
829543,MR-2500,AH-3650,SR,3,1,0,0,
829545,MR-2500,DF-1875,SR,0,1,0,0,
829546,MR-2500,DF-1875,SM,5,1,0,0,
829547,MR-2500,JH-1350,SR,0,0,0,0,XR-0100
829548,MR-2500,CR-0862,DL,20,1,1,0,
829560,MR-2500,DF-1875,SR,7,1,1,0,
829561,MR-2500,JH-1350,SL,10,1,1,0,
829562,MR-2500,AH-3650,SM,7,1,1,0,
829563,MR-2500,CR-0862,DR,0,0,0,0,
829565,MR-2500,JJ-4700,DL,0,0,0,0,HS-0130
829566,MR-2500,AH-3650,SR,7,1,1,0,
829568,MR-2500,JJ-4700,SL,6,1,1,0,
829570,MR-2500,MS-0150,SM,10,1,0,0,
829571,MR-2500,JJ-4700,SL,5,1,1,0,
829572,MR-2500,CR-0862,SM,16,1,1,0,
829573,MR-2500,JJ-4700,SL,2,1,1,0,
829580,LJ-0150,HH-0350,SR,7,1,1,0,
829582,LJ-0150,NB-0450,SR,3,1,0,0,
829589,RF-0500,PW-1150,SR,0,0,0,0,
829590,RF-0500,AW-1650,SR,12,1,1,0,
829592,RF-0500,KD-1462,DR,0,0,0,0,
829593,LJ-0150,MB-4075,SM,47,1,1,0,
829596,RF-0500,AW-1650,SR,0,0,0,0,
829597,RF-0500,KB-0150,SL,13,1,1,0,
829600,RF-0500,AW-1650,SL,1,1,0,0,
829604,LJ-0150,MB-4075,DM,83,1,1,0,
829608,RF-0500,MG-0325,SL,26,1,1,0,
829609,RF-0500,KD-1462,SL,5,1,1,0,
829610,RF-0500,MG-0325,SR,0,0,0,0,PO-0175
829611,RF-0500,AW-1650,SL,0,0,0,0,
829614,LJ-0150,MA-1050,SR,9,1,1,0,
829616,LJ-0150,MB-4075,SR,14,1,1,0,
829620,LJ-0150,WS-0925,DM,33,1,1,0,
829624,RF-0500,DP-0350,DM,49,1,1,0,
829626,RF-0500,JG-2950,SR,-3,1,0,0,
829628,RF-0500,PW-1150,DR,0,0,0,0,MH-3742
829636,LJ-0150,MB-4075,SL,3,1,0,0,
829637,LJ-0150,MB-3325,SM,5,1,1,0,
829643,RF-0500,DP-0350,DL,0,0,0,0,
829644,RF-0500,AH-3900,SM,0,0,0,0,
829647,LJ-0150,MB-4075,DR,0,0,0,0,
829648,LJ-0150,MA-1050,SR,6,1,0,0,
829656,RF-0500,DP-0350,SL,14,1,1,0,
829658,RF-0500,AH-3900,DR,0,0,0,0,BC-0500
829659,RF-0500,AH-3900,DL,22,1,1,0,
829660,RF-0500,DP-0350,DL,0,0,0,0,
829661,RF-0500,PW-1150,SL,7,1,1,0,
829662,RF-0500,PW-1150,SL,11,1,1,0,
829663,RF-0500,PW-1150,SM,6,1,1,0,
829668,RF-0500,KD-1462,SM,10,1,1,0,
829671,RF-0500,DP-0350,SL,0,0,0,0,AA-0590
829675,LJ-0150,MA-1050,SM,20,1,1,0,
829678,LJ-0150,MA-1050,SR,6,1,1,0,
829679,LJ-0150,MA-1050,SM,4,1,1,0,
829682,LJ-0150,MA-1050,DM,39,1,1,0,
829683,LJ-0150,HH-0350,SR,0,0,0,0,
829684,LJ-0150,PR-0125,SL,1,1,1,0,
829687,RF-0500,MG-0325,SM,0,0,0,0,
829688,RF-0500,MG-0325,DL,0,0,0,0,
829689,RF-0500,DP-0350,SL,12,1,1,0,
829690,RF-0500,DP-0350,DL,0,0,0,0,
829693,RF-0500,JG-2950,DM,0,0,0,0,
829698,LJ-0150,MA-1050,SL,21,1,1,0,
829699,LJ-0150,HH-0350,SR,23,1,1,0,
829703,LJ-0150,WS-0925,SR,0,0,0,0,CL-0212
829706,JR-3250,MG-0325,SR,5,1,1,0,
829707,JR-3250,JG-2950,SR,0,0,0,0,
829710,RG-1850,NB-0450,SM,11,1,1,0,
829716,RG-1850,MA-1050,SL,3,1,1,0,
829719,JR-3250,MG-0325,SL,0,0,0,0,CC-1950
829724,RG-1850,SR-0750,SL,10,1,1,0,
829728,RG-1850,HH-0350,SR,11,1,1,0,
829730,RG-1850,NB-0450,SM,12,1,1,0,
829732,RG-1850,WS-0925,SM,8,1,1,0,
829738,JA-1087,CB-1130,SL,8,1,1,0,
829739,JA-1087,JB-6950,SL,13,1,1,0,
829741,JA-1087,JB-6950,SM,9,1,1,0,
829742,JA-1087,PD-0700,SR,4,1,1,0,
829743,JA-1087,CB-1130,SL,10,1,1,0,
829744,JA-1087,ZJ-0100,DR,0,0,0,0,
829747,SD-0175,JC-5680,SM,0,0,0,0,
829748,SD-0175,LB-0250,SR,1,1,0,0,
829750,JA-1087,CB-1130,SM,0,0,0,0,
829753,JA-1087,PD-0700,SL,5,1,1,0,
829755,JA-1087,JB-6950,SM,10,1,1,0,
829756,JA-1087,CB-1130,SM,6,1,1,0,
829757,JA-1087,ZJ-0100,DL,0,0,0,0,
829760,JA-1087,CB-1130,SR,0,0,0,0,
829767,SD-0175,LB-0250,SR,4,1,1,0,
829768,SD-0175,JB-2950,SR,15,1,1,0,
829776,JA-1087,DK-0950,SR,1,1,0,0,
829777,JA-1087,DS-2177,SL,0,0,0,0,
829780,SD-0175,QE-0100,SL,0,0,0,0,LW-0150
829782,SD-0175,JC-5680,SM,12,1,1,0,
829783,SD-0175,RG-1870,SL,11,1,1,0,
829784,SD-0175,RA-1125,SL,9,1,1,0,
829786,SD-0175,JC-5680,SL,8,1,1,0,
829787,SD-0175,RA-1125,DR,0,0,0,0,TJ-1250
829793,JA-1087,CB-1130,SM,8,1,1,0,
829794,JA-1087,CB-1130,SR,8,1,1,0,
829796,JA-1087,TS-3656,DR,29,1,1,0,
829797,JA-1087,CB-1130,SL,0,0,0,0,JA-0150
829803,SD-0175,LB-0250,SL,0,0,0,0,SL-0350
829805,JA-1087,DS-2177,SL,4,1,1,0,
829806,JA-1087,ZJ-0100,SR,-2,1,0,0,
829807,JA-1087,JB-6950,SL,28,1,1,0,
829808,JA-1087,JB-6950,SR,0,0,0,0,
829809,JA-1087,ZJ-0100,SR,0,0,0,0,HL-0100
829810,SD-0175,JC-5680,SL,19,1,1,0,
829811,SD-0175,JC-5680,SM,2,1,0,0,
829812,SD-0175,LB-0250,SL,0,0,0,0,JH-5900
829813,SD-0175,LB-0250,SL,0,0,0,0,
829818,SD-0175,JC-5680,SL,6,1,1,0,
829819,SD-0175,RG-1870,SL,2,1,0,0,
829821,SD-0175,JC-5680,SL,6,1,1,0,
829822,SD-0175,RA-1125,SL,0,0,0,0,
829823,SD-0175,RA-1125,SR,0,0,0,0,
829828,SD-0175,QE-0100,SR,8,1,1,0,
829831,SD-0175,JC-5680,SL,7,1,1,0,
829833,SD-0175,LB-0250,SR,11,1,1,0,
829836,SD-0175,JC-5680,SL,6,1,0,0,
829837,SD-0175,LB-0250,SL,9,1,1,0,
829843,JA-1087,DK-0950,SL,0,0,0,0,
829845,JA-1087,JB-6950,SL,11,1,1,0,
829847,JA-1087,JB-6950,DM,0,0,0,0,CM-3250
829848,JA-1087,JB-6950,DR,0,0,0,0,MM-1725
829853,SD-0175,LB-0250,SR,5,1,1,0,
829854,SD-0175,LB-0250,SL,2,1,0,0,
829856,SD-0175,RA-1125,SL,6,1,0,0,
829860,JA-1087,JB-6950,SR,14,1,1,0,
829861,JA-1087,TS-3656,SL,6,1,1,0,
829863,JA-1087,DS-2177,SL,5,1,1,0,
829869,SD-0175,JC-5680,SR,3,1,0,0,
829870,SD-0175,JC-5680,SL,6,1,1,0,
829871,SD-0175,RG-1870,SM,-3,1,0,0,
829873,SD-0175,JC-5680,SR,10,1,0,0,
829875,JA-1087,DS-2177,SR,8,1,1,0,
829876,JA-1087,,NL,0,0,0,0,
829878,JA-1087,CB-1130,DR,0,0,0,0,
829879,JA-1087,ZJ-0100,DR,20,1,1,0,
829880,JA-1087,DS-2177,SR,-1,1,0,0,
829882,JA-1087,DS-2177,SR,12,1,1,0,
829883,JA-1087,JB-6950,DL,38,1,1,0,
829886,SD-0175,JC-5680,SL,5,1,1,0,
829887,SD-0175,JC-5680,SR,4,1,1,0,
829888,SD-0175,RA-1125,DL,0,0,0,0,LW-0150
829891,SD-0175,JC-5680,SR,0,0,0,0,TM-3450
829892,SD-0175,RG-1870,SM,0,0,0,0,LA-0200
829893,SD-0175,QE-0100,DR,0,0,0,0,
829894,SD-0175,JC-5680,DR,0,0,0,0,JH-5900
829899,SD-0175,JC-5680,SL,5,1,1,0,
829900,SD-0175,RA-1125,SL,8,1,0,0,
829903,PM-0025,TH-1750,SR,8,1,1,0,
829904,PM-0025,SW-0450,SM,68,1,1,0,
829908,NF-0250,DC-1418,SR,7,1,1,0,
829909,NF-0250,CC-3950,SR,0,0,0,0,
829911,PM-0025,TK-0150,DR,42,1,1,0,
829912,PM-0025,SW-0450,DM,21,1,1,0,
829914,PM-0025,DW-3125,SR,2,1,0,0,
829915,PM-0025,TK-0150,SL,0,0,0,0,
829918,NF-0250,JO-0150,SR,0,0,0,0,BB-2725
829920,NF-0250,GS-1400,SL,2,1,0,0,
829921,NF-0250,CC-3950,DM,21,1,1,0,
829922,NF-0250,LF-0650,SL,10,1,1,0,
829924,NF-0250,LF-0650,SR,0,0,0,0,
829925,NF-0250,DC-1418,DR,35,1,1,0,
829929,PM-0025,SW-0450,SR,13,1,1,0,
829932,PM-0025,TH-1750,SR,8,1,1,0,
829933,PM-0025,SW-0450,DR,49,1,1,0,
829937,GM-1350,CC-3950,SL,8,1,1,0,
829940,GM-1350,CC-3950,SM,20,1,1,0,
829942,GM-1350,DW-2275,SL,4,1,0,0,
829944,GM-1350,CC-3950,SL,11,1,0,0,
829947,PM-0025,TK-0150,DR,41,1,1,0,
829949,PM-0025,SW-0450,SR,22,1,1,0,
829950,PM-0025,TK-0150,SL,0,0,0,0,
829953,PM-0025,DR-2225,SL,0,1,0,0,
829956,GM-1350,DC-1418,DM,69,1,1,0,
829958,GM-1350,DW-2275,SR,-2,1,0,0,
829960,GM-1350,JO-0150,SM,7,1,0,0,
829963,PM-0025,DW-3125,SL,18,1,1,0,
829964,PM-0025,TK-0150,SL,5,1,1,0,
829967,PM-0025,SW-0450,SR,5,1,1,0,
829968,PM-0025,DW-3125,SL,8,1,1,0,
829969,PM-0025,DT-1231,SL,3,1,0,0,
829970,PM-0025,SW-0450,DR,0,0,0,0,
829972,PM-0025,SW-0450,DM,0,0,0,0,
829975,GM-1350,LF-0650,SL,6,1,1,0,
829977,GM-1350,GS-1400,SL,5,1,0,0,
829982,GM-1350,DW-2275,SR,12,1,1,0,
829983,GM-1350,JO-0150,SM,7,1,1,0,
829984,GM-1350,DW-2275,SR,1,1,0,0,
829988,GM-1350,LF-0650,SM,0,1,0,0,
829990,PM-0025,SW-0450,SR,8,1,1,0,
829992,PM-0025,SW-0450,SR,9,1,1,0,
829995,PM-0025,LM-1000,SM,12,1,1,0,
829996,PM-0025,DR-2225,SL,0,0,0,0,
829999,PM-0025,AS-0900,SR,15,1,1,0,
830000,PM-0025,DW-3125,SM,-1,1,0,0,
830001,PM-0025,TK-0150,SR,0,0,0,0,
830007,GM-1350,DW-2275,SR,0,0,0,0,AO-0370
830010,PM-0025,BB-1550,SL,7,1,1,0,
830016,PM-0025,MH-0875,SR,0,0,0,0,
830017,PM-0025,DW-3125,SR,9,1,1,0,
830019,PM-0025,SW-0450,SR,3,1,1,0,
830023,GM-1350,LF-0650,SM,12,1,1,0,
830024,GM-1350,DC-1418,DR,35,1,1,0,
830027,GM-1350,GS-1400,SL,5,1,1,0,
830028,GM-1350,DW-2275,SL,15,1,1,0,
830033,PM-0025,DW-3125,SL,3,1,0,0,
830034,PM-0025,TK-0150,SL,0,0,0,0,
830036,GM-1350,LF-0650,SM,0,0,0,0,
830040,MM-4700,TK-0150,SL,0,0,0,0,
830043,GM-1350,JO-0150,SL,9,1,1,0,
830044,GM-1350,JO-0150,SM,9,1,1,0,
830046,GM-1350,RA-1337,SL,0,0,0,0,
830047,GM-1350,GS-1400,SL,5,1,0,0,
830048,GM-1350,CC-3950,DM,16,1,1,0,
830049,GM-1350,CC-3950,DR,21,1,1,0,
830060,CN-0500,CM-1225,SL,5,1,1,0,
830062,CN-0500,DM-2850,SR,13,1,1,0,
830063,CN-0500,DM-2850,SR,11,1,0,0,
830064,JG-1850,CK-1300,SL,6,1,1,0,
830065,JG-1850,TG-1950,SL,4,1,1,0,
830066,JG-1850,CK-1300,SL,6,1,1,0,
830067,JG-1850,TH-1550,DR,0,0,0,0,
830068,JG-1850,CK-1300,SR,7,1,1,0,
830069,JG-1850,BC-2325,DL,0,0,0,0,
830070,JG-1850,CK-1300,SM,5,1,0,0,
830074,CN-0500,GO-0100,SL,3,1,0,0,
830076,CN-0500,CS-0050,SL,2,1,0,0,
830079,JG-1850,RW-4050,SL,0,0,0,0,DJ-0575
830080,JG-1850,CK-1300,SR,0,0,0,0,
830082,CN-0500,DM-2850,DR,0,0,0,0,
830083,CN-0500,CM-1225,SL,17,1,1,0,
830084,CN-0500,GO-0100,SL,14,1,1,0,
830087,CN-0500,GO-0100,SR,0,0,0,0,
830092,JG-1850,JR-1950,SL,0,0,0,0,
830094,JG-1850,RW-4050,SR,22,1,1,0,
830097,JG-1850,RW-4050,DL,0,0,0,0,
830109,CN-0500,CM-1225,SR,9,1,0,0,
830113,JG-1850,RW-4050,SR,6,1,1,0,
830114,JG-1850,RW-4050,SL,3,1,1,0,
830116,JG-1850,RW-4050,SR,9,1,1,0,
830117,JG-1850,BC-2325,SM,0,0,0,0,
830120,CN-0500,CM-1225,SR,5,1,0,0,
830121,CN-0500,GO-0100,SR,0,0,0,0,CL-0987
830127,JG-1850,GE-0400,SR,7,1,1,0,
830128,JG-1850,CK-1300,SM,0,0,0,0,
830129,JG-1850,CK-1300,SM,4,1,0,0,
830130,JG-1850,CK-1300,SR,0,0,0,0,JE-0325
830135,CN-0500,DM-2850,SL,10,1,1,0,
830136,CN-0500,DM-2850,SL,11,1,1,0,
830137,CN-0500,GO-0100,SM,6,1,1,0,
830138,CN-0500,DM-2850,SL,15,1,1,0,
830139,CN-0500,,NL,0,0,0,1,
830142,JG-1850,BC-2325,SM,24,1,1,0,
830143,JG-1850,BC-2325,SM,15,1,1,0,
830145,JG-1850,,NL,0,0,0,0,
830147,JG-1850,RW-4050,SL,12,1,1,0,
830148,JG-1850,BC-2325,SR,0,0,0,0,
830151,CN-0500,IT-0150,SR,0,0,0,0,
830153,CN-0500,CS-0050,SL,14,1,1,0,
830155,CN-0500,JW-6560,SR,14,1,1,0,
830157,CN-0500,DM-2850,SL,14,1,1,0,
830163,JG-1850,TH-1550,SR,3,1,1,0,
830165,JG-1850,RW-4050,SL,3,1,0,0,
830166,JG-1850,JR-1950,SM,0,0,0,0,LK-0600
830168,JG-1850,CK-1300,SR,10,1,1,0,
830170,JG-1850,RW-4050,SL,0,0,0,0,
830171,JG-1850,CK-1300,SR,8,1,1,0,
830174,JG-1850,TH-1550,SL,6,1,1,0,
830178,CN-0500,DM-2850,SR,0,0,0,0,
830179,CN-0500,CM-1225,SL,14,1,1,0,
830181,CN-0500,CM-1225,SL,4,1,1,0,
830182,CN-0500,CS-0050,SR,16,1,1,0,
830184,CN-0500,GO-0100,SR,0,0,0,0,
830185,CN-0500,GO-0100,SM,0,0,0,0,
830190,JG-1850,TH-1550,SR,6,1,1,0,
830192,JG-1850,BC-2325,SR,0,0,0,0,ST-0550
830200,JG-1850,RW-4050,DM,0,0,0,0,
830202,CN-0500,CM-1225,SM,4,1,0,0,
830203,CN-0500,CS-0050,DR,0,0,0,0,
830209,JG-1850,RW-4050,SL,11,1,1,0,
830211,JG-1850,TH-1550,SL,5,1,1,0,
830214,CN-0500,DM-2850,SM,2,1,0,0,
830215,CN-0500,CM-1225,SR,9,1,1,0,
830216,CN-0500,GO-0100,SM,0,0,0,0,
830217,JG-1850,RW-4050,DR,0,0,0,0,JB-4975
830219,JG-1850,RW-4050,SR,4,1,0,0,
830221,CN-0500,CM-1225,SL,0,0,0,0,
830222,CN-0500,DM-2850,SR,0,0,0,0,AT-0100
830223,CN-0500,GO-0100,SR,13,1,1,0,
830224,CN-0500,CM-1225,SR,9,1,1,0,
830225,CN-0500,CH-3350,SR,0,0,0,0,
830227,CN-0500,CM-1225,SM,5,1,1,0,
830237,BM-0650,RH-1950,SR,0,0,0,0,JB-6837
830238,BM-0650,RH-1950,SR,11,1,1,0,
830241,BM-0650,OB-0075,SL,16,1,1,0,
830243,BM-0650,OB-0075,SR,2,1,0,0,
830244,BM-0650,RH-1950,DM,35,1,1,0,
830248,MM-0912,DW-0500,SR,10,1,1,0,
830250,MM-0912,AB-3150,DM,47,1,1,0,
830252,MM-0912,AB-3150,SR,2,1,0,0,
830253,MM-0912,DL-1700,SR,0,0,0,0,
830256,BM-0650,OB-0075,SL,8,1,1,0,
830259,BM-0650,DN-1225,SM,0,0,0,0,
830263,MM-0912,DH-2450,SL,0,0,0,0,
830268,BM-0650,DN-1225,SR,18,1,1,0,
830270,BM-0650,OB-0075,SL,4,1,0,0,
830271,BM-0650,DH-3137,SR,0,0,0,0,
830276,MM-0912,CD-0975,DL,0,0,0,0,
830277,MM-0912,DW-0500,SL,0,0,0,0,DR-0450
830280,MM-0912,DW-0500,SM,16,1,1,0,
830284,MM-0912,AB-3150,SR,0,0,0,0,
830291,BM-0650,DH-1450,SM,0,0,0,0,JB-6837
830292,BM-0650,JL-0215,DR,0,0,0,0,
830295,MM-0912,MP-2350,SR,0,0,0,0,
830296,MM-0912,JS-4550,SL,7,1,1,0,
830297,MM-0912,AH-3862,SR,5,1,1,0,
830300,MM-0912,CD-0975,DM,0,0,0,0,
830303,BM-0650,JL-0215,SR,10,1,0,0,
830304,BM-0650,DN-1225,SM,0,0,0,0,
830308,MM-0912,DL-1700,SM,7,1,0,0,
830313,MM-0912,DW-0500,SM,11,1,1,0,
830314,MM-0912,TS-1262,SL,0,0,0,0,TM-2850
830315,MM-0912,CD-0975,SM,0,0,0,0,SR-0670
830316,MM-0912,TS-1262,DR,0,0,0,0,
830318,BM-0650,DR-0550,SL,7,1,1,0,
830319,BM-0650,DH-3137,SR,14,1,1,0,
830320,BM-0650,OB-0075,DR,24,1,1,0,
830323,BM-0650,OB-0075,SL,0,0,0,0,
830324,BM-0650,OB-0075,SL,5,1,0,0,
830326,MM-0912,AB-3150,SM,51,1,1,0,
830329,MM-0912,DL-1700,SR,1,1,0,0,
830332,BM-0650,OB-0075,SL,12,1,1,0,
830336,BM-0650,NC-0175,SL,-1,1,0,0,
830337,BM-0650,DJ-0887,SM,11,1,0,0,
830341,MM-0912,DL-1700,SL,-2,1,0,0,
830347,BM-0650,DN-1225,SR,7,1,0,0,
830348,BM-0650,JL-0215,DM,23,1,1,0,
830349,BM-0650,NC-0175,SL,7,1,1,0,
830350,BM-0650,JL-0215,DR,34,1,1,0,
830351,BM-0650,DN-1225,SM,3,1,1,0,
830354,MM-0912,DH-2450,SL,75,1,1,0,
830358,BM-0650,NC-0175,SL,4,1,1,0,
830360,BM-0650,DR-0550,SR,10,1,1,0,
830363,BM-0650,OB-0075,DR,0,0,0,0,
830367,MM-0912,DW-0500,SL,11,1,1,0,
830371,BM-0650,JL-0215,SR,0,1,0,0,
830372,BM-0650,JL-0215,SL,0,0,0,0,
830376,MM-0912,DW-0500,SR,7,1,1,0,
830379,BM-0650,NC-0175,SM,0,0,0,0,
830380,BM-0650,OB-0075,DL,0,0,0,0,
830383,BM-0650,DJ-0887,SR,12,1,1,0,
830384,BM-0650,DN-1225,SM,9,1,1,0,
830388,BM-0650,OB-0075,SL,0,0,0,0,
830394,BM-0650,JL-0215,SL,0,0,0,0,
830405,CK-0250,JS-5475,SL,8,1,1,0,
830407,CK-0250,DG-3200,SM,8,1,1,0,
830409,CK-0250,PR-0150,SL,7,1,1,0,
830410,CK-0250,VD-0100,SR,48,1,1,0,
830413,CW-1425,ZE-0100,SR,0,0,0,0,
830414,CW-1425,DJ-0200,SR,11,1,1,0,
830417,CW-1425,NA-0050,DL,0,0,0,0,
830419,CK-0250,KH-0525,DR,21,1,1,0,
830422,CK-0250,PR-0150,DM,17,1,1,0,
830424,CK-0250,VD-0100,SM,0,0,0,0,RD-0050
830425,CK-0250,TM-2275,SL,13,1,1,0,
830426,CK-0250,TQ-0100,SR,14,1,1,0,
830428,CK-0250,PR-0150,DR,0,0,0,0,RD-0050
830429,CK-0250,VD-0100,SR,-4,1,0,0,
830432,CW-1425,DS-3300,SL,4,1,1,0,
830433,CW-1425,ZE-0100,SL,5,1,1,0,
830438,CW-1425,DJ-0200,SR,9,1,1,0,
830439,CW-1425,JH-5575,SR,5,1,1,0,
830442,CW-1425,DJ-0200,SR,-3,1,0,0,
830443,CW-1425,DS-3300,SR,5,1,0,0,
830444,CW-1425,DJ-0200,SL,0,0,0,0,DP-0662
830446,CK-0250,TM-2275,DM,69,1,1,0,
830449,CW-1425,MS-0125,SL,2,1,0,0,
830450,CW-1425,NA-0050,SR,7,1,1,0,
830455,CK-0250,DG-3200,SL,5,1,0,0,
830456,CK-0250,CT-1220,SR,0,0,0,0,
830459,CW-1425,AJ-0430,SL,11,1,1,0,
830460,CW-1425,NA-0050,DR,0,0,0,0,
830461,CW-1425,DG-1287,DL,0,0,0,0,MN-0550
830462,CW-1425,DJ-0200,DM,51,1,1,0,
830465,CK-0250,VD-0100,SR,0,0,0,0,
830471,CW-1425,AJ-0430,DM,0,0,0,0,JN-1750
830472,CW-1425,DJ-0200,SR,5,1,0,0,
830474,CK-0250,PR-0150,SR,7,1,1,0,
830475,CK-0250,TQ-0100,SL,0,0,0,0,
830476,CK-0250,PR-0150,SL,5,1,1,0,
830477,CK-0250,PR-0150,DR,0,0,0,0,
830478,CK-0250,VD-0100,SR,6,1,1,0,
830479,CK-0250,TM-2275,DR,22,1,1,0,
830482,CK-0250,CT-1220,SL,11,1,0,0,
830490,CW-1425,AJ-0430,SR,12,1,1,0,
830491,CW-1425,AJ-0430,SL,5,1,1,0,
830497,CW-1425,AJ-0430,SR,5,1,1,0,
830503,CK-0250,CT-1220,SR,11,1,0,0,
830505,CW-1425,JH-5575,SL,0,0,0,0,
830506,CW-1425,ZE-0100,SL,0,0,0,0,
830507,CW-1425,DJ-0200,DR,53,1,1,0,
830510,CK-0250,TM-2275,DM,0,0,0,0,
830511,CK-0250,PR-0150,SL,0,0,0,0,
830512,CK-0250,VD-0100,SM,0,0,0,0,SJ-0775
830514,CW-1425,ZE-0100,SR,5,1,1,0,
830516,CW-1425,DJ-0200,DR,19,1,1,0,
830517,CW-1425,NA-0050,SL,4,1,1,0,
830519,CW-1425,DJ-0200,SR,9,1,1,0,
830521,CW-1425,ZE-0100,SR,26,1,1,0,
830525,CK-0250,DG-3200,SL,7,1,1,0,
830527,CK-0250,CT-1220,SR,6,1,0,0,
830529,CK-0250,VD-0100,SL,9,1,0,0,
830532,CW-1425,NA-0050,DR,0,0,0,0,
830533,CW-1425,ZE-0100,SL,16,1,1,0,
830534,CW-1425,DG-1287,SL,9,1,1,0,
830535,CW-1425,MS-0125,SL,0,0,0,0,
830536,CW-1425,ZE-0100,SL,2,1,1,0,
830541,CW-1425,DJ-0200,SR,0,0,0,0,
830542,CW-1425,AJ-0430,SL,16,1,1,0,
830544,CW-1425,DG-1287,SL,7,1,1,0,
830549,CW-1425,JH-5575,SR,6,1,0,0,
830550,CW-1425,DS-3300,SR,7,1,0,0,
830553,CK-0250,TM-2275,SM,13,1,1,0,
830555,CK-0250,CT-1220,SL,6,1,0,0,
830556,CK-0250,TQ-0100,SR,7,1,0,0,
830557,CK-0250,TM-2275,SR,0,0,0,0,RD-1550
830558,CK-0250,TM-2275,SM,8,1,1,0,
830560,CK-0250,TQ-0100,SL,8,1,1,0,
830561,CK-0250,CT-1220,SR,0,0,0,0,
830562,CK-0250,CT-1220,SL,0,0,0,0,FC-0400
830563,CK-0250,CT-1220,SR,18,1,1,0,
830564,CK-0250,CT-1220,SM,5,1,1,0,
830565,CK-0250,KH-0525,SL,10,1,1,0,
830566,CK-0250,,NL,0,0,0,1,
830567,CK-0250,CT-1220,SM,11,1,1,0,
830568,CK-0250,TQ-0100,SR,0,0,0,0,AM-0250
830569,CK-0250,,NL,0,0,0,0,
830570,CK-0250,TQ-0100,SR,4,1,1,0,
830575,AD-0100,TB-2075,SL,3,1,0,0,
830576,AD-0100,JR-3280,DR,0,0,0,0,
830577,AD-0100,TB-2075,SM,14,1,1,0,
830578,AD-0100,TB-2075,SL,10,1,1,0,
830579,AD-0100,JR-3280,SR,0,0,0,0,
830580,AD-0100,JM-5275,SL,0,0,0,0,JC-3350
830581,AD-0100,JM-5275,SL,-3,1,0,0,
830584,RW-3850,,NL,0,0,0,0,
830585,RW-3850,DM-2275,SL,6,1,0,0,
830588,AD-0100,JR-3280,SM,20,1,1,0,
830589,AD-0100,AE-1037,SM,6,1,1,0,
830591,AD-0100,TB-2075,SL,0,0,0,0,
830594,AD-0100,TB-2075,SM,13,1,1,0,
830595,AD-0100,,NL,0,0,0,0,
830596,AD-0100,TB-2075,SM,6,1,1,0,
830597,AD-0100,DW-3987,SM,6,1,1,0,
830598,AD-0100,AE-1037,SL,6,1,1,0,
830601,AD-0100,TE-0300,SL,0,0,0,0,
830608,RW-3850,CC-0750,SL,8,1,1,0,
830611,RW-3850,CC-0750,SM,-3,1,0,0,
830612,RW-3850,WD-0550,DR,0,0,0,0,
830616,AD-0100,JR-3280,SM,0,0,0,0,
830617,AD-0100,JM-5275,SL,10,1,1,0,
830623,RW-3850,WD-0550,SL,12,1,1,0,
830624,RW-3850,DM-2275,SM,16,1,1,0,
830631,AD-0100,TB-2075,SL,6,1,1,0,
830632,AD-0100,CU-0150,DL,36,1,1,0,
830633,AD-0100,JR-3280,DL,33,1,1,0,
830638,RW-3850,DM-2275,DM,0,0,0,0,
830642,AD-0100,TE-0300,SL,4,1,0,0,
830644,RW-3850,CC-0750,SL,7,1,1,0,
830645,RW-3850,CC-0750,SL,0,0,0,0,
830646,RW-3850,DM-2275,DL,42,1,1,0,
830647,RW-3850,DM-2275,SL,0,0,0,0,
830649,RW-3850,CC-0750,SR,10,1,1,0,
830652,AD-0100,TB-2075,SR,3,1,0,0,
830653,AD-0100,DW-3987,SR,17,1,1,0,
830654,AD-0100,JR-3280,SL,0,0,0,0,
830655,AD-0100,JR-3280,DM,55,1,1,0,
830660,RW-3850,CC-0750,SL,11,1,0,0,
830661,AD-0100,CU-0150,SM,15,1,1,0,
830666,RW-3850,CC-0750,SL,2,1,0,0,
830670,AD-0100,GB-0350,SR,35,1,1,0,
830677,RW-3850,NV-0050,SM,11,1,0,0,
830680,AD-0100,DW-3987,SR,0,0,0,0,SG-1600
830681,AD-0100,TE-0300,SL,5,1,0,0,
830682,AD-0100,TE-0300,SL,7,1,1,0,
830683,AD-0100,JR-3280,DL,24,1,1,0,
830684,AD-0100,JR-3280,DR,0,0,0,0,SG-1600
830685,AD-0100,CU-0150,SR,9,1,1,0,
830686,AD-0100,TB-2075,DR,0,0,0,0,
830690,RW-3850,DM-2275,DM,25,1,1,0,
830692,RW-3850,TL-1025,DM,44,1,1,0,
830696,AD-0100,GB-0350,SM,7,1,0,0,
830698,AD-0100,JR-3280,SL,7,1,1,0,
830699,AD-0100,AE-1037,SL,13,1,1,0,
830700,AD-0100,JR-3280,SL,11,1,1,0,
830703,AD-0100,CU-0150,SL,6,1,1,0,
830704,AD-0100,CU-0150,SM,0,0,0,0,QJ-0150
830705,AD-0100,TB-2075,SR,5,1,0,0,
830707,AD-0100,GB-0350,SL,0,0,0,0,TF-0725
830710,AD-0100,JR-3280,SR,8,1,0,0,
830713,RW-3850,TL-1025,DR,0,0,0,0,
830715,RW-3850,NV-0050,SR,5,1,0,0,
830717,AD-0100,DW-3987,SR,7,1,1,0,
830718,AD-0100,DW-3987,SL,0,0,0,0,
830719,AD-0100,TE-0300,SR,5,1,1,0,
830720,AD-0100,,NL,0,0,0,0,MK-0730
830721,AD-0100,AE-1037,SR,3,1,0,0,
830722,AD-0100,TB-2075,SM,0,0,0,0,QJ-0150
830732,AD-0100,TE-0300,SL,6,1,1,0,
830737,PR-0300,KA-0650,SR,2,1,0,0,
830740,JB-5725,TH-1850,SR,3,1,0,0,
830741,JB-5725,DC-0025,SR,10,1,1,0,
830746,PR-0300,AE-0550,SR,9,1,1,0,
830748,PR-0300,AE-0550,SM,9,1,1,0,
830753,PR-0300,JJ-0575,SR,0,0,0,0,
830754,PR-0300,DI-0075,SL,5,1,0,0,
830756,PR-0300,KA-0650,SM,1,1,1,0,
830757,PR-0300,AE-0550,SR,1,1,1,0,
830760,JB-5725,DF-2200,SL,8,1,1,0,
830762,JB-5725,JD-2550,SL,20,1,1,0,
830763,JB-5725,NH-1237,SR,8,1,1,0,
830768,JB-5725,MA-0487,SR,3,1,0,0,
830769,JB-5725,TH-1850,SR,5,1,1,0,
830771,JB-5725,JD-2550,SM,0,0,0,0,
830773,JB-5725,TH-1850,SL,4,1,1,0,
830776,PR-0300,KA-0650,DL,27,1,1,0,
830777,PR-0300,TB-1060,SM,10,1,1,0,
830778,PR-0300,AE-0550,SL,13,1,1,0,
830782,PR-0300,KA-0650,DL,28,1,1,0,
830787,JB-5725,DF-2200,SL,0,0,0,0,
830789,PR-0300,KA-0650,SL,0,0,0,0,
830791,PR-0300,MW-2825,SL,12,1,1,0,
830792,PR-0300,TT-0500,SR,0,0,0,0,
830795,PR-0300,AE-0550,SL,0,0,0,0,DL-0925
830796,PR-0300,HH-0225,SR,0,0,0,0,
830797,PR-0300,MW-2825,SL,0,0,0,0,
830800,JB-5725,DC-0025,DL,25,1,1,0,
830801,JB-5725,DF-2200,DL,16,1,1,0,
830802,JB-5725,NH-1237,SL,2,1,0,0,
830803,JB-5725,EE-0050,SM,8,1,1,0,
830812,JB-5725,EE-0050,SR,0,0,0,0,
830816,PR-0300,TB-1060,SL,2,1,0,0,
830818,PR-0300,HH-0225,SM,13,1,1,0,
830819,PR-0300,AE-0550,SR,55,1,1,0,
830822,JB-5725,TH-1850,SM,12,1,1,0,
830829,PR-0300,AE-0550,SL,9,1,0,0,
830832,JB-5725,TH-1850,SL,9,1,1,0,
830835,JB-5725,NH-1237,SR,1,1,0,0,
830836,JB-5725,TH-1850,SR,16,1,0,0,
830838,JB-5725,TH-1850,DL,0,0,0,0,CH-2250
830842,JB-5725,PC-0050,SL,1,1,0,0,
830843,JB-5725,EE-0050,SM,0,0,0,0,
830845,PR-0300,KA-0650,SM,21,1,1,0,
830847,PR-0300,HH-0225,DM,22,1,1,0,
830849,PR-0300,JJ-0575,SL,0,0,0,0,JW-0725
830850,PR-0300,MW-2825,DM,17,1,1,0,
830851,PR-0300,KA-0650,SR,20,1,1,0,
830853,PR-0300,KA-0650,SM,0,0,0,0,
830859,JB-5725,NH-1237,SL,-7,1,0,0,
830860,JB-5725,TH-1850,DM,19,1,0,0,
830861,JB-5725,DF-2200,SL,8,1,1,0,
830868,JB-5725,DF-2200,DL,0,0,0,0,
830869,JB-5725,TH-1850,SL,19,1,1,0,
830872,PR-0300,HH-0225,SL,8,1,1,0,
830873,PR-0300,VG-0300,SR,4,1,1,0,
830876,PR-0300,TB-1060,DL,0,0,0,0,
830877,PR-0300,JJ-0575,SR,4,1,0,0,
830880,PR-0300,KA-0650,DM,18,1,1,0,
830881,PR-0300,HH-0225,DR,17,1,1,0,
830885,PR-0300,KA-0650,SM,6,1,1,0,
830889,MS-4100,KJ-0587,SL,7,1,1,0,
830892,MS-4100,KG-0650,SL,8,1,1,0,
830895,KM-3500,KJ-0537,DR,0,0,0,0,
830898,KM-3500,DB-6375,SL,6,1,0,0,
830900,MS-4100,TH-1875,SR,28,1,1,0,
830902,MS-4100,TH-1875,DR,0,0,0,0,DS-5150
830903,MS-4100,DA-0900,SL,0,0,0,0,
830906,KM-3500,CK-0825,SR,0,0,0,0,RM-3850
830907,KM-3500,CK-0825,SR,5,1,1,0,
830908,KM-3500,LF-0200,SM,0,0,0,0,DH-1850
830910,KM-3500,KJ-0537,DR,0,0,0,0,
830917,MS-4100,MJ-2250,SR,5,1,1,0,
830918,MS-4100,KG-0650,SM,13,1,1,0,
830919,MS-4100,DA-0900,SR,10,1,1,0,
830924,MS-4100,KG-0650,DR,0,0,0,0,
830928,KM-3500,CK-0825,SM,0,0,0,0,DH-1850
830929,KM-3500,,NL,0,0,0,0,
830932,MS-4100,DA-0900,DR,47,1,1,0,
830935,KM-3500,KJ-0537,SR,12,1,1,0,
830936,KM-3500,LF-0200,SM,3,1,0,0,
830938,KM-3500,DJ-1325,SM,7,1,0,0,
830941,MS-4100,TH-1875,SL,10,1,1,0,
830942,MS-4100,MJ-2250,SR,7,1,1,0,
830943,MS-4100,TH-1875,SL,39,1,1,0,
830950,MS-4100,KG-0650,SL,9,1,1,0,
830955,KM-3500,DJ-1325,SR,8,1,1,0,
830956,KM-3500,KJ-0537,SR,0,0,0,0,RM-3850
830957,KM-3500,DB-6375,SL,0,0,0,0,DS-2250
830958,KM-3500,CE-0175,SR,0,0,0,0,CJ-2175
830962,KM-3500,LF-0200,SL,0,0,0,0,JC-3518
830965,MS-4100,,NL,0,0,0,0,
830966,MS-4100,DA-0900,SL,8,1,1,0,
830969,MS-4100,DA-0900,SR,9,1,1,0,
830970,MS-4100,DA-0900,SL,0,0,0,0,
830971,MS-4100,DA-0900,SM,0,0,0,0,
830972,MS-4100,DA-0900,DM,0,0,0,0,
830976,KM-3500,DJ-1325,SL,0,0,0,0,
830978,KM-3500,KJ-0537,SR,8,1,0,0,
830983,MS-4100,JM-3475,SM,12,1,0,0,
830986,KM-3500,CK-0825,DR,0,0,0,0,
830987,KM-3500,LF-0200,SL,0,0,0,0,
830992,MS-4100,JM-3475,SM,12,1,0,0,
830995,KM-3500,CK-0825,DR,0,0,0,0,
830997,KM-3500,KJ-0537,SM,15,1,1,0,
830998,KM-3500,LF-0200,SM,6,1,1,0,
830999,KM-3500,CK-0825,DR,0,0,0,0,
831000,KM-3500,CK-0825,SR,0,0,0,0,RM-3850
831003,MS-4100,NB-0125,SL,0,1,0,0,
831004,MS-4100,DA-0900,SL,15,1,1,0,
831006,MS-4100,TH-1875,DL,24,1,1,0,
831008,MS-4100,DA-0900,SR,0,0,0,0,
831009,MS-4100,JJ-0725,SM,15,1,1,0,
831012,MS-4100,KG-0650,SL,0,0,0,0,
831013,MS-4100,TH-1875,DR,23,1,1,0,
831016,KM-3500,DB-6375,SR,0,0,0,0,
831018,KM-3500,LF-0200,SR,6,1,0,0,
831020,KM-3500,LF-0200,DR,41,1,1,0,
831022,KM-3500,DJ-1325,SL,4,1,1,0,
831025,KM-3500,CK-0825,DM,0,0,0,0,
831026,KM-3500,KJ-0537,SL,0,0,0,0,
831031,MS-4100,DA-0900,SR,3,1,0,0,
831033,KM-3500,LF-0200,SL,5,1,1,0,
831034,KM-3500,CK-0825,SR,8,1,1,0,
831036,KM-3500,DJ-1325,SR,4,1,0,0,
831038,KM-3500,KJ-0537,SR,11,1,1,0,
831039,KM-3500,DJ-1325,SM,5,1,1,0,
831040,KM-3500,CK-0825,SM,10,1,1,0,
831041,KM-3500,DJ-1325,DM,27,1,1,0,
831046,MS-4100,KJ-0587,SR,6,1,1,0,
831051,MS-4100,KG-0650,DR,0,0,0,0,
831053,KM-3500,LF-0200,SL,3,1,0,0,
831054,KM-3500,LF-0200,DL,0,0,0,0,TW-0152
831055,KM-3500,DB-6375,SM,19,1,1,0,
831056,KM-3500,KJ-0537,SR,0,1,0,0,
831060,KM-3500,DB-6375,SL,7,1,1,0,
831062,KM-3500,LF-0200,SR,4,1,1,0,
831065,MS-4100,KG-0650,SL,12,1,1,0,
831066,MS-4100,,NL,0,0,0,1,
831067,MS-4100,KG-0650,DL,0,0,0,0,CJ-2156
831068,MS-4100,TH-1875,DL,0,0,0,0,
831072,KM-3500,LF-0200,DL,45,1,1,0,
831073,KM-3500,MW-2450,SM,15,1,1,0,
831074,KM-3500,KJ-0537,SR,0,0,0,0,
831076,KM-3500,,NL,0,0,0,0,
831079,MS-4100,MJ-2250,DM,21,1,1,0,
831082,MS-4100,MJ-2250,DM,23,1,1,0,
831083,MS-4100,TH-1875,SR,0,0,0,0,
831085,MS-4100,KG-0650,SR,0,0,0,0,TB-2700
831088,KM-3500,CC-2100,SM,5,1,1,0,
831089,KM-3500,DB-6375,DL,0,0,0,0,
831090,KM-3500,CK-0825,SR,9,1,1,0,
831093,KM-3500,DB-6375,SL,10,1,1,0,
831095,KM-3500,LF-0200,DL,0,0,0,0,
831096,KM-3500,CK-0825,SM,0,0,0,0,CJ-2175
831098,MS-4100,TH-1875,SL,7,1,1,0,
831099,MS-4100,DA-0900,SR,12,1,1,0,
831101,MS-4100,,NL,0,0,0,1,
831102,MS-4100,DA-0900,DR,0,0,0,0,TB-2700
831104,MS-4100,,NL,0,0,0,0,
831106,DP-2037,AC-2350,SR,13,1,1,0,
831108,DP-2037,AC-2350,SM,9,1,1,0,
831109,DP-2037,AC-2350,SM,0,0,0,0,
831111,DP-2037,AC-2350,SR,0,0,0,0,
831113,EM-0200,SB-0212,SL,8,1,1,0,
831115,EM-0200,EE-0400,SM,11,1,1,0,
831116,EM-0200,SS-1250,SR,4,1,1,0,
831119,EM-0200,EE-0400,SL,1,1,1,0,
831123,DP-2037,JW-6000,SM,0,0,0,0,AO-0250
831124,DP-2037,RC-1500,SM,12,1,1,0,
831125,DP-2037,RC-1500,SL,0,0,0,0,
831126,DP-2037,JW-6000,SL,6,1,1,0,
831127,DP-2037,MG-0175,SL,13,1,1,0,
831129,DP-2037,EE-0250,SR,10,1,1,0,
831131,DP-2037,BJ-0950,SM,7,1,1,0,
831132,DP-2037,BJ-0950,DM,28,1,1,0,
831135,EM-0200,EE-0400,SR,19,1,1,0,
831138,EM-0200,CL-0275,DR,0,0,0,0,
831139,EM-0200,SB-0212,SL,9,1,1,0,
831140,EM-0200,,NL,0,0,0,0,
831143,DP-2037,AC-2350,SL,12,1,1,0,
831145,DP-2037,MG-0175,DL,36,1,1,0,
831146,DP-2037,MG-0175,SL,23,1,1,0,
831149,DP-2037,AC-2350,SL,6,1,0,0,
831150,DP-2037,RC-1500,SR,14,1,1,0,
831151,DP-2037,JW-6000,SR,4,1,1,0,
831154,EM-0200,SS-1250,SL,11,1,1,0,
831157,EM-0200,EE-0400,SL,0,0,0,0,JH-3210
831158,EM-0200,RE-0400,SR,8,1,0,0,
831160,DP-2037,MG-0175,SR,6,1,1,0,
831161,DP-2037,RC-1500,SL,18,1,1,0,
831162,DP-2037,MG-0175,SR,6,1,1,0,
831164,DP-2037,JO-0550,DR,0,0,0,0,LC-0250
831168,DP-2037,TA-1050,SR,8,1,1,0,
831171,DP-2037,BJ-0950,SL,4,1,0,0,
831175,DP-2037,EE-0250,SM,0,0,0,0,
831176,DP-2037,AC-2350,DL,21,1,1,0,
831179,EM-0200,EE-0400,SM,6,1,1,0,
831180,EM-0200,SS-1250,SM,6,1,1,0,
831181,EM-0200,CL-0275,SL,9,1,1,0,
831182,EM-0200,SS-1250,SR,5,1,1,0,
831183,EM-0200,BF-0950,SM,5,1,1,0,
831184,EM-0200,CL-0275,DL,0,0,0,0,
831185,EM-0200,EE-0400,SR,0,0,0,0,
831186,EM-0200,CL-0275,DL,0,0,0,0,JH-3210
831188,EM-0200,CL-0275,DR,43,1,1,0,
831189,EM-0200,,NL,0,0,0,0,
831191,EM-0200,CL-0275,SR,0,0,0,0,CA-1350
831192,EM-0200,BF-0950,SL,11,1,1,0,
831193,EM-0200,SS-1250,SR,7,1,1,0,
831196,EM-0200,,NL,0,0,0,0,
831197,EM-0200,SS-1250,SM,0,0,0,0,JL-1825
831200,DP-2037,AC-2350,DM,45,1,1,0,
831202,DP-2037,RC-1500,DM,25,1,1,0,
831205,EM-0200,BF-0950,SL,17,1,1,0,
831207,EM-0200,SB-0212,SL,0,0,0,0,
831208,EM-0200,EE-0400,SM,13,1,1,0,
831209,EM-0200,CL-0275,DL,22,1,1,0,
831211,EM-0200,BF-0950,SR,4,1,1,0,
831216,DP-2037,MG-0175,SM,62,1,1,0,
831219,DP-2037,JW-6000,SL,5,1,1,0,
831223,EM-0200,SS-1250,SM,9,1,1,0,
831224,EM-0200,CL-0275,SM,0,0,0,0,
831227,EM-0200,SB-0212,SR,0,0,0,0,
831228,EM-0200,BF-0950,SM,3,1,0,0,
831229,EM-0200,EE-0400,SL,8,1,0,0,
831232,DP-2037,MG-0175,SL,12,1,1,0,
831235,DP-2037,AC-2350,SM,0,0,0,0,JJ-1550
831237,EM-0200,SB-0212,SR,1,1,0,0,
831238,EM-0200,EE-0400,SM,14,1,1,0,
831239,EM-0200,EE-0400,SM,0,0,0,0,LV-0050
831241,EM-0200,EE-0400,SL,6,1,0,0,
831242,EM-0200,SB-0212,SM,1,1,0,0,
831250,EM-0200,EE-0400,SR,10,1,1,0,
831251,EM-0200,EE-0400,DR,22,1,1,0,
831253,EM-0200,WG-0050,SM,13,1,1,0,
831261,DJ-2275,WG-0050,SR,5,1,1,0,
831262,DJ-2275,EE-0400,SR,6,1,1,0,
831263,DJ-2275,WG-0050,SR,6,1,1,0,
831264,DJ-2275,RE-0400,DR,0,0,0,0,
831270,JW-5650,OH-0250,SR,3,1,0,0,
831271,JW-5650,CG-1425,SL,0,0,0,0,FW-0350
831274,JG-0650,GK-0075,SL,19,1,1,0,
831277,JG-0650,GK-0075,DL,0,0,0,0,
831278,JG-0650,GK-0075,SR,7,1,0,0,
831283,JW-5650,CG-1425,DL,0,0,0,0,
831286,JW-5650,BP-0450,SR,0,0,0,0,
831288,JW-5650,ME-0600,SR,0,0,0,0,
831291,JW-5650,DO-0025,SL,0,0,0,0,
831294,JG-0650,MG-1050,SM,7,1,1,0,
831295,JG-0650,TC-2050,SM,2,1,1,0,
831300,JW-5650,BP-0450,SL,5,1,1,0,
831301,JW-5650,ME-0600,DM,16,1,1,0,
831303,JW-5650,PB-0125,SR,4,1,0,0,
831306,JW-5650,CG-1425,SL,15,1,1,0,
831308,JW-5650,CB-2775,SR,1,1,0,0,
831309,JW-5650,PB-0125,SR,0,0,0,0,
831310,JW-5650,RJ-2250,SL,18,1,1,0,
831312,JW-5650,,NL,0,0,0,0,
831314,JW-5650,OH-0250,SL,10,1,0,0,
831317,JG-0650,DS-0150,SM,14,1,1,0,
831319,JG-0650,DS-0150,SM,1,1,0,0,
831320,JG-0650,TC-2050,SL,0,0,0,0,
831323,JG-0650,TC-2050,SM,31,1,1,0,
831328,JG-0650,DP-1263,SR,7,1,1,0,
831332,JG-0650,RM-5050,SR,0,1,0,0,
831334,JG-0650,KB-1625,SR,9,1,0,0,
831335,JG-0650,KB-1625,DR,0,0,0,0,
831338,JW-5650,OH-0250,SM,0,0,0,0,
831341,JG-0650,GK-0075,SM,1,1,1,0,
831343,JG-0650,GK-0075,SR,0,1,0,0,
831344,JG-0650,DS-0150,SR,2,1,0,0,
831348,JG-0650,MG-1050,SL,0,0,0,0,
831349,JG-0650,GK-0075,SM,10,1,1,0,
831351,JG-0650,GK-0075,SR,0,0,0,0,
831354,JG-0650,RJ-0450,DL,39,1,1,0,
831358,JW-5650,PB-0125,SR,0,0,0,0,
831361,JW-5650,ME-0600,DL,0,0,0,0,AW-1850
831362,JW-5650,PB-0125,SL,8,1,1,0,
831363,JW-5650,BP-0450,SR,5,1,1,0,
831367,JW-5650,CB-2775,SL,7,1,0,0,
831368,JW-5650,CG-1425,DM,28,1,1,0,
831371,JW-5650,CG-1425,SR,10,1,1,0,
831378,JG-0650,MG-1050,SR,0,0,0,0,
831380,JG-0650,RJ-0450,SR,0,0,0,0,
831386,JW-5650,OH-0250,SR,15,1,1,0,
831387,JW-5650,,NL,0,0,0,0,
831389,JW-5650,DO-0025,SM,11,1,0,0,
831391,JW-5650,CG-1425,SM,0,0,0,0,TM-3162
831393,JG-0650,GK-0075,SR,6,1,1,0,
831409,JG-0650,KB-1625,SM,0,0,0,0,
831410,JG-0650,GK-0075,SM,6,1,1,0,
831411,JG-0650,GK-0075,SM,5,1,1,0,
831415,JG-0650,MB-3537,SM,0,0,0,0,ME-0412
831418,JW-5650,,NL,0,0,0,0,
831421,JW-5650,DO-0025,SM,9,1,1,0,
831422,JW-5650,ME-0600,SR,12,1,1,0,
831423,JW-5650,DO-0025,SM,9,1,1,0,
831424,JW-5650,OH-0250,SL,4,1,1,0,
831425,JW-5650,BP-0450,DL,0,0,0,0,
831426,JW-5650,DO-0025,SM,4,1,0,0,
831427,JW-5650,BP-0450,SL,0,0,0,0,AW-1850
831428,JW-5650,ME-0600,DR,0,0,0,0,RS-1000
831437,TB-2300,JE-0100,DM,0,0,0,0,
831440,BR-1100,JS-4750,SR,7,1,1,0,
831441,BR-1100,JC-4075,SL,9,1,1,0,
831445,BR-1100,JH-5125,DR,0,0,0,0,JJ-4565
831447,TB-2300,JE-0100,SL,0,0,0,0,
831448,TB-2300,RB-4670,SM,17,1,1,0,
831452,TB-2300,PD-0800,SL,8,1,1,0,
831453,JE-0100,JW-2550,SL,32,1,1,0,
831454,TB-2300,JG-2450,SR,20,1,1,0,
831459,BR-1100,DM-2775,SM,3,1,0,0,
831461,BR-1100,DJ-1675,SL,9,1,0,0,
831463,TB-2300,JM-4162,DM,22,1,1,0,
831464,TB-2300,JW-2550,SL,4,1,1,0,
831467,TB-2300,JG-2450,SR,9,1,1,0,
831469,TB-2300,JE-0100,SM,9,1,1,0,
831471,TB-2300,JW-2550,SR,2,1,0,0,
831472,TB-2300,RB-4670,SL,0,0,0,0,
831473,TB-2300,JG-2450,SR,0,0,0,0,
831476,BR-1100,RS-3525,SR,8,1,1,0,
831477,BR-1100,RS-3525,SR,1,1,0,0,
831481,TB-2300,RI-0500,SL,0,0,0,0,
831482,TB-2300,JW-2550,SR,0,0,0,0,
831491,TB-2300,JW-2550,SL,8,1,1,0,
831492,TB-2300,JE-0100,SM,16,1,1,0,
831493,TB-2300,JE-0100,SL,24,1,1,0,
831494,TB-2300,PD-0800,DR,25,1,1,0,
831497,BR-1100,DM-2775,DL,0,0,0,0,JM-2800
831498,BR-1100,DM-2775,DR,0,0,0,0,
831499,BR-1100,JS-4750,SM,19,1,1,0,
831500,BR-1100,RS-3525,SL,1,1,0,0,
831501,BR-1100,JW-0934,DR,0,0,0,0,
831502,BR-1100,DJ-1675,SR,8,1,0,0,
831503,BR-1100,DM-2775,SL,0,0,0,0,PC-0300
831504,TB-2300,RB-4670,SL,11,1,1,0,
831505,TB-2300,RB-4670,SL,5,1,1,0,
831506,TB-2300,JE-0100,DR,0,0,0,0,
831507,TB-2300,JW-2550,SL,10,1,1,0,
831508,TB-2300,PD-0800,SL,4,1,1,0,
831509,TB-2300,RB-4670,SM,0,0,0,0,
831510,TB-2300,JW-2550,SR,0,0,0,0,TE-0006
831515,BR-1100,JC-4075,SM,5,1,1,0,
831516,BR-1100,RS-3525,SL,7,1,1,0,
831517,BR-1100,JS-4750,SR,0,0,0,0,JS-3250
831518,BR-1100,JS-4750,SL,0,0,0,0,
831519,BR-1100,JW-0934,DR,45,1,1,0,
831520,BR-1100,DM-2775,DR,0,0,0,0,JM-2800
831525,BR-1100,DM-2775,SL,0,0,0,0,
831528,TB-2300,JE-0100,SL,17,1,1,0,
831530,TB-2300,RI-0500,SR,3,1,0,0,
831531,TB-2300,PD-0800,DR,58,1,1,0,
831534,BR-1100,JC-4075,SR,7,1,1,0,
831535,BR-1100,JC-4075,SR,23,1,1,0,
831538,BR-1100,DJ-1675,DR,0,0,0,0,
831539,BR-1100,JW-0934,SL,0,0,0,0,
831540,BR-1100,JH-5125,SR,0,0,0,0,
831542,TB-2300,JE-0100,SM,4,1,1,0,
831543,TB-2300,JG-2450,DM,44,1,1,0,
831544,TB-2300,RB-4670,SL,5,1,1,0,
831552,BR-1100,JS-4750,SL,9,1,1,0,
831553,BR-1100,JS-4750,SM,8,1,1,0,
831554,BR-1100,RS-3525,SM,7,1,1,0,
831555,BR-1100,RS-3525,SR,5,1,1,0,
831556,BR-1100,DJ-1675,SR,0,0,0,0,JJ-4565
831557,BR-1100,DM-2775,SM,0,0,0,0,JM-2800
831558,BR-1100,DM-2775,SM,1,1,0,0,
831559,BR-1100,DM-2775,SL,0,0,0,0,
831564,TB-2300,JE-0100,SR,13,1,1,0,
831566,TB-2300,RB-4670,SR,3,1,0,0,
831571,TB-2300,JE-0100,SR,0,0,0,0,
831572,TB-2300,RB-4670,SM,0,0,0,0,
831573,TB-2300,JE-0100,SL,0,0,0,0,
831578,BR-1100,JS-4750,SL,26,1,1,0,
831579,BR-1100,DM-2775,SL,3,1,0,0,
831580,BR-1100,JW-0934,DR,0,0,0,0,
831582,BR-1100,JW-0934,DR,0,0,0,0,
831587,BR-1100,JS-0280,SL,2,1,0,0,
831588,BR-1100,JS-4750,SL,9,1,0,0,
831589,BR-1100,VM-0250,SL,19,1,1,0,
831590,BR-1100,VM-0250,SR,0,0,0,0,
831591,BR-1100,JS-0280,SL,0,0,0,0,
831592,BR-1100,DJ-1675,SL,8,1,0,0,
831593,BR-1100,JW-0934,SR,6,1,1,0,
831594,BR-1100,VM-0250,SM,0,0,0,0,DM-1300
831595,BR-1100,VM-0250,SL,21,1,1,0,
831600,DW-1725,DJ-1850,SM,0,0,0,0,
831601,DW-1725,DH-3950,SM,0,0,0,0,MW-2275
831604,DB-3800,AK-0050,SR,9,1,1,0,
831605,DB-3800,MT-0875,DM,24,1,1,0,
831606,DB-3800,LM-1850,SR,3,1,0,0,
831607,DB-3800,LM-1850,SR,1,1,0,0,
831608,DB-3800,TG-0900,SR,4,1,0,0,
831611,DW-1725,JA-0462,SL,0,0,0,0,
831613,DW-1725,DJ-1850,SM,6,1,0,0,
831616,DB-3800,JC-4300,DL,0,0,0,0,
831617,DB-3800,MT-0875,SL,14,1,1,0,
831619,DB-3800,MT-0875,SM,5,1,0,0,
831620,DB-3800,JC-4300,SR,6,1,1,0,
831622,DB-3800,LM-1850,SR,0,0,0,0,
831623,DW-1725,WF-0300,DM,54,1,1,0,
831626,DW-1725,DH-3950,SL,13,1,1,0,
831628,DW-1725,DH-3950,DR,0,0,0,0,
831629,DW-1725,DH-3950,SL,8,1,0,0,
831633,DB-3800,MT-0875,SR,0,0,0,0,
831634,DB-3800,AK-0050,SR,6,1,1,0,
831635,DB-3800,JC-4300,DR,31,1,1,0,
831636,DB-3800,MT-0875,SL,15,1,1,0,
831639,DB-3800,AK-0050,SL,5,1,1,0,
831641,DB-3800,,NL,0,0,0,0,
831642,DB-3800,,NL,0,0,0,0,
831645,DW-1725,DH-3950,SR,3,1,0,0,
831647,DW-1725,DH-3950,SM,10,1,1,0,
831648,DW-1725,DH-3950,DR,0,0,0,0,
831649,DW-1725,DJ-1850,SL,9,1,1,0,
831650,DW-1725,KS-2350,SM,4,1,1,0,
831651,DW-1725,CH-5000,SL,2,1,0,0,
831660,DW-1725,DJ-1850,SL,13,1,1,0,
831663,DW-1725,DJ-1850,SR,5,1,1,0,
831664,DW-1725,DH-3950,SL,2,1,1,0,
831667,DB-3800,TS-2425,SM,12,1,1,0,
831668,DB-3800,MT-0875,SL,0,0,0,0,
831669,DB-3800,AK-0050,SL,-7,1,0,0,
831670,DB-3800,MT-0875,DL,17,1,1,0,
831671,DB-3800,MT-0875,SL,0,0,0,0,CW-0875
831672,DB-3800,MT-0875,SL,15,1,1,0,
831675,DB-3800,TG-0900,SR,11,1,1,0,
831677,DB-3800,AK-0050,SM,41,1,1,0,
831678,DB-3800,TH-1625,SR,0,0,0,0,
831683,DW-1725,DH-3950,SL,0,0,0,0,
831685,DW-1725,WF-0300,SM,15,1,1,0,
831687,DW-1725,,NL,0,0,0,0,
831691,DW-1725,DH-3950,SM,16,1,1,0,
831694,DB-3800,AK-0050,SM,11,1,1,0,
831695,DB-3800,AK-0050,SL,7,1,1,0,
831698,DB-3800,TG-0900,SR,10,1,1,0,
831699,DB-3800,TG-0900,SL,11,1,1,0,
831700,DB-3800,MT-0875,SL,7,1,1,0,
831702,DB-3800,AK-0050,SR,0,0,0,0,
831704,DB-3800,TH-1625,SL,9,1,1,0,
831707,DW-1725,DF-0550,SL,0,0,0,0,
831709,DW-1725,WF-0300,DR,0,0,0,0,
831710,DB-3800,MT-0875,SL,9,1,1,0,
831712,DB-3800,JH-4070,SL,-2,1,0,0,
831713,DB-3800,TS-2425,SR,14,1,1,0,
831716,DW-1725,KS-2350,SM,-4,1,0,0,
831717,DW-1725,JA-0462,SR,17,1,1,0,
831720,DW-1725,DC-1050,SL,-1,1,0,0,
831731,DW-1725,DH-3950,SL,0,0,0,0,
831733,DW-1725,DH-3950,DM,21,1,1,0,
831740,DB-3800,MT-0875,SR,6,1,1,0,
831741,DB-3800,TG-0900,DL,41,1,1,0,
831748,DW-1725,DH-3950,DL,38,1,1,0,
831749,DW-1725,KS-2350,DM,37,1,1,0,
831753,DB-3800,TG-0900,SR,15,1,1,0,
831754,DB-3800,,NL,0,0,0,1,
831755,DB-3800,MT-0875,SL,11,1,1,0,
831756,DB-3800,,NL,0,0,0,1,
831757,DB-3800,TG-0900,SR,9,1,1,0,
831762,DC-0725,RG-1650,SR,5,1,1,0,
831763,DC-0725,RG-1650,SM,9,1,1,0,
831765,DC-0725,DW-0675,SL,11,1,1,0,
831767,DC-0725,DW-0675,DL,25,1,1,0,
831770,DC-0725,TW-2875,SM,8,1,1,0,
831774,JF-1900,PL-0275,SM,1,1,0,0,
831775,JF-1900,PL-0275,SM,10,1,0,0,
831778,DC-0725,HR-0062,SL,3,1,0,0,
831779,DC-0725,DW-0675,SM,7,1,1,0,
831780,DC-0725,TW-2875,SM,15,1,1,0,
831782,DC-0725,HR-0062,SL,0,0,0,0,BC-1125
831783,DC-0725,DH-1800,SM,7,1,0,0,
831784,DC-0725,FM-0675,SR,9,1,0,0,
831786,JF-1900,CS-4462,SM,30,1,1,0,
831789,JF-1900,CS-4462,SM,18,1,1,0,
831795,JF-1900,CS-4462,DR,0,0,0,0,
831801,DC-0725,DW-0675,SL,6,1,1,0,
831804,DC-0725,FM-0675,SM,11,1,1,0,
831805,DC-0725,TW-2875,DM,43,1,1,0,
831807,DC-0725,DW-0675,SM,7,1,1,0,
831809,DC-0725,RG-1650,SL,2,1,0,0,
831811,DC-0725,HR-0062,SM,10,1,1,0,
831817,JF-1900,CS-4462,SL,5,1,1,0,
831819,JF-1900,ES-0200,SM,6,1,1,0,
831820,JF-1900,DH-1050,SL,7,1,1,0,
831821,JF-1900,RF-1400,SM,5,1,1,0,
831823,JF-1900,PL-0275,SM,0,0,0,0,
831825,JF-1900,DH-1050,DL,0,0,0,0,JA-0112
831826,JF-1900,PL-0275,SR,0,0,0,0,CF-0362
831828,JF-1900,ES-0200,DR,0,0,0,0,
831832,JF-1900,CS-4462,SM,24,1,1,0,
831834,JF-1900,DH-1050,SR,-2,1,0,0,
831835,JF-1900,NF-0175,SL,20,1,1,0,
831840,JF-1900,NF-0175,SR,0,0,0,0,JM-1650
831845,DC-0725,DW-0675,SM,6,1,1,0,
831849,JF-1900,NF-0175,SR,0,0,0,0,
831850,JF-1900,PL-0275,SR,4,1,1,0,
831856,JF-1900,DH-1050,SM,0,0,0,0,
831859,DC-0725,TW-2875,DM,0,0,0,0,
831860,DC-0725,DW-0675,SL,8,1,1,0,
831862,DC-0725,DW-0675,DL,0,0,0,0,KJ-0100
831864,DC-0725,RG-1650,SM,0,0,0,0,KJ-0100
831866,JF-1900,NF-0175,SR,9,1,1,0,
831868,JF-1900,NF-0175,SL,0,0,0,0,
831870,DC-0725,JJ-0587,SM,28,1,1,0,
831872,DC-0725,TW-2875,SR,5,1,0,0,
831873,DC-0725,TW-2875,DM,24,1,1,0,
831878,JF-1900,ES-0200,DM,53,1,1,0,
831880,JF-1900,ES-0200,SR,4,1,1,0,
831891,JF-1900,CS-4462,SM,25,1,1,0,
831892,JF-1900,PL-0275,SL,8,1,1,0,
831893,JF-1900,ES-0200,SR,22,1,1,0,
831894,JF-1900,CS-4462,SL,3,1,0,0,
831895,JF-1900,ES-0200,DR,0,0,0,0,
831896,JF-1900,CS-4462,SM,15,1,1,0,
831898,JF-1900,ES-0200,SR,1,1,1,0,
831903,DC-0725,TW-2875,SL,10,1,1,0,
831907,JW-5650,CG-1425,SL,22,1,1,0,
831909,JW-5650,ME-0600,SR,0,1,0,0,
831910,JW-5650,BP-0450,SL,0,0,0,0,
831912,CN-0500,DM-2850,SR,12,1,1,0,
831915,CN-0500,CS-0050,SL,3,1,0,0,
831916,CN-0500,CM-1225,SL,6,1,1,0,
831919,CN-0500,JW-6560,SR,6,1,0,0,
831922,JW-5650,CG-1425,DL,22,1,1,0,
831925,JW-5650,ME-0600,DL,0,0,0,0,
831928,CN-0500,CS-0050,DL,44,1,1,0,
831929,CN-0500,CS-0050,SR,0,0,0,0,CD-0687
831930,CN-0500,GO-0100,SR,6,1,1,0,
831931,CN-0500,JW-6560,SR,9,1,1,0,
831933,CN-0500,,NL,0,0,0,0,
831934,CN-0500,GO-0100,SR,0,0,0,0,
831938,JW-5650,CG-1425,SM,7,1,1,0,
831940,JW-5650,CB-2775,SR,5,1,0,0,
831945,CN-0500,CS-0050,DR,0,0,0,0,
831949,CN-0500,CM-1225,SR,0,0,0,0,AN-0150
831953,JW-5650,CG-1425,SL,8,1,0,0,
831957,CN-0500,GO-0100,SL,16,1,1,0,
831958,CN-0500,JW-6560,SM,0,0,0,0,
831959,CN-0500,DM-2850,SL,7,1,1,0,
831960,CN-0500,DM-2850,SL,0,0,0,0,CD-0687
831963,JW-5650,PB-0125,SL,7,1,1,0,
831967,JW-5650,BP-0450,SR,0,0,0,0,
831968,JW-5650,DO-0025,SL,9,1,0,0,
831970,CN-0500,CS-0050,SM,11,1,1,0,
831971,CN-0500,JW-6560,SL,0,0,0,0,
831973,CN-0500,JW-6560,DR,0,0,0,0,
831975,JW-5650,ME-0600,DL,41,1,1,0,
831978,JW-5650,CB-2775,SM,5,1,1,0,
831979,JW-5650,CG-1425,DR,20,1,1,0,
831982,CN-0500,DM-2850,SL,8,1,1,0,
831983,CN-0500,GO-0100,SL,8,1,1,0,
831984,CN-0500,DM-2850,SR,0,0,0,0,
831985,CN-0500,DM-2850,SL,13,1,1,0,
831986,CN-0500,CM-1225,SR,0,0,0,0,
831987,CN-0500,CH-3350,SL,12,1,1,0,
831988,CN-0500,JW-6560,DR,0,0,0,0,
831992,CN-0500,GO-0100,SR,33,1,1,0,
831994,CN-0500,GO-0100,SR,0,0,0,0,
831995,CN-0500,CS-0050,SL,0,0,0,0,
832000,JW-5650,ME-0600,SR,0,0,0,0,
832003,CN-0500,GO-0100,DR,41,1,1,0,
832010,JW-5650,CG-1425,SR,24,1,1,0,
832011,JW-5650,BP-0450,DL,0,0,0,0,LK-0600
832018,CN-0500,DM-2850,SM,11,1,1,0,
832019,CN-0500,CM-1225,SR,0,0,0,0,
832025,JW-5650,ME-0600,SL,10,1,1,0,
832026,JW-5650,ME-0600,DR,0,0,0,0,
832028,JW-5650,BP-0450,DL,0,0,0,0,
832030,CN-0500,DM-2850,SL,18,1,1,0,
832031,CN-0500,,NL,0,0,0,0,
832032,CN-0500,DM-2850,SL,8,1,1,0,
832034,CN-0500,CS-0050,DM,0,0,0,0,
832036,JW-5650,CG-1425,DR,0,0,0,0,
832040,CN-0500,GO-0100,SL,0,0,0,0,JW-2687
832044,CN-0500,CS-0050,DL,0,0,0,0,
832046,JW-5650,CG-1425,SR,4,1,0,0,
832049,CN-0500,CS-0050,DL,0,0,0,0,VH-0050
832050,CN-0500,DM-2850,SR,0,0,0,0,
832051,CN-0500,CS-0050,SM,0,0,0,0,
832057,JW-5650,CG-1425,SL,14,1,1,0,
832059,JW-5650,ME-0600,SL,10,1,1,0,
832062,JW-5650,ME-0600,SL,0,0,0,0,
832065,CN-0500,CS-0050,DR,24,1,1,0,
832066,CN-0500,CS-0050,DR,0,0,0,0,
832067,CN-0500,GO-0100,SR,6,1,1,0,
832068,CN-0500,DM-2850,SL,4,1,1,0,
832069,CN-0500,CM-1225,SR,10,1,1,0,
832070,CN-0500,DM-2850,DR,0,0,0,0,
832071,CN-0500,CS-0050,SR,9,1,1,0,
832072,CN-0500,CM-1225,SR,0,0,0,0,
832073,CN-0500,DM-2850,SL,0,0,0,0,
832074,CN-0500,DM-2850,SL,8,1,0,0,
832083,KM-3500,LF-0200,SM,0,1,0,0,
832084,KM-3500,DJ-1325,SM,0,1,0,0,
832085,KM-3500,MC-2900,SR,9,1,0,0,
832087,LJ-0150,NB-0450,SM,14,1,1,0,
832089,LJ-0150,MB-4075,DM,18,1,1,0,
832091,LJ-0150,MB-4075,SL,6,1,1,0,
832092,LJ-0150,MB-4075,SR,9,1,1,0,
832093,LJ-0150,MA-1050,DR,27,1,1,0,
832096,KM-3500,,NL,0,0,0,0,
832101,LJ-0150,MB-4075,SR,6,1,1,0,
832103,LJ-0150,MB-4075,SR,0,0,0,0,
832104,KM-3500,LF-0200,SL,8,1,1,0,
832105,KM-3500,LF-0200,SL,2,1,1,0,
832106,KM-3500,CK-0825,DR,34,1,1,0,
832108,KM-3500,DB-6375,SL,7,1,1,0,
832109,KM-3500,,NL,0,0,0,0,
832112,LJ-0150,MB-4075,DL,0,0,0,0,
832114,LJ-0150,MA-1050,DM,28,1,1,0,
832118,LJ-0150,JH-4085,DM,0,0,0,0,HR-0050
832119,LJ-0150,MA-1050,SM,8,1,0,0,
832122,KM-3500,CE-0175,SL,5,1,1,0,
832123,KM-3500,CK-0825,SM,26,1,1,0,
832125,KM-3500,DB-6375,SL,6,1,0,0,
832126,KM-3500,DB-6375,SL,8,1,0,0,
832127,KM-3500,DB-6375,SL,5,1,1,0,
832128,KM-3500,CK-0825,SR,4,1,1,0,
832130,KM-3500,KJ-0537,DR,31,1,1,0,
832133,KM-3500,CE-0175,SR,10,1,1,0,
832134,KM-3500,LF-0200,SL,0,0,0,0,
832138,LJ-0150,MB-4075,DL,0,0,0,0,
832141,LJ-0150,MA-1050,SM,24,1,1,0,
832142,LJ-0150,MI-0100,DR,20,1,1,0,
832144,LJ-0150,JH-4085,SR,10,1,1,0,
832145,LJ-0150,HH-0350,SM,1,1,1,0,
832149,KM-3500,LF-0200,SR,0,0,0,0,BC-0500
832150,KM-3500,DB-6375,SL,13,1,1,0,
832151,KM-3500,KJ-0537,SR,0,0,0,0,
832152,KM-3500,LF-0200,SM,0,0,0,0,
832153,KM-3500,CK-0825,SM,0,0,0,0,
832161,KM-3500,MC-2900,SM,0,0,0,0,
832162,KM-3500,CK-0825,DR,24,1,1,0,
832163,KM-3500,,NL,0,0,0,1,
832166,LJ-0150,MB-3325,DL,0,0,0,0,
832169,LJ-0150,MA-1050,SL,-2,1,0,0,
832172,KM-3500,LF-0200,DR,40,1,1,0,
832174,KM-3500,MW-2450,DM,21,1,1,0,
832176,KM-3500,CC-2100,SR,6,1,1,0,
832177,KM-3500,MC-2900,SM,4,1,1,0,
832178,KM-3500,LF-0200,SL,0,0,0,0,
832179,KM-3500,LF-0200,SL,0,0,0,0,
832184,LJ-0150,PR-0125,SR,3,1,0,0,
832185,LJ-0150,MI-0100,SR,10,1,1,0,
832188,LJ-0150,MB-4075,SL,3,1,0,0,
832189,LJ-0150,,NL,0,0,0,0,
832190,LJ-0150,MA-1050,SM,9,1,1,0,
832192,LJ-0150,MB-4075,SR,3,1,1,0,
832194,LJ-0150,MB-3325,SM,0,0,0,0,
832195,LJ-0150,MA-1050,SM,8,1,1,0,
832197,LJ-0150,NB-0450,SM,0,0,0,0,CJ-2050
832198,LJ-0150,NB-0450,DM,0,0,0,0,JH-3675
832203,KM-3500,LF-0200,DR,54,1,1,0,
832204,KM-3500,DB-6375,SL,6,1,1,0,
832205,KM-3500,CK-0825,SR,18,1,1,0,
832211,LJ-0150,MA-1050,SL,10,1,1,0,
832212,LJ-0150,MB-3325,SL,11,1,1,0,
832215,LJ-0150,MA-1050,SM,0,0,0,0,
832216,LJ-0150,,NL,0,0,0,0,
832217,LJ-0150,WS-0925,SM,5,1,0,0,
832221,KM-3500,CC-2100,SM,0,0,0,0,MH-3742
832222,KM-3500,CK-0825,SR,8,1,0,0,
832224,LJ-0150,MB-4075,SM,0,0,0,0,BM-3687
832229,LJ-0150,MB-4075,SL,0,1,0,0,
832230,LJ-0150,MB-4075,SM,0,0,0,0,BM-3687
832232,KM-3500,CK-0825,SM,0,0,0,0,
832234,KM-3500,DB-6375,SL,0,0,0,0,
832236,KM-3500,LF-0200,DR,0,0,0,0,
832240,LJ-0150,MB-4075,DR,41,1,1,0,
832257,JA-1087,FG-0200,SR,6,1,0,0,
832260,EM-0200,EE-0400,SM,0,0,0,0,
832262,EM-0200,CL-0275,SL,0,0,0,0,
832265,JA-1087,LS-1550,SM,8,1,1,0,
832268,JA-1087,CB-1130,SM,9,1,1,0,
832269,JA-1087,IM-0125,DL,26,1,1,0,
832270,JA-1087,PD-0700,SR,3,1,0,0,
832277,EM-0200,SB-0212,SR,0,0,0,0,
832278,EM-0200,BF-0950,SL,0,0,0,0,
832280,JA-1087,DK-0950,DR,18,1,1,0,
832281,JA-1087,JB-6950,DM,0,0,0,0,
832282,JA-1087,RF-1075,SR,0,0,0,0,
832283,JA-1087,JB-6950,SM,14,1,1,0,
832287,JA-1087,JB-6950,SM,7,1,1,0,
832288,JA-1087,DK-0950,SR,0,0,0,0,
832289,JA-1087,DK-0950,SR,0,0,0,0,
832290,JA-1087,CB-1130,SL,12,1,1,0,
832294,EM-0200,CL-0275,SR,14,1,1,0,
832296,EM-0200,CL-0275,DL,0,0,0,0,
832297,EM-0200,SB-0212,SR,0,0,0,0,LA-0200
832300,JA-1087,JB-6950,SL,15,1,1,0,
832301,JA-1087,FG-0200,SL,9,1,1,0,
832303,JA-1087,ZJ-0100,SM,14,1,1,0,
832305,JA-1087,CB-1130,DR,51,1,1,0,
832306,JA-1087,IM-0125,SM,14,1,1,0,
832310,EM-0200,BF-0950,SR,5,1,0,0,
832311,EM-0200,EE-0400,SR,6,1,1,0,
832312,EM-0200,,NL,0,0,0,0,
832313,EM-0200,CC-4450,SL,9,1,1,0,
832316,EM-0200,CC-4450,SL,8,1,1,0,
832317,EM-0200,CC-4450,SL,0,0,0,0,HP-0050
832318,EM-0200,SB-0212,SL,19,1,1,0,
832319,EM-0200,EE-0400,SR,-2,1,0,0,
832320,EM-0200,SB-0212,SR,3,1,0,0,
832321,EM-0200,BF-0950,DR,0,0,0,0,MH-4000
832324,JA-1087,JB-6950,SR,4,1,0,0,
832326,JA-1087,,NL,0,0,0,0,
832328,EM-0200,BF-0950,SL,12,1,1,0,
832329,EM-0200,BF-0950,SL,0,0,0,0,EO-0275
832334,JA-1087,DK-0950,SM,0,0,0,0,
832338,EM-0200,SB-0212,SM,6,1,1,0,
832340,EM-0200,CL-0275,SR,7,1,1,0,
832341,EM-0200,RS-0975,SL,7,1,1,0,
832344,EM-0200,RE-0400,SM,8,1,1,0,
832345,EM-0200,CC-4450,SR,0,0,0,0,
832352,JA-1087,TS-3656,SL,0,0,0,0,
832353,JA-1087,JB-6950,SR,3,1,0,0,
832356,EM-0200,BF-0950,SM,8,1,1,0,
832357,EM-0200,EE-0400,SL,0,0,0,0,LW-0150
832360,JA-1087,ZJ-0100,SR,0,0,0,0,
832362,JA-1087,CB-1130,SM,11,1,0,0,
832365,EM-0200,BF-0950,SR,12,1,1,0,
832366,EM-0200,BF-0950,SR,14,1,1,0,
832368,EM-0200,CC-4450,SM,11,1,1,0,
832370,EM-0200,TJ-2350,SL,6,1,1,0,
832372,EM-0200,EE-0400,SL,0,1,0,0,
832373,EM-0200,CL-0275,SM,9,1,1,0,
832375,EM-0200,TJ-2350,SL,4,1,1,0,
832378,JA-1087,JB-6950,SR,12,1,1,0,
832384,JA-1087,RF-1075,SM,0,0,0,0,AO-0250
832385,JA-1087,JB-6950,SR,17,1,1,0,
832388,JA-1087,ZJ-0100,SL,0,0,0,0,
832389,JA-1087,,NL,0,0,0,0,
832396,EM-0200,BF-0950,DR,0,0,0,0,
832398,EM-0200,SB-0212,SR,0,0,0,0,
832399,EM-0200,WG-0050,SM,0,0,0,0,HP-0050
832400,EM-0200,RS-0975,SL,0,0,0,0,TE-0012
832401,EM-0200,TJ-2350,SL,0,0,0,0,
832407,EM-0200,EE-0400,DR,33,1,1,0,
832408,EM-0200,EE-0400,SM,3,1,0,0,
832409,EM-0200,SB-0212,SR,0,0,0,0,
832410,EM-0200,BF-0950,DM,0,0,0,0,
832418,EM-0200,EE-0400,SL,8,1,1,0,
832419,EM-0200,RS-0975,SL,12,1,1,0,
832420,EM-0200,TJ-2350,SL,28,1,1,0,
832422,CK-0250,TM-2275,DM,0,0,0,0,BJ-2350
832423,CK-0250,JS-5475,SM,11,1,1,0,
832425,CK-0250,TQ-0100,SR,0,0,0,0,AB-3450
832426,CK-0250,CT-1220,SR,10,1,0,0,
832429,DP-2037,RC-1500,SM,4,1,0,0,
832430,DP-2037,MG-0175,SM,0,0,0,0,JM-6150
832433,CK-0250,CT-1220,SL,9,1,1,0,
832434,CK-0250,CT-1220,SR,8,1,1,0,
832435,CK-0250,PR-0150,SR,0,1,0,0,
832437,DP-2037,JW-6000,SL,6,1,1,0,
832440,DP-2037,EE-0250,SM,0,1,0,0,
832441,DP-2037,EE-0250,SM,9,1,1,0,
832442,DP-2037,RC-1500,DM,0,0,0,0,
832448,CK-0250,TQ-0100,SL,10,1,1,0,
832451,CK-0250,AP-0700,SR,7,1,1,0,
832457,DP-2037,AC-2350,SL,0,0,0,0,JN-1750
832466,CK-0250,TM-2275,DL,0,0,0,0,
832472,DP-2037,MG-0175,SL,9,1,1,0,
832473,DP-2037,MG-0175,SR,10,1,1,0,
832474,DP-2037,RC-1500,SL,3,1,0,0,
832475,DP-2037,DS-3031,DM,51,1,1,0,
832478,CK-0250,AP-0700,SR,0,1,0,0,
832479,CK-0250,TQ-0100,SM,7,1,1,0,
832480,CK-0250,TQ-0100,SM,0,0,0,0,JH-3210
832483,DP-2037,MG-0175,DL,0,0,0,0,
832484,DP-2037,RC-1500,SR,9,1,1,0,
832486,DP-2037,AC-2350,SR,8,1,1,0,
832492,DP-2037,JW-6000,SR,-1,1,0,0,
832494,DP-2037,JW-6000,SR,2,1,1,0,
832499,DP-2037,AC-2350,SL,8,1,1,0,
832502,DP-2037,MG-0175,SR,12,1,1,0,
832504,DP-2037,MG-0175,SR,16,1,1,0,
832506,DP-2037,AC-2350,DM,18,1,1,0,
832508,DP-2037,AC-2350,SM,10,1,1,0,
832512,CK-0250,VD-0100,SM,9,1,1,0,
832514,CK-0250,TM-2275,DM,27,1,1,0,
832515,CK-0250,CT-1220,SR,0,0,0,0,
832516,CK-0250,VD-0100,SM,0,0,0,0,
832517,CK-0250,SS-1537,SR,3,1,0,0,
832518,CK-0250,TQ-0100,SM,12,1,1,0,
832519,CK-0250,TM-2275,SL,9,1,1,0,
832521,CK-0250,CT-1220,SR,0,0,0,0,
832522,CK-0250,PR-0150,SM,9,1,1,0,
832525,DP-2037,BJ-0950,DL,22,1,1,0,
832529,DP-2037,MG-0175,SM,13,1,1,0,
832530,DP-2037,RC-1500,SR,8,1,1,0,
832533,DP-2037,TP-1650,SL,3,1,0,0,
832535,DP-2037,RC-1500,SR,0,1,0,0,
832536,DP-2037,MG-0175,SR,8,1,0,0,
832540,CK-0250,TM-2275,DM,20,1,1,0,
832541,CK-0250,CT-1220,SL,5,1,1,0,
832543,CK-0250,TQ-0100,SM,0,0,0,0,
832544,CK-0250,CT-1220,SR,0,0,0,0,
832546,DP-2037,DS-3031,SL,7,1,1,0,
832549,DP-2037,JW-6000,SM,18,1,1,0,
832551,DP-2037,DS-3031,SM,16,1,1,0,
832557,CK-0250,CT-1220,SM,16,1,1,0,
832558,CK-0250,PR-0150,SR,7,1,1,0,
832559,CK-0250,VD-0100,SM,15,1,1,0,
832560,CK-0250,VD-0100,SM,5,1,1,0,
832561,CK-0250,WS-0650,SM,5,1,1,0,
832562,CK-0250,WS-0650,SL,4,1,1,0,
832564,CK-0250,TQ-0100,SL,7,1,1,0,
832565,CK-0250,TM-2275,SL,0,0,0,0,
832566,CK-0250,TM-2275,SM,5,1,1,0,
832567,CK-0250,TM-2275,SM,0,0,0,0,
832568,CK-0250,TM-2275,SL,1,1,1,0,
832578,MM-0912,DW-0500,SM,0,0,0,0,
832580,MM-0912,DW-0500,SM,12,1,0,0,
832582,JB-5725,JD-2550,SL,8,1,1,0,
832585,JB-5725,CR-1525,SL,5,1,0,0,
832586,JB-5725,EE-0050,SR,13,1,1,0,
832589,JB-5725,EE-0050,SM,3,1,1,0,
832593,MM-0912,DH-2450,SL,0,0,0,0,
832594,MM-0912,AB-3150,SM,6,1,0,0,
832597,JB-5725,MA-0487,SR,0,0,0,0,
832599,JB-5725,TH-1850,SR,11,1,0,0,
832601,MM-0912,DH-2450,SL,9,1,1,0,
832603,MM-0912,TS-1262,SL,15,1,1,0,
832605,MM-0912,CD-0975,SR,6,1,1,0,
832606,MM-0912,DW-0500,SR,8,1,1,0,
832609,MM-0912,DJ-0850,SM,11,1,1,0,
832610,MM-0912,DQ-0100,SM,1,1,1,0,
832613,JB-5725,MM-0050,SR,0,0,0,0,
832622,JB-5725,EE-0050,SL,0,0,0,0,KC-2325
832623,JB-5725,TH-1850,DL,19,1,1,0,
832627,JB-5725,PC-0050,SL,12,1,1,0,
832630,MM-0912,CD-0975,SR,7,1,1,0,
832633,MM-0912,AH-3862,SR,-1,1,0,0,
832639,JB-5725,TH-1850,SR,0,0,0,0,
832640,MM-0912,CD-0975,SR,0,0,0,0,
832641,MM-0912,DW-0500,SR,15,1,1,0,
832642,MM-0912,AH-3862,SL,0,1,0,0,
832644,MM-0912,DL-1700,SL,5,1,0,0,
832646,JB-5725,EE-0050,SM,9,1,1,0,
832647,JB-5725,CR-1525,SL,4,1,1,0,
832648,JB-5725,CR-1525,SR,0,0,0,0,
832649,JB-5725,TH-1850,SR,9,1,1,0,
832651,JB-5725,,NL,0,0,0,1,
832652,JB-5725,,NL,0,0,0,0,
832653,JB-5725,CR-1525,SR,15,1,1,0,
832657,JB-5725,DC-0025,SL,0,0,0,0,MB-5250
832661,MM-0912,CD-0975,SM,25,1,1,0,
832666,JB-5725,MM-0050,SR,9,1,1,0,
832671,JB-5725,JD-2550,SL,13,1,1,0,
832676,MM-0912,DH-2450,SR,3,1,0,0,
832680,JB-5725,JD-2550,SM,0,0,0,0,LR-0600
832683,JB-5725,JW-3325,SL,4,1,1,0,
832686,JB-5725,NH-1237,SM,0,0,0,0,JB-6837
832692,MM-0912,AB-3150,SL,11,1,1,0,
832700,JB-5725,NH-1237,SL,5,1,1,0,
832706,MM-0912,DW-0500,DM,0,0,0,0,
832708,JB-5725,MM-0050,SM,3,1,0,0,
832711,JB-5725,TH-1850,SL,4,1,1,0,
832714,MM-0912,CD-0975,SR,0,0,0,0,BO-0112
832715,MM-0912,AB-3150,SL,0,0,0,0,
832716,MM-0912,TS-1262,SM,9,1,0,0,
832721,JB-5725,TH-1850,DL,0,0,0,0,
832728,MM-0912,DW-0500,SL,4,1,1,0,
832730,MM-0912,,NL,0,0,0,1,
832731,MM-0912,AB-3150,SR,8,1,1,0,
832732,MM-0912,,NL,0,0,0,1,
832733,MM-0912,AB-3150,SR,0,0,0,0,
832737,GM-1350,DC-1418,SL,9,1,1,0,
832740,GM-1350,GS-1400,SR,4,1,0,0,
832743,DW-1725,DH-3950,SR,0,0,0,0,
832744,DW-1725,DH-3950,SR,3,1,0,0,
832748,GM-1350,DC-1418,DL,0,0,0,0,
832750,DW-1725,KC-2375,SM,6,1,1,0,
832752,DW-1725,KC-2375,SL,1,1,0,0,
832754,DW-1725,WF-0300,SR,6,1,1,0,
832755,DW-1725,DH-3950,DL,0,0,0,0,
832757,DW-1725,DH-3950,SR,3,1,1,0,
832758,DW-1725,DH-3950,SM,13,1,1,0,
832760,DW-1725,KS-2350,SR,7,1,1,0,
832761,DW-1725,DF-0550,DR,0,0,0,0,
832763,DW-1725,DJ-1850,DR,0,0,0,0,
832767,GM-1350,DW-2275,SR,0,0,0,0,
832771,GM-1350,GS-1400,SR,9,1,0,0,
832773,DW-1725,WF-0300,DR,28,1,1,0,
832776,DW-1725,WF-0300,DL,0,0,0,0,
832779,GM-1350,DC-1418,SM,2,1,0,0,
832780,GM-1350,LF-0650,SL,0,0,0,0,
832783,DW-1725,WF-0300,DR,0,0,0,0,TH-1450
832786,GM-1350,JO-0150,SR,7,1,1,0,
832788,GM-1350,DC-1418,SL,9,1,1,0,
832790,GM-1350,GS-1400,DR,0,0,0,0,
832792,GM-1350,CC-3950,SR,16,1,1,0,
832795,GM-1350,LF-0650,SR,1,1,0,0,
832800,DW-1725,WF-0300,SL,-1,1,0,0,
832802,DW-1725,JA-0462,SM,16,1,1,0,
832804,DW-1725,KC-2375,DL,0,0,0,0,
832805,DW-1725,DH-3950,SM,7,1,1,0,
832807,DW-1725,KS-2350,DR,31,1,1,0,
832808,DW-1725,JA-0462,SR,0,0,0,0,JW-4925
832812,DW-1725,DH-3950,SM,14,1,1,0,
832819,GM-1350,JO-0150,SL,10,1,1,0,
832821,GM-1350,DW-2275,SR,3,1,0,0,
832822,GM-1350,DW-2275,SR,0,0,0,0,JJ-5000
832824,DW-1725,WF-0300,SL,7,1,1,0,
832826,DW-1725,DH-3950,DR,0,0,0,0,JR-0150
832828,DW-1725,KC-2375,SL,0,0,0,0,DH-2150
832830,GM-1350,CC-3950,SL,14,1,1,0,
832831,GM-1350,DC-1418,SR,7,1,1,0,
832844,DW-1725,KS-2350,SR,0,0,0,0,
832845,DW-1725,JA-0462,SR,9,1,0,0,
832849,DW-1725,DF-0550,SR,0,0,0,0,
832857,GM-1350,JO-0150,SR,6,1,0,0,
832858,GM-1350,CC-3950,DR,31,1,1,0,
832860,GM-1350,LF-0650,SL,20,1,1,0,
832861,GM-1350,LF-0650,SL,13,1,1,0,
832863,GM-1350,DC-1418,SM,10,1,1,0,
832864,GM-1350,DC-1418,SL,0,0,0,0,LJ-1187
832865,GM-1350,LF-0650,SL,6,1,0,0,
832869,DW-1725,DF-0550,SL,9,1,1,0,
832871,DW-1725,WF-0300,DR,0,0,0,0,
832876,GM-1350,JO-0150,SR,5,1,1,0,
832879,GM-1350,LF-0650,SR,0,0,0,0,
832880,GM-1350,GS-1400,SR,1,1,0,0,
832881,GM-1350,CC-3950,SR,12,1,1,0,
832882,GM-1350,DC-1418,SR,14,1,1,0,
832883,GM-1350,DW-2275,DL,0,0,0,0,
832884,GM-1350,DW-2275,SL,0,0,0,0,JJ-5000
832885,GM-1350,CC-3950,SR,0,0,0,0,
832889,GM-1350,DC-1418,SR,4,1,1,0,
832894,PR-0300,KA-0650,SM,0,0,0,0,CJ-2175
832896,PR-0300,KA-0650,SM,0,0,0,0,DS-2250
832900,MS-4100,TH-1875,SR,0,0,0,0,
832903,PR-0300,AE-0550,DR,35,1,1,0,
832904,PR-0300,KA-0650,SL,12,1,1,0,
832906,PR-0300,MW-2825,SL,0,0,0,0,RM-3850
832907,PR-0300,KA-0650,SR,10,1,1,0,
832909,PR-0300,MW-2825,SR,0,0,0,0,
832913,MS-4100,TH-1875,SL,7,1,1,0,
832915,MS-4100,JJ-0725,SL,6,1,1,0,
832916,MS-4100,KG-0650,SL,11,1,1,0,
832919,MS-4100,JJ-0725,DR,0,0,0,0,
832920,MS-4100,KJ-0587,SR,36,1,1,0,
832923,PR-0300,KA-0650,SR,6,1,1,0,
832930,MS-4100,TJ-2275,SM,0,1,0,0,
832931,MS-4100,KG-0650,SR,12,1,1,0,
832932,MS-4100,TH-1875,SL,0,0,0,0,
832933,MS-4100,MJ-2250,SR,6,1,1,0,
832937,PR-0300,KA-0650,DL,0,0,0,0,
832939,PR-0300,TB-1060,SM,0,0,0,0,
832944,MS-4100,KG-0650,SM,11,1,1,0,
832948,MS-4100,JJ-0725,SR,5,1,1,0,
832950,MS-4100,DA-0900,SL,0,0,0,0,
832952,PR-0300,AE-0550,SR,1,1,0,0,
832954,PR-0300,DW-1750,SR,3,1,0,0,
832956,PR-0300,TB-1060,SL,0,0,0,0,
832958,MS-4100,MJ-2250,SL,3,1,0,0,
832961,MS-4100,MJ-2250,DR,24,1,1,0,
832963,MS-4100,KG-0650,SR,0,0,0,0,
832964,MS-4100,KJ-0587,SR,0,0,0,0,
832968,PR-0300,DW-1750,SL,0,0,0,0,
832969,PR-0300,KA-0650,SL,11,1,1,0,
832970,PR-0300,KA-0650,DR,16,1,1,0,
832971,PR-0300,KA-0650,SL,0,0,0,0,
832972,PR-0300,MW-2825,DL,47,1,1,0,
832976,MS-4100,LT-0275,SM,7,1,0,0,
832977,MS-4100,TJ-2275,SR,6,1,0,0,
832980,MS-4100,KG-0650,DR,27,1,1,0,
832982,MS-4100,KG-0650,DL,0,0,0,0,
832984,PR-0300,AE-0550,SR,25,1,1,0,
832987,PR-0300,AE-0550,SR,1,1,0,0,
832989,PR-0300,KA-0650,DL,23,1,1,0,
832992,MS-4100,MJ-2250,SR,6,1,1,0,
832997,PR-0300,KA-0650,SR,9,1,1,0,
832998,PR-0300,VG-0300,SR,9,1,1,0,
833001,PR-0300,JJ-0575,SR,5,1,1,0,
833002,PR-0300,VG-0300,SM,0,0,0,0,
833004,MS-4100,KG-0650,SL,10,1,1,0,
833006,MS-4100,MJ-2250,DR,0,0,0,0,
833009,PR-0300,MW-2825,DR,18,1,1,0,
833010,PR-0300,DI-0075,DM,28,1,1,0,
833013,PR-0300,,NL,0,0,0,0,
833016,MS-4100,KJ-0587,SR,11,1,1,0,
833017,MS-4100,KG-0650,SM,10,1,1,0,
833020,MS-4100,KG-0650,SR,5,1,0,0,
833021,MS-4100,MJ-2250,SL,4,1,1,0,
833022,MS-4100,KG-0650,DR,31,1,1,0,
833025,PR-0300,DI-0075,SM,0,0,0,0,RM-3850
833026,PR-0300,KA-0650,DR,0,0,0,0,
833028,PR-0300,KA-0650,DL,0,0,0,0,
833031,PR-0300,MW-2825,DM,18,1,1,0,
833033,PR-0300,AE-0550,SL,5,1,0,0,
833034,PR-0300,KA-0650,SR,11,1,1,0,
833036,PR-0300,AE-0550,SM,0,1,0,0,
833038,PR-0300,KA-0650,DL,0,0,0,0,
833041,MS-4100,JJ-0725,SL,7,1,1,0,
833044,AR-1300,DA-0212,DR,39,1,1,0,
833047,AR-1300,JW-3650,SR,15,1,1,0,
833050,KC-2350,DC-3550,SR,13,1,1,0,
833053,KC-2350,AT-0350,DL,20,1,1,0,
833055,KC-2350,CH-0525,SR,0,0,0,0,
833056,KC-2350,SD-0537,SR,0,0,0,0,
833058,AR-1300,AJ-1143,SR,6,1,1,0,
833060,AR-1300,MV-0012,SM,14,1,1,0,
833063,AR-1300,DA-0212,DL,21,1,1,0,
833065,AR-1300,AJ-1143,SM,6,1,1,0,
833066,AR-1300,DA-0212,SR,6,1,1,0,
833067,AR-1300,GA-0250,SL,0,0,0,0,
833069,AR-1300,GA-0250,SM,12,1,1,0,
833076,AR-1300,DA-0212,SL,15,1,1,0,
833078,AR-1300,AJ-1143,SR,7,1,1,0,
833082,KC-2350,CH-0525,SR,0,0,0,0,JA-0475
833089,AR-1300,GA-0250,SR,8,1,0,0,
833090,KC-2350,CH-0525,SR,0,0,0,0,
833092,KC-2350,AT-0350,DR,0,0,0,0,
833100,KC-2350,SD-0537,SM,0,0,0,0,
833103,AR-1300,ML-1500,DR,0,0,0,0,
833104,AR-1300,DA-0212,SM,6,1,1,0,
833106,AR-1300,DA-0212,DL,0,0,0,0,HS-0130
833107,AR-1300,MV-0012,SR,-3,1,0,0,
833108,AR-1300,JG-2900,SR,0,0,0,0,
833110,KC-2350,KR-1200,SL,4,1,1,0,
833111,KC-2350,KR-1200,SL,0,0,0,0,
833112,KC-2350,SD-0537,SM,0,0,0,0,DS-0712
833113,AR-1300,GA-0250,SL,5,1,1,0,
833117,AR-1300,GA-0250,SR,0,1,0,0,
833120,KC-2350,CB-1152,SM,61,1,1,0,
833123,KC-2350,SD-0537,SM,0,0,0,0,JA-0475
833124,KC-2350,KR-1200,SM,0,0,0,0,
833127,AR-1300,MV-0012,SL,0,0,0,0,
833128,AR-1300,JW-3650,SL,-6,1,0,0,
833129,AR-1300,JG-2900,DR,0,0,0,0,
833135,KC-2350,CB-1152,SR,0,0,0,0,
833136,KC-2350,DC-3550,SR,11,1,0,0,
833140,AR-1300,DA-0212,SM,12,1,1,0,
833143,AR-1300,JW-3650,SR,4,1,0,0,
833146,KC-2350,,NL,0,0,0,0,
833148,KC-2350,SD-0537,DM,45,1,1,0,
833155,AR-1300,DA-0212,SL,0,0,0,0,
833158,KC-2350,IS-0275,SR,0,0,0,0,DL-2325
833159,KC-2350,AT-0350,SR,6,1,1,0,
833160,KC-2350,AT-0350,DR,30,1,1,0,
833163,KC-2350,IS-0275,SR,-1,1,0,0,
833165,KC-2350,,NL,0,0,0,0,
833166,KC-2350,AT-0350,SM,6,1,0,0,
833168,AR-1300,AJ-1143,SR,15,1,1,0,
833169,AR-1300,AJ-1143,SR,0,0,0,0,
833171,AR-1300,MV-0012,DL,0,0,0,0,JK-0225
833176,KC-2350,KR-1200,SL,0,1,0,0,
833177,KC-2350,DC-3550,SL,13,1,1,0,
833178,KC-2350,SD-0537,DR,0,0,0,0,
833180,AR-1300,JW-3650,SR,0,0,0,0,
833183,AR-1300,JK-2250,SM,12,1,0,0,
833189,KC-2350,KR-1200,SM,5,1,1,0,
833193,KC-2350,SD-0537,DR,0,0,0,0,
833194,AR-1300,MV-0012,DR,0,0,0,0,TW-1187
833195,AR-1300,AJ-1143,DR,0,0,0,0,EK-0250
833196,AR-1300,MV-0012,SL,8,1,0,0,
833199,KC-2350,AT-0350,DR,0,0,0,0,
833200,KC-2350,AT-0350,SM,0,0,0,0,
833205,AR-1300,DA-0212,SM,7,1,1,0,
833211,KC-2350,AT-0350,SR,13,1,0,0,
833215,RF-0500,KB-0150,SL,0,0,0,0,
833218,TB-2300,AB-3500,SM,18,1,1,0,
833220,TB-2300,AB-3500,SL,10,1,1,0,
833222,TB-2300,AB-3500,SL,8,1,1,0,
833230,RF-0500,PW-1150,SM,15,1,1,0,
833232,RF-0500,NO-0150,SM,6,1,1,0,
833236,RF-0500,MG-0325,SM,11,1,0,0,
833239,TB-2300,JE-0100,SL,8,1,1,0,
833242,TB-2300,PD-0800,SL,3,1,0,0,
833251,TB-2300,RB-4670,SM,15,1,1,0,
833252,TB-2300,JE-0100,SR,8,1,1,0,
833255,TB-2300,JW-2550,SL,3,1,0,0,
833256,TB-2300,JG-2450,SL,0,0,0,0,XH-0100
833258,RF-0500,DP-0350,DL,0,0,0,0,JJ-0050
833259,RF-0500,KD-1462,SL,6,1,1,0,
833260,RF-0500,KD-1462,SL,0,0,0,0,AB-4000
833263,TB-2300,JG-2450,DL,0,0,0,0,
833264,TB-2300,PD-0800,DL,18,1,1,0,
833271,TB-2300,ML-0050,SM,10,1,1,0,
833272,TB-2300,AB-3500,DL,20,1,1,0,
833276,RF-0500,JG-2950,DR,0,0,0,0,JJ-4565
833281,TB-2300,PD-0800,DM,18,1,1,0,
833284,TB-2300,AB-3500,SL,0,0,0,0,ER-0475
833286,RF-0500,KB-0150,SR,0,0,0,0,JS-3250
833287,RF-0500,KB-0150,SL,0,0,0,0,
833288,RF-0500,DP-0350,DR,0,0,0,0,SG-0650
833289,TB-2300,JG-2450,SL,0,0,0,0,
833291,TB-2300,JG-2450,SL,14,1,1,0,
833292,TB-2300,JG-2450,SR,5,1,1,0,
833293,TB-2300,AB-3500,DR,0,0,0,0,
833294,TB-2300,JW-2550,SR,6,1,1,0,
833296,TB-2300,AB-3500,SM,0,0,0,0,
833297,TB-2300,AB-3500,SL,0,0,0,0,ER-0475
833302,RF-0500,JG-2950,SR,2,1,0,0,
833306,TB-2300,ML-0050,SR,23,1,1,0,
833309,TB-2300,JE-0100,SM,18,1,1,0,
833318,RF-0500,PW-1150,SR,0,0,0,0,SG-0650
833326,TB-2300,JW-2550,SL,0,0,0,0,
833328,RF-0500,JG-2950,SL,4,1,1,0,
833330,RF-0500,KD-1462,SL,6,1,1,0,
833331,RF-0500,KD-1462,SM,2,1,0,0,
833332,RF-0500,DP-0350,SR,0,0,0,0,
833335,RF-0500,KB-0150,SR,6,1,1,0,
833336,RF-0500,PW-1150,DL,17,1,1,0,
833337,RF-0500,PW-1150,SL,14,1,1,0,
833338,RF-0500,KB-0150,SL,0,0,0,0,
833342,JR-3250,AH-3900,SM,13,1,1,0,
833343,JR-3250,JG-2950,DR,0,0,0,0,
833344,JR-3250,KD-1462,SL,5,1,0,0,
833345,JR-3250,PW-1150,DL,0,0,0,0,
833346,JR-3250,KD-1462,SL,10,1,1,0,
833347,JR-3250,AH-3900,DM,0,0,0,0,
833348,JR-3250,JG-2950,DR,0,0,0,0,
833350,JR-3250,PW-1150,SL,17,1,0,0,
833352,JR-3250,DP-0350,SR,0,0,0,0,
833354,JR-3250,JG-2950,SR,0,0,0,0,
833355,JR-3250,DP-0350,SL,0,0,0,0,KV-0075
833356,TB-2300,RB-4670,DR,32,1,1,0,
833357,TB-2300,JE-0100,DM,17,1,1,0,
833360,TB-2300,JW-2550,SR,10,1,1,0,
833366,JR-3250,DS-3137,DM,24,1,1,0,
833367,JR-3250,DP-0350,DL,0,0,0,0,
833368,JR-3250,DP-0350,DR,0,0,0,0,
833369,JR-3250,MW-0650,SL,0,0,0,0,
833370,JR-3250,MW-0650,SR,12,1,1,0,
833371,JR-3250,JG-2950,SM,16,1,1,0,
833372,JR-3250,MG-0325,SL,0,0,0,0,
833376,AD-0100,TE-0300,SR,8,1,0,0,
833380,JG-0650,KJ-1400,SL,5,1,1,0,
833381,JG-0650,MG-1050,DL,38,1,1,0,
833384,AD-0100,TB-2075,DL,47,1,1,0,
833386,AD-0100,JM-5275,SR,3,1,0,0,
833387,AD-0100,TB-2075,SL,8,1,1,0,
833388,AD-0100,AT-0247,SR,6,1,1,0,
833392,AD-0100,TE-0300,SR,1,1,1,0,
833395,JG-0650,KJ-1400,SL,0,0,0,0,
833396,JG-0650,MG-1050,SR,14,1,1,0,
833402,JG-0650,RM-5050,SL,39,1,1,0,
833406,AD-0100,JM-5275,SR,0,1,0,0,
833411,AD-0100,GB-0350,SM,7,1,0,0,
833414,JG-0650,RM-5050,SL,0,0,0,0,
833416,JG-0650,RJ-0450,DL,0,0,0,0,
833418,AD-0100,JR-3280,SM,5,1,0,0,
833419,AD-0100,JM-5275,SR,0,0,0,0,
833425,JG-0650,GK-0075,SR,9,1,1,0,
833430,AD-0100,JR-3280,SL,0,0,0,0,AW-1850
833432,AD-0100,JR-3280,SM,34,1,1,0,
833433,AD-0100,DW-3987,SL,0,0,0,0,
833435,AD-0100,AE-1037,SM,14,1,1,0,
833436,AD-0100,JR-3280,SR,0,0,0,0,
833438,AD-0100,AE-1037,SL,0,0,0,0,
833441,JG-0650,DS-0150,SL,38,1,1,0,
833443,JG-0650,DS-0150,SL,7,1,1,0,
833445,JG-0650,RJ-0450,SR,0,0,0,0,DK-0750
833448,AD-0100,TE-0300,SR,0,1,0,0,
833449,AD-0100,TB-2075,SR,9,1,1,0,
833450,AD-0100,DW-3987,SR,0,0,0,0,AW-1850
833452,AD-0100,TB-2075,SM,12,1,1,0,
833453,AD-0100,AT-0247,SL,0,0,0,0,KA-0625
833454,AD-0100,TB-2075,SR,10,1,1,0,
833455,AD-0100,GB-0350,SR,0,0,0,0,KA-0625
833457,AD-0100,TE-0300,DR,0,0,0,0,
833458,JG-0650,MB-3537,SL,11,1,1,0,
833459,JG-0650,DS-0150,SL,0,0,0,0,
833460,DP-1263,RM-5050,SL,16,1,1,0,
833461,JG-0650,KB-1625,SR,0,0,0,0,
833463,JG-0650,RJ-0450,SL,7,1,1,0,
833464,JG-0650,KB-1625,SR,4,1,1,0,
833465,JG-0650,GK-0075,SR,9,1,1,0,
833466,JG-0650,DS-0150,SR,0,0,0,0,
833470,JG-0650,DS-0150,DR,39,1,1,0,
833474,JG-0650,RM-5050,SM,13,1,1,0,
833476,JG-0650,DS-0150,SR,2,1,1,0,
833479,AD-0100,DW-3987,SR,6,1,1,0,
833483,AD-0100,JM-5275,SM,0,0,0,0,JT-1075
833490,JG-0650,MG-1050,DL,25,1,1,0,
833493,JG-0650,RJ-0450,SR,0,0,0,0,
833496,AD-0100,TB-2075,SM,8,1,1,0,
833498,AD-0100,AE-1037,SM,0,0,0,0,
833500,JG-0650,GK-0075,SR,36,1,1,0,
833509,AD-0100,JM-5275,SM,7,1,0,0,
833510,AD-0100,JR-3280,DL,0,0,0,0,
833520,JG-0650,DS-0150,SL,1,1,0,0,
833522,AD-0100,JR-3280,SR,7,1,1,0,
833523,AD-0100,GB-0350,SR,0,0,0,0,
833524,AD-0100,DS-0050,SM,21,1,1,0,
833525,AD-0100,TB-2075,SR,3,1,0,0,
833527,AD-0100,TB-2075,SL,15,1,1,0,
833528,AD-0100,DS-0050,SM,0,0,0,0,
833529,AD-0100,TB-2075,SR,8,1,1,0,
833532,AD-0100,TE-0300,SR,0,0,0,0,DR-0750
833538,AD-0100,DS-0050,SL,4,1,1,0,
833539,AD-0100,TB-2075,SL,2,1,0,0,
833540,AD-0100,JR-3280,SR,0,0,0,0,DR-0750
833541,AD-0100,JR-3280,DM,66,1,1,0,
833547,BR-1100,VM-0250,SR,5,1,1,0,
833551,RW-3850,DM-2275,SL,16,1,1,0,
833552,RW-3850,DM-2275,SL,0,0,0,0,
833556,BR-1100,VM-0250,SM,7,1,1,0,
833557,BR-1100,RS-3525,SM,0,0,0,0,
833558,BR-1100,RS-3525,SL,0,0,0,0,JC-3350
833563,RW-3850,TL-1025,SR,6,1,0,0,
833564,RW-3850,TL-1025,SR,22,1,1,0,
833570,BR-1100,VM-0250,SR,8,1,1,0,
833571,BR-1100,JC-4075,SM,7,1,1,0,
833574,BR-1100,RS-3525,SL,0,0,0,0,
833575,BR-1100,JH-5125,DL,0,0,0,0,
833582,BR-1100,DJ-1675,SM,0,0,0,0,
833587,RW-3850,CC-0750,SL,9,1,1,0,
833589,RW-3850,DM-2275,DL,0,0,0,0,
833591,RW-3850,MT-2350,SR,15,1,1,0,
833592,RW-3850,TL-1025,DL,0,0,0,0,TE-0006
833593,RW-3850,TL-1025,SM,7,1,1,0,
833599,RW-3850,WD-0550,SR,14,1,1,0,
833604,BR-1100,JW-0934,SR,0,0,0,0,BW-0150
833606,RW-3850,DM-2275,SL,0,0,0,0,
833608,RW-3850,MT-2350,SM,9,1,0,0,
833611,BR-1100,JS-4750,SL,12,1,1,0,
833612,BR-1100,JW-0934,SM,12,1,1,0,
833613,BR-1100,JS-4750,SL,15,1,1,0,
833615,BR-1100,JS-4750,DR,0,0,0,0,
833617,BR-1100,JC-4075,SL,9,1,0,0,
833621,RW-3850,MT-2350,SM,30,1,1,0,
833622,RW-3850,CP-2550,SM,5,1,1,0,
833623,RW-3850,TL-1025,SR,7,1,1,0,
833624,RW-3850,CP-2550,SL,9,1,1,0,
833626,RW-3850,CP-2550,SR,-1,1,0,0,
833627,RW-3850,TL-1025,SL,3,1,0,0,
833629,RW-3850,TL-1025,SL,9,1,0,0,
833632,RW-3850,TL-1025,SL,0,0,0,0,
833634,RW-3850,TL-1025,SR,6,1,0,0,
833637,MR-2350,JC-4075,SM,0,0,0,0,
833638,MR-2350,DM-2775,DL,0,0,0,0,
833640,RW-3850,DM-2275,SL,17,1,1,0,
833642,RW-3850,DM-2275,DL,0,0,0,0,SN-0450
833643,RW-3850,NV-0050,SM,13,1,1,0,
833644,RW-3850,WD-0550,SL,12,1,1,0,
833647,MR-2350,XG-0100,SM,0,0,0,0,
833649,MR-2350,JS-4750,DR,45,1,1,0,
833651,MR-2350,JC-4075,SR,-4,1,0,0,
833652,MR-2350,JS-4750,SM,5,1,0,0,
833655,RW-3850,CC-0750,SR,8,1,1,0,
833656,RW-3850,TL-1025,SM,7,1,1,0,
833658,RW-3850,CC-0750,SR,10,1,1,0,
833659,RW-3850,TL-1025,SR,5,1,1,0,
833664,MR-2350,VM-0250,SR,5,1,1,0,
833665,MR-2350,JS-4750,SR,7,1,1,0,
833666,MR-2350,JS-0280,SR,13,1,1,0,
833667,MR-2350,RS-3525,SL,0,1,0,0,
833668,MR-2350,VM-0250,SR,2,1,0,0,
833669,MR-2350,DJ-1675,SR,17,1,1,0,
833671,MR-2350,JS-4750,DR,0,0,0,0,
833675,MR-2350,VM-0250,SM,8,1,1,0,
833678,RW-3850,RP-0550,SL,3,1,0,0,
833679,RW-3850,WD-0550,SM,9,1,1,0,
833686,RW-3850,DM-2275,DL,28,1,1,0,
833690,MR-2350,JW-0934,SL,11,1,1,0,
833691,MR-2350,DJ-1675,SM,0,0,0,0,
833692,MR-2350,DJ-1675,DR,0,0,0,0,
833693,MR-2350,JS-4750,SR,0,0,0,0,
833696,MR-2350,VM-0250,SM,3,1,1,0,
833699,RW-3850,WD-0550,SM,11,1,1,0,
833700,RW-3850,WD-0550,SL,4,1,1,0,
833701,RW-3850,TL-1025,SL,7,1,1,0,
833714,DC-0725,DC-0775,SR,0,0,0,0,
833715,DC-0725,DC-0775,SL,25,1,1,0,
833716,DC-0725,HR-0062,DM,0,0,0,0,DW-4025
833717,DC-0725,TW-2875,DR,0,0,0,0,
833718,DC-0725,TW-2875,DL,19,1,1,0,
833726,PM-0025,TK-0150,SM,8,1,1,0,
833728,PM-0025,LM-1000,SR,5,1,1,0,
833730,PM-0025,MH-0875,DL,0,0,0,0,
833733,DC-0725,TW-2875,SR,6,1,1,0,
833734,DC-0725,HR-0062,SR,11,1,1,0,
833736,DC-0725,RG-1650,SM,0,0,0,0,
833737,DC-0725,HR-0062,SR,6,1,1,0,
833738,DC-0725,TW-2875,SM,4,1,1,0,
833741,PM-0025,MH-0875,SR,4,1,1,0,
833742,PM-0025,SW-0450,DR,0,0,0,0,
833743,PM-0025,DR-2225,SM,11,1,1,0,
833745,PM-0025,SW-0450,DM,0,0,0,0,
833746,PM-0025,LM-1000,SL,-1,1,0,0,
833748,DC-0725,DC-0775,DL,0,0,0,0,
833750,DC-0725,HR-0062,SM,0,0,0,0,KF-0450
833753,PM-0025,DW-3125,SR,8,1,1,0,
833755,PM-0025,DR-2225,DL,44,1,1,0,
833759,DC-0725,HR-0062,SR,5,1,1,0,
833764,PM-0025,SW-0450,SR,0,0,0,0,JH-0840
833765,PM-0025,SW-0450,SL,14,1,1,0,
833766,PM-0025,DW-3125,DL,0,0,0,0,
833769,PM-0025,TK-0150,SL,15,1,1,0,
833770,PM-0025,SW-0450,SM,0,0,0,0,VB-0350
833772,PM-0025,SW-0450,SM,11,1,1,0,
833773,PM-0025,DR-2225,SR,7,1,1,0,
833774,PM-0025,LM-1000,SL,-4,1,0,0,
833775,PM-0025,TK-0150,SM,8,1,1,0,
833776,PM-0025,BB-1550,DR,0,0,0,0,
833777,PM-0025,MH-0875,DL,0,0,0,0,
833779,PM-0025,MH-0875,DM,42,1,1,0,
833782,DC-0725,DW-0675,SR,16,1,1,0,
833783,DC-0725,RG-1650,SL,-2,1,0,0,
833784,DC-0725,,NL,0,0,0,0,
833786,DC-0725,DW-0675,SR,12,1,0,0,
833789,PM-0025,DW-3125,SR,32,1,1,0,
833790,PM-0025,DR-2225,DM,43,1,1,0,
833793,PM-0025,TK-0150,DL,27,1,1,0,
833797,DC-0725,JR-2075,SL,-6,1,0,0,
833800,PM-0025,DR-2225,DL,39,1,1,0,
833803,DC-0725,TW-2875,SM,6,1,1,0,
833804,DC-0725,JR-2075,SR,0,0,0,0,
833805,DC-0725,DW-1350,SR,6,1,1,0,
833806,DC-0725,RG-1650,SR,0,0,0,0,
833807,DC-0725,DW-0675,SL,11,1,1,0,
833808,DC-0725,DW-1350,SM,20,1,1,0,
833810,PM-0025,DR-2225,DL,28,1,1,0,
833812,PM-0025,DW-3125,SL,0,0,0,0,
833813,PM-0025,DW-3125,SR,8,1,1,0,
833814,PM-0025,SW-0450,DR,0,0,0,0,
833820,DC-0725,DW-0675,SR,8,1,1,0,
833821,DC-0725,DW-0675,SL,9,1,1,0,
833823,DC-0725,TW-2875,SL,0,0,0,0,
833824,PM-0025,SW-0450,SR,4,1,1,0,
833826,PM-0025,TK-0150,SM,7,1,1,0,
833827,PM-0025,SW-0450,DL,0,0,0,0,
833830,PM-0025,TK-0150,SR,8,1,0,0,
833833,DC-0725,HR-0062,SL,0,0,0,0,CJ-2168
833835,DC-0725,TW-2875,SR,11,1,1,0,
833837,DC-0725,RG-1650,SM,0,0,0,0,
833838,PM-0025,SW-0450,SL,9,1,1,0,
833841,PM-0025,DT-0850,SL,6,1,1,0,
833844,PM-0025,TK-0150,DL,0,0,0,0,
833847,DC-0725,JR-2075,SL,8,1,1,0,
833848,DC-0725,RG-1650,SR,0,0,0,0,
833852,PM-0025,SW-0450,SL,0,0,0,0,
833853,PM-0025,TK-0150,SL,0,0,0,0,
833855,DC-0725,DW-0675,SR,7,1,1,0,
833856,DC-0725,DW-0675,DR,0,0,0,0,
833857,DC-0725,HR-0062,SR,8,1,1,0,
833858,DC-0725,DC-0775,SM,6,1,1,0,
833859,DC-0725,DC-0775,SR,2,1,0,0,
833860,DC-0725,HR-0062,SL,0,0,0,0,CW-0637
833867,PM-0025,SW-0450,SL,7,1,1,0,
833870,PM-0025,MH-0875,SR,10,1,1,0,
833871,PM-0025,TK-0150,DR,34,1,1,0,
833873,PM-0025,SW-0450,SR,4,1,0,0,
833875,PM-0025,MH-0875,SL,5,1,1,0,
833879,JF-1900,ES-0200,SM,9,1,1,0,
833881,JF-1900,ES-0200,SL,14,1,1,0,
833882,JF-1900,JH-3625,SM,7,1,1,0,
833884,JF-1900,PL-0275,SR,7,1,1,0,
833885,JF-1900,JH-3625,SL,2,1,0,0,
833887,JF-1900,RF-1400,SL,3,1,0,0,
833892,MT-1800,TC-1975,DR,0,0,0,0,JS-3150
833894,JF-1900,NF-0175,SL,-4,1,0,0,
833897,JF-1900,JH-3625,SR,4,1,0,0,
833900,MT-1800,TG-0025,SL,11,1,1,0,
833902,MT-1800,BB-2712,SL,6,1,1,0,
833903,MT-1800,AR-1250,SL,0,0,0,0,CH-1500
833908,MT-1800,AS-0775,SR,9,1,1,0,
833910,MT-1800,DM-2787,SL,6,1,1,0,
833915,JF-1900,ES-0200,SR,4,1,1,0,
833917,JF-1900,PL-0275,SR,19,1,1,0,
833920,JF-1900,CS-4462,SR,0,0,0,0,
833924,MT-1800,AR-1250,SL,5,1,1,0,
833925,MT-1800,TC-1975,SR,16,1,1,0,
833926,MT-1800,AS-0775,SR,9,1,1,0,
833928,MT-1800,TG-0025,SL,0,0,0,0,
833933,JF-1900,ES-0200,SR,8,1,1,0,
833935,JF-1900,RF-1400,SL,10,1,1,0,
833938,JF-1900,ES-0200,SR,10,1,1,0,
833940,JF-1900,ES-0200,SL,4,1,0,0,
833941,JF-1900,DH-1050,SR,0,0,0,0,AL-1200
833942,JF-1900,DH-1050,SR,0,0,0,0,
833944,MT-1800,AM-1975,SR,2,1,0,0,
833946,MT-1800,DM-2787,DL,0,0,0,0,
833948,JF-1900,DH-1050,SR,0,0,0,0,
833952,MT-1800,TC-1975,SL,0,0,0,0,
833953,MT-1800,BB-2712,SM,18,1,1,0,
833959,MT-1800,DM-2787,SL,0,0,0,0,DW-0450
833960,MT-1800,TC-1975,SR,-9,1,0,0,
833961,MT-1800,AS-0775,SR,6,1,0,0,
833965,JF-1900,JH-3625,SR,8,1,1,0,
833966,JF-1900,NF-0175,SL,3,1,1,0,
833967,JF-1900,PL-0275,SR,0,1,0,0,
833968,JF-1900,ES-0200,DM,21,1,1,0,
833971,JF-1900,CS-4462,DL,0,0,0,0,
833985,JF-1900,NF-0175,DL,24,1,1,0,
833986,JF-1900,ES-0200,SL,12,1,1,0,
833987,JF-1900,TF-1500,SL,7,1,1,0,
833992,JF-1900,JH-3625,SL,0,0,0,0,
833993,JF-1900,RF-1400,SL,0,0,0,0,KM-0050
833994,JF-1900,DH-1050,SL,0,0,0,0,
833998,MT-1800,BB-2712,SL,0,0,0,0,JS-3150
833999,MT-1800,TB-3950,SR,0,0,0,0,
834003,JF-1900,CS-4462,SR,9,1,1,0,
834005,JF-1900,NF-0175,SR,10,1,1,0,
834007,JF-1900,PL-0275,SL,0,0,0,0,
834008,JF-1900,DH-1050,SR,6,1,0,0,
834009,JF-1900,PL-0275,SL,4,1,1,0,
834010,JF-1900,RF-1400,SR,11,1,1,0,
834013,JF-1900,CS-4462,SM,16,1,1,0,
834015,JF-1900,ES-0200,SR,2,1,0,0,
834016,JF-1900,ES-0200,SR,0,0,0,0,
834018,MT-1800,AR-1250,SL,8,1,1,0,
834020,MT-1800,TB-3950,SL,0,1,0,0,
834021,MT-1800,AR-1250,SR,3,1,0,0,
834023,JF-1900,RF-1400,SR,19,1,1,0,
834024,JF-1900,CS-4462,SM,0,0,0,0,EJ-0125
834025,JF-1900,RF-1400,SR,0,0,0,0,
834026,JF-1900,ES-0200,SR,0,0,0,0,
834027,JF-1900,CS-4462,SR,10,1,1,0,
834028,JF-1900,RF-1400,SL,5,1,1,0,
834029,JF-1900,DH-1050,SL,9,1,1,0,
834030,JF-1900,PL-0275,SL,0,0,0,0,
834031,JF-1900,ES-0200,SM,7,1,1,0,
834032,JF-1900,PL-0275,SR,0,0,0,0,EJ-0125
834033,JF-1900,CS-4462,SR,5,1,1,0,
834034,JF-1900,ES-0200,SR,7,1,1,0,
834038,MT-1800,TB-3950,SR,5,1,1,0,
834039,MT-1800,AR-1250,DR,0,0,0,0,
834040,MT-1800,AR-1250,SM,0,0,0,0,KJ-0100
834041,MT-1800,TC-1975,SR,0,0,0,0,
834043,MT-1800,AR-1250,DM,25,1,1,0,
834048,DB-3800,TS-2425,SR,14,1,1,0,
834050,DB-3800,JC-4300,SR,0,0,0,0,EW-0400
834051,JG-1850,TG-1950,SL,-6,1,0,0,
834052,JG-1850,CK-1300,SR,0,0,0,0,
834053,JG-1850,BC-2325,DM,57,1,1,0,
834057,JG-1850,GE-0400,SM,2,1,0,0,
834061,DB-3800,MT-0875,SM,19,1,1,0,
834062,DB-3800,MT-0875,SL,5,1,1,0,
834064,DB-3800,JC-4300,SM,0,0,0,0,
834067,JG-1850,BC-2325,DL,0,0,0,0,
834075,TB-2650,JC-4300,SR,7,1,1,0,
834079,TB-2650,AK-0050,SM,15,1,0,0,
834080,TB-2650,DH-1487,SR,-7,1,0,0,
834081,TB-2650,,NL,0,0,0,0,
834083,JG-1850,TG-1950,SR,0,0,0,0,
834084,JG-1850,TG-1950,SL,1,1,0,0,
834085,JG-1850,GE-0400,SR,0,0,0,0,
834090,TB-2650,JC-4300,SM,18,1,1,0,
834092,TB-2650,AK-0050,SR,0,0,0,0,
834093,TB-2650,MT-0875,SR,0,0,0,0,
834097,JG-1850,CK-1300,SM,12,1,1,0,
834098,JG-1850,TH-1550,SR,18,1,1,0,
834100,JG-1850,CK-1300,SM,15,1,1,0,
834102,JG-1850,CK-1300,SL,0,1,0,0,
834105,JG-1850,TH-1550,DR,0,0,0,0,
834108,TB-2650,MT-0875,SR,7,1,1,0,
834112,TB-2650,AK-0050,DR,0,0,0,0,
834113,TB-2650,TH-1625,SM,9,1,0,0,
834117,JG-1850,RW-4050,SL,14,1,1,0,
834119,JG-1850,TH-1550,SL,3,1,0,0,
834120,JG-1850,CK-1300,SR,0,0,0,0,
834124,JG-1850,CK-1300,SM,0,0,0,0,
834125,JG-1850,CK-1300,SL,0,0,0,0,
834126,JG-1850,TG-1950,SL,9,1,0,0,
834128,TB-2650,JC-4300,SL,0,0,0,0,
834130,TB-2650,LM-1850,SL,16,1,1,0,
834132,TB-2650,MT-0875,SM,5,1,1,0,
834134,TB-2650,TS-2425,SR,7,1,1,0,
834136,TB-2650,,NL,0,0,0,0,
834140,JG-1850,BC-2325,SR,15,1,1,0,
834142,JG-1850,CK-1300,SM,27,1,1,0,
834143,JG-1850,GE-0400,SR,0,0,0,0,
834146,JG-1850,RW-4050,SR,19,1,1,0,
834148,JG-1850,GE-0400,SR,11,1,1,0,
834160,JG-1850,GE-0400,SL,8,1,1,0,
834162,JG-1850,BC-2325,SM,2,1,1,0,
834168,TB-2650,MT-0875,SR,7,1,0,0,
834169,TB-2650,MT-0875,SR,16,1,1,0,
834170,TB-2650,TS-2425,SR,28,1,1,0,
834172,TB-2650,MT-0875,SM,6,1,0,0,
834173,TB-2650,ZL-0200,SM,0,0,0,0,CL-0987
834174,TB-2650,JC-4300,SL,0,0,0,0,TR-0075
834179,JG-1850,MB-3862,SM,10,1,1,0,
834180,JG-1850,CK-1300,SL,66,1,1,0,
834186,TB-2650,MT-0875,SM,10,1,1,0,
834187,TB-2650,TH-1625,SM,7,1,1,0,
834188,TB-2650,MT-0875,SM,11,1,1,0,
834189,TB-2650,MT-0875,DM,0,0,0,0,CL-0987
834190,TB-2650,,NL,0,0,0,0,
834191,TB-2650,TH-1625,SM,0,0,0,0,NR-0350
834200,TB-2650,JC-4300,SR,0,0,0,0,
834201,TB-2650,MT-0875,SL,3,1,0,0,
834202,TB-2650,MT-0875,SL,0,0,0,0,MP-0950
834209,MR-2500,AH-3650,SR,9,1,1,0,
834211,MR-2500,MS-0150,SR,6,1,1,0,
834214,MR-2500,AH-3650,SM,14,1,1,0,
834216,MR-2500,IS-0250,SR,0,0,0,0,RD-0050
834217,MR-2500,CR-0862,SL,0,1,0,0,
834220,CW-1425,ZE-0100,SL,8,1,1,0,
834226,CW-1425,NA-0050,SL,0,0,0,0,
834229,MR-2500,IS-0250,SL,5,1,1,0,
834230,MR-2500,JJ-4700,SL,0,0,0,0,
834231,MR-2500,CR-0862,SR,17,1,1,0,
834232,MR-2500,RG-0025,SR,0,0,0,0,
834234,MR-2500,DF-1875,SL,5,1,0,0,
834237,CW-1425,ZE-0100,SR,8,1,1,0,
834240,CW-1425,ZE-0100,SM,0,0,0,0,
834241,CW-1425,JA-1975,DR,0,0,0,0,
834243,MR-2500,JJ-4700,DM,0,0,0,0,JS-7425
834244,MR-2500,JJ-4700,DM,0,0,0,0,RM-3050
834249,CW-1425,ZE-0100,SL,9,1,1,0,
834250,CW-1425,NA-0050,SR,12,1,1,0,
834251,CW-1425,ZE-0100,SM,0,0,0,0,DT-1970
834257,MR-2500,JJ-4700,DL,19,1,1,0,
834258,MR-2500,JJ-4700,SL,2,1,1,0,
834260,MR-2500,MS-0150,SR,0,0,0,0,FC-0400
834261,MR-2500,JJ-4700,DR,27,1,1,0,
834262,MR-2500,CR-0862,SL,1,1,0,0,
834263,MR-2500,CR-0862,DR,0,0,0,0,
834264,MR-2500,JH-1350,DM,0,0,0,0,
834266,CW-1425,ZE-0100,DR,0,0,0,0,
834267,MR-2500,CR-0862,SR,15,1,1,0,
834268,MR-2500,CR-0862,SM,12,1,1,0,
834271,MR-2500,IS-0250,SR,8,1,0,0,
834272,MR-2500,CR-0862,DM,34,1,1,0,
834275,CW-1425,MH-3050,SR,0,0,0,0,
834278,CW-1425,JA-1975,SR,4,1,1,0,
834280,CW-1425,NA-0050,SL,6,1,1,0,
834281,CW-1425,JA-1975,SL,0,0,0,0,IO-0150
834282,CW-1425,JA-1975,SL,0,0,0,0,
834283,CW-1425,MH-3050,DR,0,0,0,0,
834285,MR-2500,AH-3650,SL,7,1,1,0,
834286,MR-2500,CR-0862,SR,12,1,1,0,
834287,MR-2500,AH-3650,SR,0,0,0,0,
834288,MR-2500,MS-0150,DL,0,0,0,0,
834289,JM-2900,MS-0125,SR,7,1,1,0,
834290,JM-2900,MS-0125,SR,4,1,1,0,
834291,JM-2900,ZE-0100,SR,0,0,0,0,
834293,JM-2900,ZE-0100,SL,13,1,1,0,
834294,JM-2900,ZE-0100,SL,0,0,0,0,IO-0150
834295,CW-1425,NA-0050,SR,0,0,0,0,RA-0675
834299,MR-2500,DF-1875,SM,28,1,1,0,
834301,MR-2500,JJ-4700,SR,4,1,1,0,
834305,CW-1425,MH-3050,SR,8,1,1,0,
834308,CW-1425,,NL,0,0,0,0,
834309,CW-1425,NA-0050,SL,9,1,0,0,
834310,CW-1425,MS-0125,SL,0,0,0,0,
834315,MR-2500,JJ-4700,DR,0,0,0,0,
834317,CW-1425,ZE-0100,SR,16,1,1,0,
834319,CW-1425,ZE-0100,SR,0,0,0,0,
834320,CW-1425,MH-3050,SM,6,1,0,0,
834321,CW-1425,NA-0050,SM,4,1,1,0,
834324,MR-2500,LS-1900,SR,4,1,1,0,
834326,MR-2500,CR-0862,SL,14,1,1,0,
834327,MR-2500,AH-3650,SM,4,1,1,0,
834328,MR-2500,MS-0150,SR,6,1,1,0,
834329,MR-2500,CR-0862,DL,0,0,0,0,RD-0050
834332,MR-2500,AH-3650,SR,0,0,0,0,
834333,CW-1425,ZE-0100,SR,6,1,1,0,
834338,MR-2500,MS-0150,SL,-3,1,0,0,
834341,CW-1425,JH-5575,SR,8,1,1,0,
834343,CW-1425,NA-0050,SL,9,1,1,0,
834344,CW-1425,NA-0050,SR,16,1,1,0,
834346,CW-1425,MH-3050,SR,3,1,0,0,
834347,CW-1425,MH-3050,SL,16,1,1,0,
834349,CW-1425,MS-0125,SR,-2,1,0,0,
834350,CW-1425,MH-3050,DM,17,1,1,0,
834351,CW-1425,ZE-0100,SR,5,1,1,0,
834357,MR-2500,DF-1875,SL,9,1,1,0,
834358,MR-2500,MS-0150,SL,0,0,0,0,AM-0250
834360,MR-2500,JJ-4700,SL,0,0,0,0,RD-1550
834361,MR-2500,MS-0150,SM,7,1,1,0,
834362,MR-2500,DF-1875,SR,0,0,0,0,
834363,MR-2500,JJ-4700,SL,54,1,1,0,
834366,CW-1425,NA-0050,SL,8,1,1,0,
834367,CW-1425,NA-0050,DL,0,0,0,0,
834368,CW-1425,DS-3300,SL,3,1,1,0,
834369,CW-1425,DS-3300,SM,0,0,0,0,
834370,CW-1425,ZE-0100,SM,0,0,0,0,
834372,CW-1425,NA-0050,DL,43,1,1,0,
834373,CW-1425,MH-3050,DR,0,0,0,0,
834374,CW-1425,DS-3300,SL,2,1,0,0,
834375,CW-1425,ZE-0100,SL,0,0,0,0,
834376,CW-1425,ZE-0100,SL,7,1,0,0,
834381,BM-0650,JL-0215,SR,7,1,1,0,
834382,BM-0650,JL-0215,SL,0,0,0,0,
834383,BM-0650,DJ-0887,DL,27,1,1,0,
834385,BM-0650,OB-0075,DR,33,1,1,0,
834387,BM-0650,JL-0215,SL,0,0,0,0,BP-1050
834388,BM-0650,,NL,0,0,0,0,
834393,TS-1450,,NL,0,0,0,0,
834396,BM-0650,DN-1225,SR,0,0,0,0,NH-0075
834399,BM-0650,DH-1450,SL,4,1,0,0,
834400,BM-0650,OB-0075,DL,0,0,0,0,
834404,TS-1450,JC-5680,DR,0,0,0,0,
834405,TS-1450,DT-0900,DL,0,0,0,0,
834408,BM-0650,NC-0175,SR,6,1,1,0,
834409,BM-0650,PB-0725,SL,0,0,0,0,
834411,BM-0650,OB-0075,SL,0,1,0,0,
834414,TS-1450,DT-0900,SL,-1,1,0,0,
834415,TS-1450,LB-0250,SL,3,1,0,0,
834417,TS-1450,LB-0250,SL,1,1,0,0,
834422,BM-0650,OB-0075,DL,21,1,1,0,
834424,BM-0650,NC-0175,SL,13,1,1,0,
834425,BM-0650,DJ-0887,SM,5,1,0,0,
834442,LF-0025,LB-0250,SR,1,1,0,0,
834447,BM-0650,DR-0550,SL,0,0,0,0,NH-1225
834448,BM-0650,DR-0550,DR,21,1,1,0,
834449,BM-0650,DJ-0887,SR,0,0,0,0,BP-1050
834450,BM-0650,OB-0075,SM,0,0,0,0,BC-0625
834455,LF-0025,JB-2950,SM,0,0,0,0,
834459,BM-0650,OB-0075,DM,0,0,0,0,MM-1725
834461,BM-0650,JL-0215,SL,0,0,0,0,
834462,BM-0650,JL-0215,DM,25,1,1,0,
834463,BM-0650,,NL,0,0,0,1,
834468,LF-0025,LB-0250,SR,7,1,0,0,
834470,BM-0650,,NL,0,0,0,0,
834478,LF-0025,TM-3150,SL,9,1,0,0,
834481,BM-0650,NC-0175,SM,4,1,0,0,
834483,BM-0650,JL-0215,DR,0,0,0,0,
834485,LF-0025,RA-1125,DR,36,1,1,0,
834487,LF-0025,LB-0250,SR,4,1,0,0,
834488,LF-0025,RA-1125,SM,10,1,1,0,
834489,LF-0025,TM-3150,SR,4,1,1,0,
834491,LF-0025,RA-1125,SR,0,0,0,0,
834492,LF-0025,LB-0250,SL,1,1,0,0,
834493,BM-0650,OB-0075,SM,89,1,1,0,
834498,LF-0025,JC-5680,SR,0,0,0,0,
834500,BM-0650,TT-0150,DL,0,0,0,0,
834502,BM-0650,DJ-0887,SL,10,1,0,0,
834504,LF-0025,LB-0250,SR,17,1,1,0,
834505,LF-0025,RA-1125,SM,20,1,1,0,
834506,LF-0025,RA-1125,SR,0,0,0,0,
834508,LF-0025,LB-0250,SL,8,1,0,0,
834509,LF-0025,JC-5680,SR,1,1,0,0,
834512,BM-0650,OB-0075,SL,12,1,1,0,
834515,BM-0650,OB-0075,SM,0,0,0,0,
834516,LF-0025,LB-0250,SL,2,1,0,0,
834517,LF-0025,JC-5680,SM,3,1,0,0,
834518,LF-0025,JC-5680,DL,30,1,1,0,
834521,LF-0025,LB-0250,SR,17,1,0,0,
834522,BM-0650,OB-0075,SL,6,1,1,0,
834524,BM-0650,NC-0175,SL,13,1,1,0,
834529,BM-0650,DR-0550,SR,29,1,1,0,
834530,BM-0650,JL-0215,SL,0,1,0,0,
834535,LF-0025,JC-5680,SM,6,1,1,0,
834536,LF-0025,RA-1125,SL,15,1,1,0,
834537,LF-0025,RG-1870,SM,0,0,0,0,CS-2350
834538,LF-0025,JB-2950,SR,5,1,0,0,
834539,LF-0025,TM-3150,SR,2,1,0,0,
