pid,bc,dir,yds,succ,kne
829263,AJ-1143,LT,0,0,0
829268,MD-0150,LG,5,1,0
829270,MT-1800,RT,7,1,0
829272,MT-1800,RG,1,0,0
829276,AJ-1143,RT,0,0,0
829279,DM-2787,LG,4,1,0
829280,DM-2787,LG,6,1,0
829281,DM-2787,LG,1,0,0
829282,MD-0150,LT,4,0,0
829290,MD-0150,RG,1,0,0
829294,DM-2787,LT,6,1,0
829296,DM-2787,RG,1,0,0
829308,CP-0750,RG,-2,0,0
829312,JW-3650,RT,5,1,0
829313,MV-0012,LE,0,0,0
829316,JW-3650,LT,-1,0,0
829326,AJ-1143,LT,3,0,0
829341,DM-2787,LT,0,0,0
829345,AJ-1143,RE,3,0,0
829353,MD-0150,LG,8,1,0
829354,MD-0150,LG,1,0,0
829357,AJ-1143,RG,0,0,0
829368,MT-1800,MD,3,0,0
829369,AJ-1143,LT,9,1,0
829370,AJ-1143,RT,6,1,0
829371,AJ-1143,RG,2,0,0
829373,JW-3650,LE,-2,0,0
829388,AJ-1143,LT,1,0,0
829390,AJ-1143,RT,2,0,0
829394,AJ-1143,LT,6,1,0
829396,JW-3650,RG,0,0,0
829397,JW-3650,LT,-2,0,0
829398,AR-1300,LG,10,0,0
829414,AJ-1143,LG,5,1,0
829416,AJ-1143,LT,2,0,0
829422,AR-1300,NL,-1,0,1
829423,AR-1300,NL,-1,0,1
829426,DF-1875,RT,4,0,0
829427,MR-2500,LE,12,0,0
829434,DF-1875,LT,4,1,0
829435,DF-1875,RT,3,0,0
829439,DC-3550,RE,21,1,0
829441,DC-3550,LE,19,1,0
829444,DF-1875,LE,2,0,0
829450,DF-1875,LE,-1,0,0
829452,RG-0025,RE,-1,0,0
829457,AM-0825,MD,3,0,0
829459,DC-3550,LG,2,1,0
829460,AM-0825,RE,23,1,0
829462,AM-0825,LG,-4,0,0
829463,KC-2350,MD,0,0,0
829464,AA-0025,LG,6,0,0
829468,MR-2500,RE,12,1,0
829470,DF-1875,LT,0,0,0
829471,DC-3550,LT,1,0,0
829472,DC-3550,MD,0,0,0
829476,DC-3550,MD,3,0,0
829478,DC-3550,LT,6,1,0
829479,DC-3550,RT,22,1,0
829480,AM-0825,LE,17,1,0
829481,DC-3550,LT,0,0,0
829482,KC-2350,MD,1,1,0
829486,IS-0250,LE,16,1,0
829489,IS-0250,LT,2,1,0
829495,DC-3550,MD,2,0,0
829496,DC-3550,LT,-2,0,0
829497,DC-3550,RT,0,0,0
829503,DC-3550,LE,3,0,0
829506,DC-3550,MD,2,0,0
829507,DC-3550,MD,6,1,0
829508,DC-3550,RT,1,0,0
829511,DF-1875,RE,5,1,0
829513,IS-0250,MD,3,1,0
829515,DF-1875,MD,2,0,0
829518,IS-0250,MD,2,0,0
829523,IS-0250,MD,-1,0,0
829526,DC-3550,RT,1,0,0
829527,KC-2350,MD,2,1,0
829529,DC-3550,LE,8,1,0
829530,DC-3550,MD,7,1,0
829537,AM-0825,RT,4,1,0
829538,AM-0825,LE,-2,0,0
829539,AA-0025,MD,2,0,0
829544,IS-0250,LT,9,1,0
829551,DC-3550,RG,2,0,0
829552,DC-3550,RT,7,1,0
829553,KC-2350,MD,3,1,0
829554,AM-0825,LG,0,0,0
829555,AM-0825,MD,0,0,0
829556,AM-0825,RG,8,0,0
829576,KC-2350,NL,-1,0,1
829577,KC-2350,NL,-1,0,1
829579,MI-0100,RG,49,1,0
829581,GE-0150,RT,11,1,0
829583,JH-4085,LE,13,1,0
829584,MI-0100,RT,4,1,0
829585,GE-0150,MD,1,0,0
829586,MI-0100,RT,1,1,0
829591,KB-0150,MD,4,1,0
829598,AW-1650,MD,1,0,0
829599,KB-0150,RE,-8,0,0
829602,GE-0150,LT,4,1,0
829603,LJ-0150,RE,3,0,0
829607,KB-0150,LE,-3,0,0
829613,MI-0100,RG,3,0,0
829615,JH-4085,RT,5,1,0
829618,LJ-0150,MD,4,1,0
829619,GE-0150,RT,2,0,0
829623,KD-1462,LT,-1,0,0
829625,KD-1462,LG,-1,0,0
829632,MI-0100,RT,10,1,0
829633,GE-0150,RG,0,0,0
829635,MI-0100,RT,2,0,0
829640,KD-1462,MD,9,1,0
829641,RF-0500,LE,8,1,0
829642,KB-0150,RE,0,0,0
829646,MI-0100,RG,3,0,0
829649,AL-0650,MD,60,1,0
829650,GE-0150,MD,2,0,0
829651,MI-0100,RT,2,0,0
829653,MI-0100,LT,2,1,0
829666,LJ-0150,NL,-1,0,1
829669,KD-1462,LG,5,1,0
829674,MI-0100,RE,4,1,0
829676,JH-4085,RE,-5,0,0
829680,MI-0100,RT,7,1,0
829692,KB-0150,RE,6,0,0
829695,GE-0150,MD,5,1,0
829696,JH-4085,LT,1,0,0
829700,MI-0100,MD,8,1,0
829701,MI-0100,RT,3,0,0
829702,GE-0150,MD,2,0,0
829708,MI-0100,RG,9,1,0
829709,GE-0150,LG,2,1,0
829711,GE-0150,RG,5,1,0
829712,GE-0150,RG,10,1,0
829713,RG-1850,RE,3,1,0
829714,GE-0150,MD,0,0,0
829715,GE-0150,RT,-1,0,0
829720,MW-0650,RT,1,0,0
829723,JH-4085,MD,-1,0,0
829725,GE-0150,LG,2,1,0
829726,GE-0150,RT,2,0,0
829727,GE-0150,LG,4,1,0
829729,JH-4085,RT,4,1,0
829731,GE-0150,RG,5,1,0
829733,RG-1850,RE,3,1,0
829734,JH-4085,LE,10,1,0
829735,RG-1850,MD,4,1,0
829736,RG-1850,NL,-1,0,1
829746,LB-0250,LG,5,1,0
829754,JA-1087,RE,3,1,0
829758,JA-1087,RE,4,1,0
829761,JA-1087,LE,4,0,0
829762,JA-1087,MD,8,0,0
829765,LB-0250,MD,-2,0,0
829766,LB-0250,MD,12,1,0
829770,LB-0250,RT,8,1,0
829771,SD-0175,MD,0,0,0
829775,FG-0200,MD,1,0,0
829779,LB-0250,MD,10,1,0
829781,LB-0250,RG,-1,0,0
829788,LB-0250,MD,0,0,0
829791,FG-0200,MD,9,1,0
829792,FG-0200,LG,1,1,0
829798,JA-1087,MD,8,1,0
829799,JA-1087,MD,1,0,0
829800,JA-1087,MD,0,0,0
829801,LB-0250,LG,4,1,0
829802,LB-0250,LE,2,0,0
829815,JA-1087,NL,-1,0,1
829820,LB-0250,RT,6,1,0
829826,FG-0200,LG,-2,0,0
829829,LB-0250,RT,6,1,0
829830,LB-0250,MD,0,0,0
829832,JC-5680,RE,4,1,0
829834,LB-0250,RT,4,1,0
829840,FG-0200,RG,1,0,0
829841,DS-2177,LE,20,1,0
829842,FG-0200,LT,0,0,0
829846,FG-0200,LE,-2,0,0
829851,LB-0250,LE,5,1,0
829852,TM-3150,MD,2,0,0
829855,LB-0250,MD,-1,0,0
829858,FG-0200,LT,7,1,0
829859,DS-2177,LT,23,1,0
829862,DS-2177,LE,12,1,0
829864,DS-2177,RT,15,1,0
829865,JA-1087,RE,3,1,0
829868,TM-3150,LE,2,0,0
829872,LB-0250,LG,1,0,0
829877,JA-1087,LE,8,1,0
829889,LB-0250,LG,1,1,0
829895,FG-0200,RG,1,0,0
829896,FG-0200,RG,2,0,0
829897,FG-0200,RG,2,0,0
829902,DW-3125,MD,-1,0,0
829907,LF-0650,LE,-1,0,0
829913,TH-1750,RE,5,1,0
829923,LF-0650,MD,2,0,0
829930,LM-1000,LE,13,1,0
829931,LM-1000,MD,2,0,0
829936,LF-0650,MD,5,1,0
829938,LF-0650,LE,12,1,0
829939,LF-0650,MD,3,0,0
829943,LF-0650,MD,3,0,0
829948,DW-3125,RE,3,0,0
829951,PM-0025,RE,2,0,0
829959,GM-1350,RE,6,0,0
829965,DW-3125,MD,4,1,0
829966,LM-1000,MD,4,1,0
829979,LF-0650,RE,6,1,0
829981,LF-0650,MD,1,0,0
829985,LF-0650,MD,14,1,0
829986,LF-0650,MD,6,1,0
829987,LF-0650,MD,2,0,0
829989,DW-3125,LE,1,0,0
829991,DW-3125,MD,2,1,0
829993,LM-1000,MD,2,1,0
829994,DW-3125,MD,0,0,0
830002,DW-3125,MD,1,1,0
830008,LF-0650,MD,10,0,0
830011,LM-1000,LE,3,1,0
830012,LM-1000,LE,31,1,0
830013,DW-3125,LE,-1,0,0
830018,LM-1000,MD,5,1,0
830022,DW-2275,RE,2,0,0
830025,RA-1337,MD,7,1,0
830026,LF-0650,MD,3,1,0
830031,LM-1000,MD,0,0,0
830032,LM-1000,MD,2,0,0
830037,DW-3125,MD,4,1,0
830038,DW-3125,MD,1,0,0
830052,LM-1000,MD,19,1,0
830053,DW-3125,MD,6,1,0
830054,DW-3125,MD,3,1,0
830055,DW-3125,MD,3,1,0
830056,MM-4700,NL,-1,0,1
830058,CM-1225,MD,5,1,0
830059,CM-1225,RT,17,1,0
830075,CM-1225,RT,3,0,0
830078,TG-1950,LT,0,0,0
830085,CM-1225,LT,6,1,0
830086,CM-1225,MD,6,1,0
830088,CM-1225,RT,3,0,0
830090,CM-1225,LG,-1,0,0
830093,TG-1950,MD,2,0,0
830095,TG-1950,LE,6,1,0
830096,RW-4050,RE,-4,0,0
830101,CN-0500,MD,-5,0,0
830102,MB-3862,LG,5,1,0
830103,MB-3862,MD,5,1,0
830106,CM-1225,RT,13,1,0
830107,CM-1225,RG,0,0,0
830112,TG-1950,RE,2,0,0
830115,TG-1950,LE,-2,0,0
830119,CM-1225,MD,1,0,0
830123,MB-3862,LG,1,0,0
830124,MB-3862,LT,17,1,0
830125,MB-3862,LG,1,0,0
830126,JG-1850,LE,3,0,0
830134,CM-1225,LG,12,1,0
830144,TG-1950,RG,25,1,0
830152,CN-0500,MD,3,0,0
830154,CM-1225,MD,1,0,0
830156,CM-1225,MD,6,1,0
830158,CM-1225,MD,8,1,0
830161,MB-3862,LT,7,1,0
830162,MB-3862,LG,2,1,0
830169,MB-3862,MD,4,1,0
830172,MB-3862,MD,10,1,0
830173,MB-3862,MD,0,0,0
830175,MB-3862,LT,1,1,0
830183,CM-1225,MD,2,0,0
830189,JG-1850,MD,0,0,0
830194,CM-1225,RG,3,1,0
830195,CM-1225,RG,2,1,0
830198,TG-1950,MD,6,1,0
830199,RW-4050,RG,20,1,0
830201,CN-0500,MD,0,0,0
830205,TG-1950,MD,17,1,0
830206,TG-1950,LE,7,1,0
830207,TG-1950,RG,2,1,0
830208,TG-1950,RT,15,1,0
830210,DH-2325,LT,0,0,0
830218,TG-1950,LG,5,1,0
830226,CM-1225,MD,23,1,0
830228,CM-1225,MD,18,1,0
830229,AA-0557,MD,1,1,0
830232,TG-1950,RT,8,1,0
830233,TG-1950,RT,4,1,0
830234,JG-1850,NL,-2,0,1
830235,JG-1850,NL,-1,0,1
830239,JL-0215,LE,10,1,0
830240,NC-0175,LG,10,1,0
830245,DH-3137,RG,4,1,0
830249,DH-2450,LG,0,0,0
830251,DH-2450,MD,-1,0,0
830258,NC-0175,LG,-3,0,0
830262,DH-2450,RG,2,0,0
830265,MM-0912,LE,5,0,0
830267,NC-0175,LG,3,0,0
830269,NC-0175,RG,3,0,0
830273,DL-1700,MD,6,1,0
830275,JS-4550,RE,10,1,0
830279,DL-1700,LG,1,0,0
830281,DH-2450,RT,2,0,0
830283,DH-2450,RG,6,1,0
830286,DH-2450,MD,5,1,0
830287,DH-2450,RG,1,1,0
830290,NC-0175,LG,9,1,0
830294,DH-2450,RE,18,1,0
830298,DH-2450,RE,8,1,0
830302,NC-0175,LG,2,0,0
830306,DH-2450,MD,-1,0,0
830328,DH-2450,RE,2,0,0
830333,NC-0175,MD,15,1,0
830334,NC-0175,MD,3,0,0
830339,DH-2450,RG,2,0,0
830340,MM-0912,LE,6,1,0
830346,NC-0175,MD,2,0,0
830357,NC-0175,LG,8,1,0
830359,NC-0175,MD,2,0,0
830362,NC-0175,MD,6,0,0
830364,DH-2450,LG,4,1,0
830365,DH-2450,LE,2,0,0
830366,MM-0912,LE,13,1,0
830370,NC-0175,RE,6,1,0
830373,DH-2450,LG,7,1,0
830374,DH-2450,MD,4,1,0
830375,DH-2450,LG,16,1,0
830387,DJ-0887,RE,13,0,0
830389,DL-1700,MD,0,0,0
830390,DH-2450,RE,5,1,0
830391,DH-2450,RG,2,0,0
830397,DJ-0887,MD,1,0,0
830398,NC-0175,LG,5,0,0
830399,NC-0175,LT,2,0,0
830400,NC-0175,RG,1,0,0
830401,RT-0150,NL,-1,0,1
830402,RT-0150,NL,-1,0,1
830404,DG-3200,RT,5,1,0
830406,DG-3200,RT,3,0,0
830408,DG-3200,MD,1,0,0
830415,MS-0125,RE,2,0,0
830416,DS-3300,MD,6,1,0
830420,DG-3200,RE,1,0,0
830421,CT-1220,RE,1,0,0
830427,DG-3200,RE,4,1,0
830434,CW-1425,MD,2,1,0
830435,MS-0125,LT,-2,0,0
830437,DS-3300,LE,4,0,0
830440,JH-5575,RG,6,1,0
830441,JH-5575,LT,6,1,0
830445,DG-3200,LE,2,0,0
830451,DS-3300,RE,-2,0,0
830454,DG-3200,RE,5,0,0
830458,MS-0125,LE,0,0,0
830466,CT-1220,LE,7,1,0
830467,CT-1220,MD,2,0,0
830486,DS-3300,LE,3,0,0
830487,MS-0125,LE,2,0,0
830488,DS-3300,MD,4,0,0
830489,CW-1425,MD,2,1,0
830492,DS-3300,LE,8,1,0
830493,DS-3300,LG,17,1,0
830494,MS-0125,MD,19,1,0
830495,MS-0125,MD,0,0,0
830496,MS-0125,RE,-2,0,0
830500,DG-3200,RE,0,0,0
830502,DG-3200,RG,-5,0,0
830515,MS-0125,RE,-4,0,0
830518,DS-3300,LE,2,0,0
830520,MS-0125,RE,8,1,0
830522,AJ-0430,RE,2,1,0
830526,DG-3200,RE,2,1,0
830531,MS-0125,LE,-5,0,0
830538,JH-5575,MD,9,1,0
830539,JH-5575,LE,17,1,0
830540,JH-5575,LE,3,1,0
830543,MS-0125,RE,7,1,0
830545,DS-3300,LE,5,1,0
830546,CW-1425,MD,2,1,0
830547,JH-5575,MD,3,1,0
830573,CW-1425,NL,-1,0,1
830583,CC-0750,LT,1,0,0
830590,JM-5275,RG,-1,0,0
830593,JM-5275,MD,3,0,0
830599,JM-5275,MD,2,0,0
830604,CC-0750,LG,3,0,0
830606,CC-0750,LT,5,0,0
830609,CC-0750,LG,3,1,0
830620,RP-0550,LE,5,1,0
830621,RP-0550,MD,3,1,0
830625,CC-0750,RE,11,1,0
830626,CC-0750,LE,1,0,0
830628,CC-0750,MD,1,1,0
830636,RP-0550,MD,0,0,0
830637,RP-0550,RT,5,0,0
830640,JM-5275,MD,6,1,0
830641,JM-5275,LE,-1,0,0
830648,CC-0750,MD,3,0,0
830658,RW-3850,NL,-1,0,1
830662,JM-5275,MD,1,0,0
830664,CC-0750,LE,-6,0,0
830665,CC-0750,MD,-1,0,0
830668,GB-0350,RE,-3,0,0
830669,GB-0350,RT,5,0,0
830671,GB-0350,MD,-1,0,0
830672,TB-2075,RE,3,0,0
830673,GB-0350,RT,4,0,0
830679,GB-0350,LT,11,1,0
830687,GB-0350,RG,0,0,0
830688,RP-0550,LT,5,1,0
830689,RP-0550,LT,0,0,0
830702,GB-0350,LT,5,1,0
830714,CC-0750,MD,1,0,0
830724,RW-3850,RE,5,1,0
830725,CC-0750,MD,4,1,0
830726,CC-0750,LE,21,1,0
830727,CC-0750,RG,0,0,0
830728,CC-0750,MD,-1,0,0
830730,RW-3850,LE,5,0,0
830734,RW-3850,NL,-1,0,1
830736,AE-0550,LE,2,0,0
830742,MM-0050,LE,-3,0,0
830743,MM-0050,LE,4,0,0
830747,AE-0550,LE,2,1,0
830749,JJ-0575,RT,23,1,0
830750,AE-0550,RE,3,0,0
830751,AE-0550,MD,13,1,0
830752,JJ-0575,RG,0,0,0
830761,MM-0050,MD,1,0,0
830764,MM-0050,MD,1,0,0
830765,JB-5725,MD,3,1,0
830766,JB-5725,RE,6,1,0
830767,MM-0050,LE,6,1,0
830770,MM-0050,MD,3,1,0
830772,MM-0050,MD,7,1,0
830779,AE-0550,LT,5,1,0
830785,JB-5725,MD,0,0,0
830786,MM-0050,MD,2,0,0
830790,AE-0550,MD,1,0,0
830793,JJ-0575,LE,9,1,0
830794,DW-1750,MD,2,1,0
830806,MM-0050,LE,25,1,0
830807,MM-0050,RG,5,1,0
830808,NH-1237,RT,6,1,0
830809,MM-0050,MD,10,1,0
830810,MM-0050,MD,3,0,0
830811,NH-1237,RE,0,0,0
830815,AE-0550,RE,0,0,0
830823,MM-0050,LT,63,1,0
830826,JJ-0575,RG,-2,0,0
830827,JJ-0575,RT,24,1,0
830833,MM-0050,RG,5,1,0
830839,MM-0050,LG,9,1,0
830840,MM-0050,MD,4,1,0
830841,MM-0050,MD,2,0,0
830846,AE-0550,LE,4,1,0
830852,AE-0550,LE,-1,0,0
830854,MM-0050,MD,7,1,0
830855,MM-0050,LE,7,1,0
830856,NH-1237,MD,6,1,0
830857,MM-0050,RG,4,1,0
830858,MM-0050,LE,-5,0,0
830862,PC-0050,LE,7,1,0
830863,NH-1237,MD,1,0,0
830864,MM-0050,MD,4,1,0
830865,MM-0050,LE,4,1,0
830866,MM-0050,MD,4,1,0
830867,MM-0050,MD,2,1,0
830878,PR-0300,RE,6,1,0
830882,AE-0550,LT,3,0,0
830883,AE-0550,RE,19,1,0
830884,JJ-0575,LE,3,0,0
830886,DW-1750,MD,2,1,0
830887,AE-0550,MD,7,1,0
830890,KJ-0587,MD,9,1,0
830891,KJ-0587,MD,1,0,0
830893,CA-0750,MD,-1,0,0
830897,DJ-1325,MD,4,0,0
830901,KJ-0587,MD,4,1,0
830905,KM-3500,RT,6,1,0
830912,DJ-1325,MD,6,1,0
830913,DJ-1325,MD,3,1,0
830914,DJ-1325,MD,0,0,0
830916,CA-0750,MD,2,0,0
830920,CA-0750,MD,7,1,0
830921,MS-4100,RE,4,1,0
830922,KJ-0587,MD,1,0,0
830923,KJ-0587,MD,1,0,0
830927,DJ-1325,RE,2,0,0
830931,KJ-0587,MD,4,1,0
830940,KJ-0587,MD,-1,0,0
830944,MS-4100,LE,12,1,0
830945,CA-0750,RT,5,1,0
830946,CA-0750,MD,4,1,0
830947,CA-0750,MD,0,0,0
830953,DJ-1325,RE,1,0,0
830954,DJ-1325,RE,2,0,0
830960,DJ-1325,LE,7,1,0
830974,CE-0175,RT,5,1,0
830981,MS-4100,MD,6,0,0
830985,DJ-1325,RT,3,0,0
830989,KJ-0587,MD,-2,0,0
830991,MJ-2250,RE,4,0,0
830994,DJ-1325,MD,18,1,0
830996,DJ-1325,MD,3,0,0
831005,TJ-2275,MD,6,1,0
831007,CA-0750,RT,3,0,0
831010,CA-0750,LT,1,0,0
831021,DJ-1325,MD,4,0,0
831023,CK-0825,RE,12,1,0
831024,DJ-1325,LE,1,0,0
831029,KJ-0587,MD,4,1,0
831030,KJ-0587,RT,0,0,0
831044,KJ-0587,MD,3,1,0
831045,KJ-0587,MD,6,1,0
831047,KJ-0587,MD,3,1,0
831048,CA-0750,MD,9,1,0
831049,CA-0750,MD,-2,0,0
831050,CA-0750,MD,7,1,0
831057,KM-3500,MD,9,1,0
831058,DJ-1325,MD,10,1,0
831059,DJ-1325,RE,3,0,0
831071,DJ-1325,MD,7,1,0
831075,KM-3500,RE,-2,0,0
831080,KJ-0587,MD,9,1,0
831081,KJ-0587,MD,4,1,0
831084,KJ-0587,MD,3,0,0
831091,DJ-1325,MD,5,1,0
831094,DJ-1325,MD,3,0,0
831107,EE-0250,RT,2,0,0
831110,EE-0250,RT,5,0,0
831114,SB-0212,MD,59,1,0
831117,SB-0212,RT,7,1,0
831118,SB-0212,MD,-2,0,0
831122,EE-0250,LT,6,1,0
831128,EE-0250,RT,0,0,0
831130,TP-1650,RT,3,0,0
831136,EM-0200,MD,6,1,0
831137,SB-0212,LE,6,1,0
831142,TP-1650,MD,2,0,0
831144,TP-1650,RT,2,0,0
831147,EE-0250,LT,4,1,0
831155,SB-0212,MD,3,0,0
831163,DP-2037,RE,6,1,0
831167,EE-0250,RT,5,1,0
831170,TP-1650,MD,2,0,0
831173,DP-2037,LT,8,1,0
831174,EE-0250,LT,4,1,0
831190,EP-0350,MD,2,0,0
831194,SB-0212,RG,11,1,0
831195,SB-0212,MD,1,0,0
831201,EE-0250,RT,5,1,0
831206,SB-0212,LG,7,1,0
831210,SB-0212,RT,4,1,0
831212,EP-0350,MD,1,0,0
831214,EE-0250,LG,1,0,0
831215,EE-0250,LE,1,0,0
831217,EE-0250,RT,8,1,0
831218,EE-0250,RT,2,1,0
831220,EE-0250,LT,10,1,0
831225,SB-0212,LT,11,1,0
831231,TP-1650,LE,5,1,0
831233,TP-1650,MD,2,0,0
831234,TP-1650,RT,3,0,0
831244,TP-1650,RG,2,0,0
831246,TP-1650,LE,-3,0,0
831247,TP-1650,MD,6,0,0
831249,SB-0212,MD,13,1,0
831252,WG-0050,LT,15,1,0
831254,WG-0050,MD,2,1,0
831257,TP-1650,LT,1,0,0
831258,TP-1650,LG,2,0,0
831259,TP-1650,RE,-3,0,0
831265,DJ-2275,RE,5,0,0
831266,DP-2037,NL,-1,0,1
831267,DP-2037,NL,-1,0,1
831269,PB-0125,MD,3,0,0
831273,TC-2050,RG,1,0,0
831275,TC-2050,MD,5,1,0
831281,PB-0125,MD,1,0,0
831284,PB-0125,LT,14,1,0
831285,PB-0125,LG,0,0,0
831289,RJ-2250,MD,3,0,0
831293,TC-2050,RT,12,1,0
831296,TC-2050,RT,-1,0,0
831298,RJ-2250,RG,6,1,0
831299,RJ-2250,MD,-1,0,0
831302,PB-0125,MD,3,0,0
831304,JW-5650,MD,5,1,0
831307,PB-0125,RG,2,0,0
831311,RJ-2250,MD,-1,0,0
831315,MB-3537,LE,0,0,0
831316,MB-3537,RE,-2,0,0
831318,MB-3537,MD,1,0,0
831324,MB-3537,MD,3,0,0
831325,MB-3537,LT,4,0,0
831326,TC-2050,RT,1,0,0
831329,RM-5050,RG,0,0,0
831331,RM-5050,RE,3,0,0
831339,TC-2050,RE,5,1,0
831340,RM-5050,LE,4,1,0
831345,JW-5650,NL,-1,0,1
831347,MB-3537,LG,2,0,0
831350,RM-5050,MD,0,0,0
831353,MB-3537,RT,1,0,0
831357,JW-5650,MD,0,0,0
831364,JW-5650,LE,5,1,0
831365,PB-0125,RG,5,1,0
831369,PB-0125,MD,5,1,0
831370,RJ-2250,MD,11,1,0
831374,MB-3537,MD,10,1,0
831375,MB-3537,RT,13,1,0
831376,RM-5050,LE,8,1,0
831377,RM-5050,MD,5,1,0
831379,MB-3537,LE,0,0,0
831382,RJ-2250,MD,11,1,0
831383,RJ-2250,MD,9,1,0
831384,RJ-2250,MD,2,1,0
831385,RJ-2250,LT,7,1,0
831388,JW-5650,MD,4,0,0
831392,MB-3537,MD,3,1,0
831394,MB-3537,LG,1,1,0
831396,MB-3537,MD,0,0,0
831397,MB-3537,MD,1,0,0
831399,RM-5050,MD,0,0,0
831401,RJ-2250,MD,9,1,0
831403,RJ-2250,MD,16,1,0
831404,RJ-2250,LT,5,1,0
831405,RJ-2250,MD,-2,0,0
831412,RM-5050,LE,18,1,0
831413,MB-3537,MD,0,0,0
831414,RM-5050,LE,2,0,0
831429,JG-0650,NL,-1,0,1
831430,JG-0650,NL,-1,0,1
831432,SM-2625,LG,-1,0,0
831433,BB-2250,RE,7,1,0
831434,JW-2550,RE,9,1,0
831435,SM-2625,LT,3,0,0
831436,SM-2625,RE,-3,0,0
831439,JC-4075,RG,4,1,0
831442,JC-4075,RT,3,1,0
831443,JC-4075,LG,2,0,0
831444,JS-0280,LT,2,0,0
831450,JW-2550,MD,8,1,0
831451,JW-2550,RG,7,0,0
831457,JS-0280,LG,2,0,0
831465,SM-2625,RG,5,1,0
831466,SM-2625,RG,2,1,0
831468,SM-2625,RG,1,1,0
831470,SM-2625,MD,1,1,0
831478,JC-4075,MD,0,0,0
831480,SM-2625,MD,3,0,0
831485,JC-4075,LE,5,1,0
831486,JC-4075,MD,4,1,0
831487,JC-4075,LE,-4,0,0
831489,RB-4670,LG,4,1,0
831490,RB-4670,MD,3,0,0
831513,JC-4075,MD,4,1,0
831521,BR-1100,RT,7,1,0
831524,JC-4075,RE,3,1,0
831529,SM-2625,RT,-3,0,0
831545,RB-4670,RE,11,1,0
831546,RB-4670,RG,11,1,0
831547,RB-4670,MD,3,0,0
831548,RB-4670,LT,2,0,0
831560,SM-2625,RG,3,1,0
831561,JE-0100,LE,8,1,0
831562,SM-2625,MD,0,0,0
831563,SM-2625,LE,4,0,0
831568,SM-2625,RE,4,1,0
831569,RB-4670,MD,6,1,0
831570,RB-4670,RT,4,1,0
831576,JC-4075,RE,0,0,0
831583,SM-2625,MD,0,0,0
831584,SM-2625,LE,-5,0,0
831585,JW-2550,MD,2,0,0
831597,CH-5000,RG,9,1,0
831598,CH-5000,LG,4,1,0
831610,DJ-1850,LG,11,1,0
831615,AK-0050,LT,7,1,0
831618,AK-0050,LE,1,0,0
831621,LM-1850,LG,5,1,0
831624,CH-5000,RE,7,1,0
831627,DJ-1850,LT,1,0,0
831630,DW-1725,LE,21,1,0
831637,AK-0050,LG,5,1,0
831638,AK-0050,RG,2,0,0
831640,AK-0050,LT,1,0,0
831646,DJ-1850,LT,1,0,0
831652,CH-5000,LT,20,1,0
831653,CH-5000,LG,1,0,0
831654,DW-1725,MD,1,0,0
831656,DJ-1850,LG,4,1,0
831658,DW-1725,LG,0,0,0
831662,CH-5000,RE,5,1,0
831676,LM-1850,LT,1,0,0
831679,LM-1850,LG,30,1,0
831682,CH-5000,LE,13,1,0
831684,DJ-1850,LT,2,0,0
831686,CH-5000,LT,0,0,0
831688,DW-1725,RE,18,1,0
831689,CH-5000,LT,6,1,0
831696,LM-1850,RG,4,1,0
831697,TH-1625,LE,2,0,0
831701,AK-0050,RT,8,1,0
831703,TH-1625,LE,6,1,0
831708,DJ-1850,LT,2,0,0
831711,AK-0050,LE,26,1,0
831718,CH-5000,RG,18,1,0
831725,AK-0050,RT,28,1,0
831726,LM-1850,RT,-1,0,0
831728,AK-0050,LG,6,0,0
831730,DJ-1850,LG,4,1,0
831734,DJ-1850,RE,32,1,0
831736,DJ-1850,LG,0,0,0
831739,AK-0050,LE,2,0,0
831742,AK-0050,RG,11,1,0
831743,LM-1850,RT,4,1,0
831744,AK-0050,LE,-5,0,0
831745,AK-0050,LT,5,0,0
831760,JJ-0587,RG,4,1,0
831761,JJ-0587,LG,2,0,0
831764,JJ-0587,MD,5,1,0
831768,JJ-0587,MD,6,1,0
831769,JJ-0587,MD,2,0,0
831773,NF-0175,RE,-5,0,0
831777,JJ-0587,RT,3,0,0
831787,PL-0275,RT,0,0,0
831788,RF-1400,RE,4,0,0
831790,RF-1400,LT,2,0,0
831793,PL-0275,LT,3,0,0
831800,JJ-0587,LT,6,1,0
831802,JJ-0587,MD,5,1,0
831803,JJ-0587,LE,-2,0,0
831806,JJ-0587,MD,2,0,0
831808,JJ-0587,MD,3,1,0
831810,DC-0725,MD,3,0,0
831812,JJ-0587,RG,2,1,0
831815,PL-0275,LT,8,1,0
831816,PL-0275,MD,3,1,0
831831,PL-0275,RT,2,0,0
831833,PL-0275,LT,9,1,0
831836,RF-1400,RT,4,1,0
831837,RF-1400,RG,5,1,0
831838,PL-0275,LE,7,1,0
831839,RF-1400,LE,0,0,0
831844,JJ-0587,MD,0,0,0
831846,JR-2075,MD,3,0,0
831848,PL-0275,RE,8,1,0
831851,RF-1400,MD,4,1,0
831852,RF-1400,RG,7,1,0
831853,RF-1400,RT,26,1,0
831854,PL-0275,MD,5,1,0
831855,PL-0275,RT,0,0,0
831861,JJ-0587,MD,11,1,0
831863,DW-1350,LT,7,1,0
831867,PL-0275,RT,-2,0,0
831871,JJ-0587,RE,-1,0,0
831874,JJ-0587,MD,4,1,0
831877,RF-1400,LT,0,0,0
831879,RF-1400,RT,4,0,0
831884,JJ-0587,LG,8,1,0
831885,JJ-0587,LG,4,1,0
831886,JJ-0587,MD,2,0,0
831887,JJ-0587,MD,4,1,0
831888,JJ-0587,RG,1,0,0
831897,JF-1900,MD,1,1,0
831901,DW-1350,MD,1,0,0
831902,JJ-0587,LG,1,0,0
831904,JJ-0587,RG,13,1,0
831905,DC-0725,NL,-1,0,1
831908,PB-0125,LE,-4,0,0
831913,CM-1225,RE,10,1,0
831914,CM-1225,RT,3,0,0
831917,CM-1225,MD,6,1,0
831918,CM-1225,MD,-3,0,0
831920,CN-0500,RE,0,0,0
831921,PB-0125,RG,2,0,0
831923,PB-0125,LG,6,1,0
831924,PB-0125,MD,2,0,0
831932,CM-1225,RT,2,0,0
831937,RJ-2250,LG,2,0,0
831942,CM-1225,RT,5,1,0
831944,CM-1225,LG,3,1,0
831946,CM-1225,RE,1,0,0
831948,CM-1225,RG,5,0,0
831952,RJ-2250,MD,-2,0,0
831964,PB-0125,RT,7,1,0
831965,PB-0125,LT,6,1,0
831972,CS-0050,LG,2,0,0
831976,PB-0125,RT,5,1,0
831977,PB-0125,MD,1,0,0
831989,CM-1225,LG,-2,0,0
831997,PB-0125,RG,1,0,0
831999,PB-0125,RT,0,0,0
832002,CM-1225,MD,0,0,0
832004,CM-1225,RE,0,0,0
832009,RJ-2250,RT,-3,0,0
832012,RJ-2250,RG,12,1,0
832013,PB-0125,RG,2,0,0
832014,JW-5650,RE,9,1,0
832015,PB-0125,MD,16,1,0
832021,CM-1225,MD,3,0,0
832022,CN-0500,MD,0,0,0
832023,PB-0125,RG,13,1,0
832024,PB-0125,RT,1,0,0
832027,PB-0125,MD,-3,0,0
832038,PB-0125,LE,-2,0,0
832042,CM-1225,LG,4,1,0
832043,CM-1225,RG,0,0,0
832053,PB-0125,MD,3,1,0
832054,PB-0125,MD,12,1,0
832055,PB-0125,RT,2,0,0
832056,PB-0125,LG,0,0,0
832058,PB-0125,LG,7,1,0
832060,PB-0125,RT,1,0,0
832061,PB-0125,LG,4,0,0
832076,CM-1225,LE,0,0,0
832077,JW-5650,MD,2,0,0
832078,JW-5650,NL,-1,0,1
832079,JW-5650,NL,-1,0,1
832081,KM-3500,RE,7,1,0
832082,DJ-1325,LG,3,1,0
832088,MI-0100,RG,1,0,0
832090,LJ-0150,LE,19,1,0
832097,DJ-1325,RG,2,0,0
832098,KM-3500,MD,0,0,0
832100,MI-0100,MD,2,0,0
832102,LJ-0150,LG,-1,0,0
832107,DJ-1325,RG,2,0,0
832115,MI-0100,RG,16,1,0
832116,LJ-0150,LE,16,1,0
832117,MI-0100,MD,-1,0,0
832129,KM-3500,RE,-3,0,0
832131,CE-0175,LG,2,0,0
832137,LJ-0150,RE,6,1,0
832139,LJ-0150,MD,5,1,0
832140,LJ-0150,LE,18,1,0
832143,LJ-0150,RG,1,0,0
832148,DJ-1325,RT,4,1,0
832155,MI-0100,RG,2,0,0
832159,LJ-0150,MD,0,0,0
832168,LJ-0150,MD,11,1,0
832171,DJ-1325,RG,3,0,0
832173,DJ-1325,RG,-1,0,0
832183,MI-0100,LG,1,0,0
832186,MI-0100,RG,3,0,0
832191,LJ-0150,RE,9,1,0
832193,MI-0100,LG,3,0,0
832199,LJ-0150,MD,19,0,0
832207,DJ-1325,MD,1,1,0
832210,MI-0100,RG,2,0,0
832213,JH-4085,LG,4,1,0
832214,LJ-0150,LE,10,1,0
832225,LJ-0150,LE,14,1,0
832226,GE-0150,LG,4,1,0
832227,MI-0100,MD,7,1,0
832228,MI-0100,RG,-1,0,0
832238,LJ-0150,MD,-5,0,0
832239,GE-0150,LG,4,0,0
832242,GE-0150,LG,3,0,0
832243,MI-0100,LG,11,1,0
832244,MI-0100,LG,1,1,0
832245,LJ-0150,NL,-1,0,1
832246,LJ-0150,NL,-1,0,1
832248,SB-0212,LG,6,1,0
832249,BF-0950,RE,20,1,0
832250,SB-0212,LE,14,1,0
832251,SB-0212,MD,8,1,0
832252,SB-0212,RE,27,1,0
832255,FG-0200,RG,4,1,0
832259,SB-0212,LG,5,1,0
832264,FG-0200,LE,4,1,0
832266,JA-1087,RE,5,1,0
832267,FG-0200,LE,1,0,0
832271,FG-0200,LG,8,1,0
832272,JA-1087,RT,5,1,0
832273,JA-1087,RE,6,1,0
832276,SB-0212,LT,1,0,0
832284,FG-0200,RG,9,1,0
832285,DS-2177,LG,0,0,0
832291,DS-2177,LE,14,1,0
832295,SB-0212,RG,1,0,0
832299,PD-0700,RG,1,0,0
832302,FG-0200,RG,4,1,0
832309,SB-0212,RE,1,0,0
832314,EM-0200,MD,2,1,0
832315,SB-0212,MD,6,1,0
832323,JA-1087,LE,-2,0,0
832330,JA-1087,NL,-1,0,1
832331,JA-1087,NL,-1,0,1
832333,DS-2177,RT,3,0,0
832337,SB-0212,LG,3,0,0
832342,SB-0212,MD,4,1,0
832349,FG-0200,MD,8,1,0
832351,FG-0200,RT,2,0,0
832355,SB-0212,MD,-1,0,0
832364,SB-0212,RE,1,0,0
832367,SB-0212,RT,5,1,0
832369,SB-0212,RT,10,1,0
832371,SB-0212,RG,2,0,0
832374,SB-0212,RG,2,0,0
832379,DS-2177,RT,16,1,0
832381,JA-1087,MD,9,1,0
832382,FG-0200,LT,4,1,0
832383,IM-0125,RE,4,1,0
832386,DS-2177,LE,20,1,0
832387,FG-0200,RG,0,0,0
832391,FG-0200,RE,1,1,0
832392,FG-0200,LG,1,1,0
832397,SB-0212,RG,12,1,0
832402,FG-0200,LG,0,0,0
832404,DS-2177,LE,4,0,0
832405,FG-0200,LE,3,0,0
832412,FG-0200,RG,3,0,0
832413,FG-0200,LG,9,1,0
832414,FG-0200,MD,3,1,0
832415,FG-0200,RT,6,1,0
832416,FG-0200,RE,-2,0,0
832424,AP-0700,RE,-4,0,0
832428,EE-0250,RG,2,0,0
832438,EE-0250,LG,3,1,0
832439,EE-0250,MD,15,1,0
832443,AP-0700,LE,6,1,0
832444,AP-0700,LG,4,1,0
832446,SS-1537,LE,4,0,0
832447,SS-1537,RE,8,0,0
832449,AP-0700,LE,4,1,0
832450,SS-1537,LT,4,1,0
832452,AP-0700,RT,0,0,0
832453,AP-0700,RT,1,1,0
832456,EE-0250,RT,5,1,0
832460,AP-0700,LE,10,1,0
832461,AP-0700,LE,2,0,0
832465,WS-0650,LG,4,0,0
832469,EE-0250,MD,8,1,0
832470,DP-2037,MD,15,1,0
832471,EE-0250,MD,1,0,0
832482,EE-0250,RG,2,0,0
832485,EE-0250,RE,1,0,0
832487,DP-2037,LE,42,1,0
832488,EE-0250,RG,8,1,0
832489,EE-0250,LG,2,1,0
832491,EE-0250,RE,1,0,0
832497,CK-0250,NL,-1,0,1
832500,EE-0250,MD,13,1,0
832501,EE-0250,RG,6,1,0
832505,TP-1650,RG,0,0,0
832507,EE-0250,LG,2,0,0
832511,AP-0700,RE,0,0,0
832520,CT-1220,MD,1,1,0
832526,TP-1650,LE,9,1,0
832527,TP-1650,MD,3,1,0
832528,RC-1500,LE,7,1,0
832531,TP-1650,RT,10,1,0
832539,AP-0700,LT,2,0,0
832542,CT-1220,RE,2,0,0
832545,EE-0250,MD,2,0,0
832547,EE-0250,MD,3,1,0
832548,EE-0250,RG,-1,0,0
832550,RC-1500,LE,4,1,0
832552,EE-0250,MD,1,0,0
832553,DP-2037,LG,2,1,0
832554,EE-0250,MD,2,1,0
832571,EE-0250,LG,3,1,0
832572,DP-2037,RE,11,1,0
832573,EE-0250,RE,-2,0,0
832574,EE-0250,MD,7,1,0
832575,EE-0250,RE,27,1,0
832576,DP-2037,NL,-1,0,1
832579,DH-2450,RT,-3,0,0
832583,MM-0050,RT,5,1,0
832588,JB-5725,RE,5,1,0
832592,DH-2450,MD,3,0,0
832598,MM-0050,LG,2,0,0
832602,DH-2450,RT,8,1,0
832604,DH-2450,LT,2,0,0
832607,DH-2450,RG,12,1,0
832608,DH-2450,RG,0,0,0
832614,MM-0050,MD,8,1,0
832617,MM-0050,LE,1,0,0
832618,MM-0050,LE,2,0,0
832619,JB-5725,MD,7,1,0
832621,NH-1237,LE,5,0,0
832624,MM-0050,LG,10,1,0
832625,JW-3325,LE,15,1,0
832626,MM-0050,LG,0,0,0
832631,DL-1700,LT,4,1,0
832632,MM-0912,MD,3,0,0
832637,MM-0050,LG,3,0,0
832638,MM-0050,MD,1,0,0
832650,NH-1237,MD,4,1,0
832655,MM-0050,RE,1,0,0
832656,JB-5725,RE,2,0,0
832659,MM-0912,RE,7,1,0
832660,DH-2450,MD,5,1,0
832663,DH-2450,MD,1,1,0
832667,MM-0050,LE,5,1,0
832668,JW-3325,LG,4,1,0
832669,JW-3325,LG,5,1,0
832670,JB-5725,MD,4,1,0
832672,MM-0050,MD,-2,0,0
832674,DH-2450,RG,12,1,0
832677,MM-0912,RE,7,0,0
832681,MM-0050,MD,9,1,0
832682,MM-0050,LG,1,1,0
832684,JW-3325,MD,3,0,0
832688,DH-2450,RT,11,1,0
832689,DH-2450,RT,6,1,0
832690,DH-2450,MD,18,1,0
832691,DL-1700,LG,2,0,0
832693,DH-2450,RT,0,0,0
832694,MM-0912,RE,0,0,0
832696,DH-2450,RE,4,1,0
832697,AH-3862,RE,1,0,0
832701,MM-0050,LE,0,0,0
832704,DH-2450,RG,2,0,0
832705,DL-1700,LT,3,0,0
832709,MM-0050,MD,7,1,0
832710,JW-3325,RG,55,1,0
832720,MM-0050,LG,-3,0,0
832722,JB-5725,RE,7,0,0
832723,JB-5725,MD,1,1,0
832724,MM-0050,MD,1,0,0
832725,MM-0050,RG,0,0,0
832726,MM-0050,MD,0,0,0
832729,MM-0912,RG,15,1,0
832734,JB-5725,NL,-1,0,1
832736,LF-0650,LG,3,0,0
832738,LF-0650,MD,1,0,0
832742,CH-5000,LT,6,1,0
832746,GM-1350,MD,3,0,0
832747,LF-0650,LT,2,0,0
832751,CH-5000,LT,6,1,0
832753,CH-5000,RG,7,1,0
832756,DJ-1850,MD,8,1,0
832759,CH-5000,RG,4,1,0
832762,DJ-1850,LG,5,0,0
832766,LF-0650,RG,1,0,0
832768,GM-1350,RE,21,1,0
832770,GM-1350,MD,2,0,0
832774,CH-5000,RG,3,0,0
832778,LF-0650,RG,2,0,0
832782,CH-5000,LG,0,0,0
832787,LF-0650,LE,10,1,0
832789,LF-0650,LG,4,1,0
832794,LF-0650,MD,14,1,0
832798,CH-5000,LG,14,1,0
832803,CH-5000,RE,5,1,0
832806,DW-1725,RT,4,1,0
832813,CH-5000,LG,3,1,0
832815,DW-1725,MD,0,0,0
832816,DJ-1850,LG,19,0,0
832818,LF-0650,LE,1,0,0
832820,LF-0650,MD,2,0,0
832825,CH-5000,RG,5,1,0
832827,CH-5000,RT,3,0,0
832832,LF-0650,LT,2,1,0
832835,GM-1350,MD,8,0,0
832837,CH-5000,MD,8,1,0
832838,CH-5000,RT,1,0,0
832839,CH-5000,MD,5,1,0
832840,CH-5000,LG,7,1,0
832841,DJ-1850,RT,2,1,0
832842,CH-5000,MD,2,1,0
832843,DJ-1850,LE,-4,0,0
832850,CH-5000,MD,8,1,0
832851,CH-5000,LG,1,0,0
832852,DW-1725,MD,2,1,0
832855,LF-0650,LT,0,0,0
832868,CH-5000,MD,1,0,0
832870,CH-5000,MD,1,0,0
832873,DJ-1850,RT,1,0,0
832875,LF-0650,RG,4,1,0
832877,LF-0650,RG,0,0,0
832878,LF-0650,MD,1,1,0
832886,GM-1350,RE,18,1,0
832888,GM-1350,RE,4,1,0
832892,DW-1725,MD,-1,0,0
832895,AE-0550,RT,3,0,0
832898,KJ-0587,LT,2,0,0
832899,KJ-0587,RT,1,0,0
832902,AE-0550,MD,2,0,0
832905,JJ-0575,RT,6,1,0
832908,AE-0550,MD,2,1,0
832910,AE-0550,MD,1,1,0
832914,KJ-0587,RT,4,1,0
832917,KJ-0587,MD,7,1,0
832918,KJ-0587,RT,4,1,0
832924,AE-0550,RT,1,0,0
832927,KJ-0587,LT,9,1,0
832928,KJ-0587,MD,4,1,0
832929,CA-0750,MD,0,0,0
832934,MS-4100,RE,1,0,0
832936,AE-0550,LE,12,1,0
832938,AE-0550,LT,4,0,0
832942,TJ-2275,MD,17,1,0
832943,TJ-2275,RT,1,0,0
832945,TJ-2275,RE,1,0,0
832946,TJ-2275,MD,8,1,0
832947,TJ-2275,MD,3,1,0
832949,KJ-0587,MD,3,1,0
832955,JJ-0575,RT,0,0,0
832959,JM-3475,LE,-2,0,0
832962,JM-3475,RE,4,1,0
832967,AE-0550,MD,2,0,0
832978,MS-4100,MD,8,1,0
832979,KJ-0587,MD,1,0,0
832981,MS-4100,RE,5,1,0
832985,JJ-0575,RE,40,1,0
832986,AE-0550,LE,8,1,0
832991,AE-0550,LT,-2,0,0
832993,KJ-0587,RT,2,0,0
832994,KJ-0587,LT,0,0,0
832996,AE-0550,LT,8,1,0
832999,AE-0550,RE,9,1,0
833000,JJ-0575,RE,2,0,0
833007,AE-0550,RE,5,1,0
833008,AE-0550,RT,2,0,0
833011,AE-0550,RE,4,1,0
833012,AE-0550,LE,5,1,0
833015,KJ-0587,LT,4,1,0
833018,CA-0750,LT,7,1,0
833019,CA-0750,RT,-3,0,0
833027,PR-0300,MD,12,1,0
833029,JJ-0575,LT,13,1,0
833030,JJ-0575,MD,2,0,0
833032,AE-0550,LE,0,0,0
833035,JJ-0575,RE,-4,0,0
833039,CA-0750,MD,1,0,0
833040,CA-0750,RT,3,0,0
833042,MS-4100,NL,-1,0,1
833045,AJ-1143,LE,6,1,0
833046,AJ-1143,RE,15,1,0
833051,DC-3550,LE,3,0,0
833052,DC-3550,RE,10,1,0
833054,AM-0825,RE,0,0,0
833059,AJ-1143,RE,-2,0,0
833061,AJ-1143,LE,1,0,0
833062,JW-3650,RG,4,0,0
833064,AJ-1143,RT,0,0,0
833072,DC-3550,RE,0,0,0
833073,DC-3550,LT,3,0,0
833074,KC-2350,LE,11,1,0
833077,AJ-1143,LG,9,1,0
833079,AJ-1143,RG,2,1,0
833083,DC-3550,LT,75,1,0
833086,JW-3650,LE,10,1,0
833088,JW-3650,LE,4,1,0
833091,DC-3550,RG,2,0,0
833094,AJ-1143,LG,5,1,0
833095,AJ-1143,RE,4,1,0
833096,AJ-1143,RE,0,0,0
833098,DC-3550,LT,5,1,0
833099,DC-3550,RE,3,1,0
833102,AJ-1143,RT,6,1,0
833114,AJ-1143,LG,8,1,0
833115,AJ-1143,LT,4,1,0
833116,AJ-1143,MD,5,1,0
833118,JW-3650,LT,-2,0,0
833119,DC-3550,RE,4,1,0
833122,DC-3550,RE,0,0,0
833132,AA-0025,RT,2,0,0
833134,DC-3550,RE,-2,0,0
833138,AJ-1143,LE,9,1,0
833139,AJ-1143,LE,-1,0,0
833142,JW-3650,RE,3,0,0
833144,AR-1300,MD,0,0,0
833147,DC-3550,LG,7,0,0
833151,AJ-1143,MD,11,1,0
833152,AJ-1143,RE,9,1,0
833153,JW-3650,RG,2,1,0
833154,JW-3650,LE,3,0,0
833161,DC-3550,RT,3,0,0
833162,DC-3550,LG,9,1,0
833170,AJ-1143,RT,4,0,0
833173,DC-3550,MD,8,1,0
833174,DC-3550,LE,5,1,0
833185,DC-3550,LE,5,1,0
833186,AM-0825,RT,10,1,0
833187,AM-0825,RT,1,0,0
833188,KC-2350,LE,6,1,0
833190,DC-3550,MD,8,1,0
833191,DC-3550,MD,3,1,0
833192,AM-0825,LE,14,1,0
833198,DC-3550,LE,3,0,0
833202,AJ-1143,LG,2,0,0
833203,AJ-1143,RE,13,1,0
833204,AJ-1143,RE,4,1,0
833206,AJ-1143,MD,2,0,0
833207,JW-3650,RG,1,0,0
833208,JW-3650,LE,3,0,0
833213,KB-0150,LG,1,0,0
833214,JG-2950,LT,-4,0,0
833217,SM-2625,RG,3,0,0
833219,JE-0100,LE,1,0,0
833221,SM-2625,LG,10,1,0
833223,SM-2625,RG,4,1,0
833224,SM-2625,MD,1,0,0
833226,JD-1650,MD,1,1,0
833227,SM-2625,LG,1,1,0
833231,KB-0150,RT,3,0,0
833233,KB-0150,LT,2,1,0
833234,KB-0150,RG,0,0,0
833240,SM-2625,RT,7,1,0
833241,SM-2625,MD,2,0,0
833243,SM-2625,MD,3,0,0
833245,KD-1462,LT,-1,0,0
833246,KD-1462,RE,1,0,0
833247,KD-1462,LG,9,0,0
833249,SM-2625,LE,6,1,0
833253,AB-3500,RE,5,1,0
833254,SM-2625,RG,4,1,0
833265,SM-2625,LG,4,1,0
833266,SM-2625,MD,5,1,0
833267,SM-2625,MD,4,1,0
833268,RB-4670,LE,9,1,0
833269,RB-4670,MD,0,0,0
833270,JD-1650,MD,2,1,0
833275,KD-1462,RT,3,0,0
833277,KD-1462,RT,4,0,0
833279,TB-2300,NL,0,0,1
833282,SM-2625,RE,1,0,0
833283,SM-2625,RT,2,0,0
833295,SM-2625,MD,3,0,0
833301,KD-1462,LE,3,0,0
833304,SM-2625,MD,3,0,0
833305,SM-2625,RT,12,1,0
833307,RB-4670,RT,12,1,0
833310,SM-2625,RE,3,1,0
833311,SM-2625,RG,3,1,0
833314,TB-2300,MD,1,1,0
833321,JW-2550,RG,5,1,0
833323,JW-2550,MD,4,1,0
833324,JW-2550,MD,1,0,0
833329,RF-0500,MD,6,1,0
833351,SM-2625,LT,4,0,0
833358,RB-4670,MD,0,0,0
833359,RB-4670,RT,0,0,0
833363,MW-0650,RG,3,0,0
833364,MW-0650,RG,6,1,0
833365,MW-0650,LT,6,1,0
833375,AD-0100,MD,0,0,0
833378,MB-3537,LG,6,1,0
833379,DS-0150,RE,2,0,0
833385,JM-5275,RT,0,0,0
833389,JM-5275,RG,2,0,0
833390,JM-5275,MD,2,1,0
833391,JM-5275,MD,0,0,0
833397,RM-5050,RG,3,0,0
833398,JG-0650,MD,1,0,0
833399,JG-0650,MD,9,1,0
833400,MB-3537,RG,12,1,0
833401,MB-3537,RT,6,1,0
833405,JM-5275,RG,-2,0,0
833407,JM-5275,LE,4,1,0
833409,GB-0350,LG,-3,0,0
833420,AD-0100,MD,2,0,0
833422,MB-3537,MD,4,1,0
833423,MB-3537,LG,5,1,0
833424,MB-3537,LT,34,1,0
833426,JW-4975,RG,4,1,0
833427,JW-4975,LT,2,1,0
833431,GB-0350,LG,2,1,0
833434,GB-0350,RG,1,0,0
833437,GB-0350,LG,5,0,0
833442,RM-5050,RT,1,0,0
833447,JM-5275,RG,9,1,0
833451,JM-5275,LE,-2,0,0
833462,RM-5050,LT,5,0,0
833471,MB-3537,LE,6,1,0
833472,MB-3537,LE,15,1,0
833473,RM-5050,RE,9,1,0
833475,RM-5050,MD,1,0,0
833480,JM-5275,LG,3,1,0
833481,JM-5275,LG,3,1,0
833486,MB-3537,LE,7,1,0
833487,MB-3537,RT,18,1,0
833488,RM-5050,LE,1,0,0
833491,MB-3537,LG,-4,0,0
833492,MB-3537,LE,12,1,0
833501,RM-5050,LE,6,1,0
833502,RM-5050,LG,7,1,0
833503,RM-5050,RE,20,1,0
833504,JW-4975,LG,9,1,0
833505,JW-4975,RG,4,1,0
833508,JM-5275,LT,-2,0,0
833512,RM-5050,LG,3,1,0
833513,RM-5050,RE,11,1,0
833514,JW-4975,LG,14,1,0
833515,JW-4975,LT,1,0,0
833516,RM-5050,LG,6,1,0
833517,RM-5050,LT,10,1,0
833518,JW-4975,RE,-6,0,0
833519,JW-4975,RG,0,0,0
833526,GB-0350,LG,0,0,0
833530,GB-0350,LE,1,0,0
833533,JW-4975,RG,3,1,0
833534,DS-0150,LE,5,1,0
833535,JW-4975,RG,3,0,0
833536,KJ-1400,LE,6,0,0
833544,JG-0650,NL,-1,0,1
833545,JG-0650,NL,-1,0,1
833548,JC-4075,RT,0,0,0
833553,CC-0750,LG,2,0,0
833560,CC-0750,MD,1,0,0
833561,CC-0750,RE,21,1,0
833565,RP-0550,LG,3,0,0
833572,BS-2950,LG,23,1,0
833573,JC-4075,LT,1,0,0
833577,CC-0750,RT,16,1,0
833579,CC-0750,MD,2,0,0
833580,JC-4075,RG,0,0,0
833584,JC-4075,RG,1,1,0
833588,CC-0750,MD,2,1,0
833590,CC-0750,LG,0,0,0
833594,RP-0550,MD,7,1,0
833595,RP-0550,RG,5,1,0
833596,RP-0550,MD,4,1,0
833597,RP-0550,RG,-2,0,0
833602,JC-4075,RT,3,0,0
833603,JC-4075,RG,1,0,0
833614,JC-4075,MD,6,1,0
833620,CP-2550,RG,2,0,0
833625,CP-2550,MD,5,1,0
833633,CC-0750,RG,0,0,0
833636,JC-4075,RT,2,0,0
833639,CC-0750,MD,-2,0,0
833641,CC-0750,LG,0,0,0
833648,JC-4075,MD,14,1,0
833650,JC-4075,MD,0,0,0
833657,CC-0750,MD,5,1,0
833660,RP-0550,MD,3,1,0
833661,RP-0550,RG,37,1,0
833670,JC-4075,MD,5,1,0
833672,MR-2350,RT,7,1,0
833673,JS-0280,LE,7,1,0
833674,JS-0280,LG,4,1,0
833682,CC-0750,RG,5,0,0
833684,CC-0750,RT,4,1,0
833685,CC-0750,MD,3,1,0
833689,JS-0280,RT,7,1,0
833695,RW-3850,MD,0,0,0
833702,RP-0550,MD,1,0,0
833703,RW-3850,MD,10,1,0
833704,RP-0550,MD,3,1,0
833706,RP-0550,LG,1,0,0
833707,RW-3850,LG,15,0,0
833708,CC-0750,MD,2,1,0
833709,RW-3850,NL,-1,0,1
833710,RW-3850,NL,-1,0,1
833711,RW-3850,NL,-1,0,1
833713,JJ-0587,RG,7,1,0
833720,JJ-0587,LG,8,1,0
833721,JJ-0587,LT,1,0,0
833722,JJ-0587,RG,0,0,0
833725,DW-3125,RG,4,1,0
833729,DW-3125,RE,-4,0,0
833732,JJ-0587,LE,4,1,0
833744,LM-1000,LT,-1,0,0
833749,DW-1350,LG,2,0,0
833754,DW-3125,RE,5,1,0
833758,JJ-0587,RT,12,1,0
833760,JJ-0587,LG,-1,0,0
833762,DC-0725,LE,10,0,0
833767,LM-1000,RE,6,1,0
833771,LM-1000,RT,1,0,0
833788,DW-3125,MD,-1,0,0
833791,LM-1000,LE,3,0,0
833798,JR-2075,RE,0,0,0
833811,DW-3125,MD,4,1,0
833815,LM-1000,RT,-1,0,0
833818,JJ-0587,RT,51,1,0
833819,JJ-0587,MD,3,0,0
833822,JJ-0587,RG,6,1,0
833825,DW-3125,MD,1,0,0
833828,DW-3125,MD,-4,0,0
833832,JJ-0587,RT,8,1,0
833834,DW-1350,MD,4,1,0
833836,DW-1350,LT,3,0,0
833839,DW-3125,LE,1,1,0
833840,DW-3125,LT,2,0,0
833843,LM-1000,MD,-1,0,0
833846,JJ-0587,LE,0,0,0
833851,LM-1000,RG,1,0,0
833861,DC-0725,MD,8,1,0
833862,JR-2075,MD,3,0,0
833866,LM-1000,MD,6,1,0
833868,LM-1000,MD,3,1,0
833869,LM-1000,LE,3,0,0
833872,LM-1000,LG,3,1,0
833876,DT-1231,MD,1,0,0
833877,PM-0025,NL,-1,0,1
833880,PL-0275,MD,3,1,0
833883,PL-0275,RT,2,1,0
833886,RF-1400,MD,3,0,0
833890,DM-2787,RG,0,0,0
833891,TC-1975,MD,1,0,0
833895,PL-0275,MD,2,0,0
833896,PL-0275,LT,3,0,0
833899,DM-2787,MD,3,0,0
833901,CP-0750,RE,4,1,0
833904,DM-2787,LT,7,1,0
833905,DM-2787,MD,9,1,0
833906,MD-0150,RT,-1,0,0
833907,TC-1975,MD,3,0,0
833909,DM-2787,LG,1,0,0
833911,DM-2787,RG,1,0,0
833914,RF-1400,MD,12,1,0
833918,PL-0275,LE,0,0,0
833919,RF-1400,MD,2,0,0
833922,DM-2787,RT,4,1,0
833923,TC-1975,MD,9,1,0
833927,DM-2787,MD,5,1,0
833929,MT-1800,LE,8,1,0
833930,MD-0150,MD,0,0,0
833934,PL-0275,LE,3,1,0
833937,RF-1400,LT,4,1,0
833945,TC-1975,MD,5,1,0
833949,RF-1400,MD,1,0,0
833950,RF-1400,MD,6,0,0
833956,DM-2787,LG,7,0,0
833963,PL-0275,RT,9,1,0
833964,PL-0275,LT,2,1,0
833969,RF-1400,RE,-3,0,0
833970,PL-0275,LT,1,0,0
833973,DM-2787,RG,12,1,0
833974,CP-0750,LE,46,1,0
833975,DM-2787,RG,3,0,0
833976,TG-0025,LE,14,1,0
833977,DM-2787,MD,3,1,0
833978,DM-2787,MD,0,0,0
833980,DM-2787,MD,-1,0,0
833981,DM-2787,MD,1,0,0
833982,DM-2787,MD,1,1,0
833988,PL-0275,LT,7,1,0
833989,RF-1400,LT,6,1,0
833997,MD-0150,LT,2,0,0
834001,PL-0275,RT,2,0,0
834004,RF-1400,LT,3,0,0
834006,PL-0275,LT,2,0,0
834011,RF-1400,RT,14,1,0
834012,RF-1400,RT,6,1,0
834014,PL-0275,MD,0,0,0
834017,DM-2787,MD,4,1,0
834019,DM-2787,MD,2,0,0
834046,AK-0050,MD,2,0,0
834047,LM-1850,RG,2,0,0
834049,LM-1850,RG,4,1,0
834054,TG-1950,MD,4,1,0
834058,GE-0400,LE,0,0,0
834063,LM-1850,RG,-3,0,0
834066,RW-4050,RE,9,1,0
834068,TG-1950,MD,2,1,0
834069,TG-1950,RE,1,0,0
834071,TG-1950,RT,3,0,0
834074,AK-0050,MD,4,1,0
834077,AK-0050,MD,-6,0,0
834087,TB-2650,RE,4,1,0
834088,LM-1850,RT,4,1,0
834091,AK-0050,RG,4,1,0
834096,MB-3862,LE,0,0,0
834099,BC-2325,LE,2,0,0
834101,CK-1300,RE,6,1,0
834106,MB-3862,LE,13,1,0
834109,AK-0050,RT,4,1,0
834111,LM-1850,RT,0,0,0
834114,AK-0050,RT,0,0,0
834115,TG-1950,RE,20,1,0
834116,TG-1950,LE,3,0,0
834118,TG-1950,RE,4,1,0
834131,AK-0050,MD,5,1,0
834133,AK-0050,LT,5,1,0
834135,AK-0050,MD,3,0,0
834137,TB-2650,LE,1,0,0
834141,TG-1950,LE,3,0,0
834147,TG-1950,MD,2,1,0
834149,TG-1950,MD,-1,0,0
834151,TG-1950,LE,4,1,0
834154,AK-0050,RE,4,1,0
834158,MB-3862,LE,12,1,0
834159,MB-3862,RT,2,0,0
834161,MB-3862,LT,2,1,0
834165,AK-0050,LE,12,1,0
834167,AK-0050,LE,2,0,0
834177,MB-3862,RG,8,1,0
834181,JG-1850,MD,1,1,0
834185,AK-0050,RG,6,0,0
834193,TG-1950,LT,0,0,0
834194,TG-1950,LT,9,1,0
834195,TG-1950,LT,6,1,0
834196,TG-1950,RE,1,0,0
834198,TG-1950,LG,2,0,0
834204,JG-1850,NL,-1,0,1
834205,JG-1850,NL,-1,0,1
834206,JG-1850,NL,-1,0,1
834208,DF-1875,RT,3,0,0
834210,DF-1875,LE,6,1,0
834212,DF-1875,LE,9,1,0
834213,IS-0250,LT,2,1,0
834215,DF-1875,RE,-6,0,0
834221,MS-0125,LT,0,0,0
834224,MS-0125,LT,4,0,0
834225,MS-0125,RE,4,0,0
834233,DF-1875,LG,-5,0,0
834238,JH-5575,LG,2,1,0
834239,JH-5575,LT,2,0,0
834242,DF-1875,LG,0,0,0
834246,MS-0125,RG,5,1,0
834247,JH-5575,LG,5,1,0
834248,CW-1425,LE,0,0,0
834252,JH-5575,LT,4,0,0
834259,DF-1875,RG,4,1,0
834269,DF-1875,LG,1,0,0
834279,JH-5575,RT,2,0,0
834292,MS-0125,LG,4,0,0
834300,IS-0250,LT,1,0,0
834304,JH-5575,LG,1,0,0
834306,MS-0125,RT,5,1,0
834313,MR-2500,RE,4,0,0
834314,IS-0250,LG,1,0,0
834316,MS-0125,RG,3,0,0
834318,MS-0125,RE,-2,0,0
834325,DF-1875,LT,2,1,0
834330,IS-0250,LT,28,1,0
834331,DF-1875,RG,4,1,0
834334,JH-5575,RG,-1,0,0
834337,DF-1875,RT,4,1,0
834345,MS-0125,LT,1,0,0
834348,JH-5575,RT,3,0,0
834352,MS-0125,RT,4,1,0
834353,CW-1425,RG,2,1,0
834354,CW-1425,RG,1,1,0
834377,MR-2500,NL,-1,0,1
834379,NC-0175,RG,8,1,0
834380,NC-0175,LT,4,1,0
834384,NC-0175,MD,-2,0,0
834386,NC-0175,MD,-1,0,0
834391,LB-0250,MD,5,1,0
834395,NC-0175,RG,2,0,0
834398,NC-0175,MD,1,0,0
834403,LB-0250,MD,4,1,0
834407,NC-0175,RT,7,1,0
834410,NC-0175,MD,5,0,0
834413,LB-0250,LG,2,0,0
834420,LB-0250,MD,4,0,0
834427,NC-0175,LT,19,1,0
834431,LB-0250,RT,8,1,0
834432,LB-0250,MD,-1,0,0
834433,TM-3150,MD,0,0,0
834436,LB-0250,MD,6,1,0
834437,LB-0250,MD,6,1,0
834438,LB-0250,RT,7,1,0
834439,LB-0250,RE,5,1,0
834440,LB-0250,MD,0,0,0
834443,TM-3150,MD,10,0,0
834446,NC-0175,RE,-2,0,0
834451,DJ-0887,LE,6,0,0
834454,LB-0250,MD,2,0,0
834457,LB-0250,MD,0,0,0
834467,LB-0250,MD,2,0,0
834471,NC-0175,LE,8,1,0
834477,LB-0250,MD,6,0,0
834480,NC-0175,MD,2,0,0
834486,LB-0250,RG,1,0,0
834490,LB-0250,MD,4,1,0
834496,LB-0250,LE,8,1,0
834497,LB-0250,LG,0,0,0
834501,NC-0175,LT,-2,0,0
834507,LB-0250,RG,-1,0,0
834510,NC-0175,LT,15,1,0
834511,NC-0175,MD,0,0,0
834514,NC-0175,RE,1,0,0
834519,LB-0250,RG,0,0,0
834523,NC-0175,LE,-5,0,0
834525,DJ-0887,RG,2,0,0
834528,DJ-0887,RT,0,0,0
834531,NC-0175,MD,2,0,0
834540,TM-3150,MD,15,1,0
