uid,gid,tname,player,posd,poss,snp,percent
137383,5058,GB,BB-3700,RT,RT,64,100
137384,5058,GB,DB-0350,LT,LT,64,100
137385,5058,GB,LT-0150,LG,LG,64,100
137386,5058,GB,BT-1250,RG,RG,64,100
137387,5058,GB,CL-0975,C,C,64,100
137388,5058,GB,AR-1300,QB,QB,64,100
137389,5058,GB,DA-0212,LWR,WR,62,97
137390,5058,GB,MV-0012,RWR,WR,42,66
137391,5058,GB,AJ-1143,RB,RB,38,59
137392,5058,GB,JG-2900,TE,,35,55
137393,5058,GB,ML-1500,TE,TE,34,53
137394,5058,GB,GA-0250,RWR,,32,50
137395,5058,GB,JW-3650,RB,,26,41
137396,5058,GB,RT-1250,TE,,20,31
137397,5058,GB,TD-0737,LWR,,19,30
137398,5058,GB,DV-0550,FB,FB,11,17
137399,5058,GB,JK-2250,LWR,,1,2
137400,5058,GB,AA-0543,FS,S,73,100
137401,5058,GB,DS-0712,SS,S,73,100
137402,5058,GB,BM-0345,LILB,ILB,73,100
137403,5058,GB,TW-2700,RCB,CB,73,100
137404,5058,GB,JA-0475,LCB,CB,73,100
137405,5058,GB,PS-0550,LOLB,OLB,72,99
137406,5058,GB,ZS-0075,ROLB,OLB,67,92
137407,5058,GB,RG-1818,FS,S,56,77
137408,5058,GB,KC-1225,NT,NT,56,77
137409,5058,GB,DL-2325,DE,DE,47,64
137410,5058,GB,KK-0750,RCB,,42,58
137411,5058,GB,TB-3150,LCB,,27,37
137412,5058,GB,KF-0050,LOLB,,23,32
137413,5058,GB,MA-0275,DE,DE,22,30
137414,5058,GB,TL-0275,NT,,14,19
137415,5058,GB,RG-0450,ROLB,,6,8
137416,5058,GB,JJ-0525,LCB,,3,4
137417,5058,GB,FB-0650,DE,,3,4
137418,5058,CHI,BM-0360,RT,RT,73,100
137419,5058,CHI,KL-1350,RG,RG,73,100
137420,5058,CHI,CL-0862,LT,LT,73,100
137421,5058,CHI,CW-1875,LG,LG,73,100
137422,5058,CHI,JD-0075,C,C,73,100
137423,5058,CHI,MT-1800,QB,QB,73,100
137424,5058,CHI,AR-1250,LWR,,70,96
137425,5058,CHI,TG-0025,RWR,,67,92
137426,5058,CHI,TC-1975,RB,RB,51,70
137427,5058,CHI,MD-0150,RB,RB,41,56
137428,5058,CHI,AS-0775,TE,TE,34,47
137429,5058,CHI,DM-2787,RB,RB,28,38
137430,5058,CHI,JW-5475,LWR,,21,29
137431,5058,CHI,CP-0750,RWR,,20,27
137432,5058,CHI,AM-1975,SWR,,16,22
137433,5058,CHI,BB-2712,TE,,10,14
137434,5058,CHI,BS-3050,TE,TE,7,10
137435,5058,CHI,KF-0500,LCB,CB,64,100
137436,5058,CHI,DT-1950,LILB,ILB,64,100
137437,5058,CHI,PA-0300,RCB,CB,64,100
137438,5058,CHI,EJ-0125,S,S,64,100
137439,5058,CHI,RS-2250,RILB,ILB,63,98
137440,5058,CHI,HC-0050,S,S,60,94
137441,5058,CHI,KM-0050,LOLB,OLB,58,91
137442,5058,CHI,LF-0450,ROLB,OLB,55,86
137443,5058,CHI,AH-3050,DT,DT,50,78
137444,5058,CHI,EG-0350,NT,NT,33,52
137445,5058,CHI,BS-2300,LCB,,32,50
137446,5058,CHI,BN-0450,DE,DE,32,50
137447,5058,CHI,RR-0850,DT,,26,41
137448,5058,CHI,NW-0400,NT,,14,22
137449,5058,CHI,AL-1200,ROLB,,8,13
137450,5058,CHI,II-0400,LOLB,,7,11
137451,5058,CHI,DB-5950,S,,5,8
137452,5058,CHI,DS-1780,LCB,,3,5
137453,5058,CHI,SM-2300,S,,2,3
137454,5059,ATL,MR-2500,QB,QB,78,100
137455,5059,ATL,AM-0100,C,C,78,100
137456,5059,ATL,JC-1000,LG,LG,78,100
137457,5059,ATL,JM-1450,LT,LT,78,100
137458,5059,ATL,MS-0150,RWR,,66,85
137459,5059,ATL,AH-3650,TE,TE,62,79
137460,5059,ATL,CR-0862,LWR,WR,61,78
137461,5059,ATL,JJ-4700,LWR,WR,53,68
137462,5059,ATL,CL-0962,RG,RG,48,62
137463,5059,ATL,KM-1137,RT,RT,45,58
137464,5059,ATL,IS-0250,RB,,39,50
137465,5059,ATL,DF-1875,RB,RB,39,50
137466,5059,ATL,TS-0150,LT,,35,45
137467,5059,ATL,WS-0275,C,,30,38
137468,5059,ATL,JH-1350,RWR,,22,28
137469,5059,ATL,LS-1900,TE,TE,22,28
137470,5059,ATL,RG-0025,LWR,,13,17
137471,5059,ATL,KS-1450,FB,,6,8
137472,5059,ATL,JG-2687,TE,,5,6
137473,5059,ATL,DC-0325,SLB,LB,53,100
137474,5059,ATL,DT-1970,LCB,CB,53,100
137475,5059,ATL,KN-0125,SS,S,50,94
137476,5059,ATL,VB-0075,DE,DE,48,91
137477,5059,ATL,RA-0675,FS,S,47,89
137478,5059,ATL,TM-2250,RDE,DE,47,89
137479,5059,ATL,AB-0100,LDE,DE,43,81
137480,5059,ATL,GJ-0250,DT,DT,42,79
137481,5059,ATL,IO-0150,RCB,CB,42,79
137482,5059,ATL,TD-0850,DT,DT,41,77
137483,5059,ATL,DJ-2450,MLB,LB,33,62
137484,5059,ATL,FO-0150,SLB,,23,43
137485,5059,ATL,JC-5560,DT,,22,42
137486,5059,ATL,KI-0150,SS,,13,25
137487,5059,ATL,AC-1500,RDE,,12,23
137488,5059,ATL,DK-0362,RCB,,11,21
137489,5059,ATL,SN-0300,FS,,3,6
137490,5059,MIN,KR-1200,TE,TE,53,100
137491,5059,MIN,RR-0250,LT,LT,53,100
137492,5059,MIN,JK-1650,RG,RG,53,100
137493,5059,MIN,PE-0192,LG,LG,53,100
137494,5059,MIN,BO-0050,RT,RT,53,100
137495,5059,MIN,GB-0750,C,C,53,100
137496,5059,MIN,KC-2350,QB,QB,53,100
137497,5059,MIN,AT-0350,LWR,WR,47,89
137498,5059,MIN,DC-3550,RB,RB,36,68
137499,5059,MIN,SD-0537,RWR,WR,32,60
137500,5059,MIN,IS-0275,TE,,26,49
137501,5059,MIN,CH-0525,FB,FB,22,42
137502,5059,MIN,CB-1152,LWR,,14,26
137503,5059,MIN,AM-0825,RB,,12,23
137504,5059,MIN,OJ-0050,LB,,7,13
137505,5059,MIN,BD-0937,TE,,7,13
137506,5059,MIN,AA-0025,RB,,4,8
137507,5059,MIN,DD-2525,LG,,3,6
137508,5059,MIN,MB-2950,RB,,2,4
137509,5059,MIN,AH-1300,FS,FS,78,100
137510,5059,MIN,HS-0130,SS,SS,78,100
137511,5059,MIN,AB-0650,SLB,SLB,72,92
137512,5059,MIN,EK-0250,MLB,MLB,72,92
137513,5059,MIN,TW-1187,LCB,LCB,67,86
137514,5059,MIN,XR-0100,RCB,RCB,66,85
137515,5059,MIN,DH-4650,LDE,LDE,65,83
137516,5059,MIN,EG-0900,RDE,RDE,65,83
137517,5059,MIN,JK-0225,FS,,45,58
137518,5059,MIN,SS-2750,DT,DT,42,54
137519,5059,MIN,LJ-1700,NT,NT,40,51
137520,5059,MIN,SW-0600,LDE,,34,44
137521,5059,MIN,HM-0025,DT,,28,36
137522,5059,MIN,JJ-2525,NT,,26,33
137523,5059,MIN,MA-0350,RCB,,21,27
137524,5059,MIN,BG-0350,WLB,WLB,18,23
137525,5059,MIN,KB-1675,LCB,,15,19
137526,5059,MIN,IO-0050,RDE,,12,15
137527,5059,MIN,EW-1350,SLB,,7,9
137528,5059,MIN,MF-0450,RCB,,6,8
137529,5059,MIN,ME-0485,SS,,1,1
137530,5060,BAL,BB-2552,LG,LG,77,100
137531,5060,BAL,OB-0350,OL,RT,77,100
137532,5060,BAL,MS-2050,C,C,77,100
137533,5060,BAL,RS-2650,LT,LT,63,82
137534,5060,BAL,LJ-0150,QB,QB,54,70
137535,5060,BAL,MY-0100,RG,RG,54,70
137536,5060,BAL,SR-0750,RWR,,52,68
137537,5060,BAL,WS-0925,LWR,,50,65
137538,5060,BAL,NB-0450,TE,TE,43,56
137539,5060,BAL,HH-0350,TE,,43,56
137540,5060,BAL,CM-2675,LWR,,32,42
137541,5060,BAL,MA-1050,TE,,32,42
137542,5060,BAL,GE-0150,RB,,29,38
137543,5060,BAL,MI-0100,RB,RB,25,32
137544,5060,BAL,PR-0125,FB,FB,24,31
137545,5060,BAL,JH-4085,RB,,23,30
137546,5060,BAL,PM-0775,LG,,23,30
137547,5060,BAL,RG-1850,QB,,23,30
137548,5060,BAL,MB-3325,RWR,WR,18,23
137549,5060,BAL,JH-6500,LT,,14,18
137550,5060,BAL,MB-4075,LWR,WR,14,18
137551,5060,BAL,PO-0175,MLB,MLB,49,100
137552,5060,BAL,ET-0200,FS,FS,47,96
137553,5060,BAL,TJ-0950,SS,SS,46,94
137554,5060,BAL,MH-3742,LCB,,46,94
137555,5060,BAL,AA-0590,LCB,,45,92
137556,5060,BAL,MJ-2700,SLB,WLB,39,80
137557,5060,BAL,CW-3850,DE,DE,30,61
137558,5060,BAL,BC-0500,RCB,LCB,30,61
137559,5060,BAL,TW-2350,RUSH,,27,55
137560,5060,BAL,MP-1225,NT,NT,26,53
137561,5060,BAL,BW-2020,DT,DT,25,51
137562,5060,BAL,PM-0500,RUSH,RUSH,25,51
137563,5060,BAL,TB-2025,SLB,,23,47
137564,5060,BAL,KY-0075,WLB,SAM,21,43
137565,5060,BAL,CC-1950,FS,,16,33
137566,5060,BAL,AL-0650,SS,,14,29
137567,5060,BAL,CB-1775,WLB,,13,27
137568,5060,BAL,JS-4300,RCB,RCB,6,12
137569,5060,BAL,JB-3350,RCB,,3,6
137570,5060,BAL,BT-0950,SS,,3,6
137571,5060,BAL,DE-0725,FS,,3,6
137572,5060,BAL,CJ-2350,RCB,,2,4
137573,5060,MIA,JD-0850,RT,RT,50,100
137574,5060,MIA,DI-0300,RG,RG,50,100
137575,5060,MIA,JD-0350,LT,LT,50,100
137576,5060,MIA,MD-0187,LG,LG,50,100
137577,5060,MIA,DK-0600,C,C,50,100
137578,5060,MIA,RF-0500,QB,QB,45,90
137579,5060,MIA,DP-0350,LWR,WR,38,76
137580,5060,MIA,AH-3900,SWR,,35,70
137581,5060,MIA,MG-0325,TE,,34,68
137582,5060,MIA,JG-2950,RWR,,30,60
137583,5060,MIA,KD-1462,RB,,27,54
137584,5060,MIA,PW-1150,LWR,WR,21,42
137585,5060,MIA,KB-0150,RB,RB,20,40
137586,5060,MIA,NO-0150,TE,,20,40
137587,5060,MIA,DS-3137,TE,TE,12,24
137588,5060,MIA,AW-1650,SWR,,6,12
137589,5060,MIA,JR-3250,QB,,5,10
137590,5060,MIA,MW-0650,RB,,4,8
137591,5060,MIA,CC-4575,TE,FB,3,6
137592,5060,MIA,JB-0550,LB,LB,72,100
137593,5060,MIA,ER-0475,LCB,CB,72,100
137594,5060,MIA,XH-0100,RCB,CB,71,99
137595,5060,MIA,SE-0150,OLB,LB,68,94
137596,5060,MIA,CW-2150,DE,DE,65,90
137597,5060,MIA,CH-1450,OLB,LB,61,85
137598,5060,MIA,BM-0775,FS,S,59,82
137599,5060,MIA,JL-0775,NT,DE,51,71
137600,5060,MIA,MF-0550,FS,DB,49,68
137601,5060,MIA,JJ-1650,LDE,,47,65
137602,5060,MIA,AM-2975,LDE,,47,65
137603,5060,MIA,DG-1275,NT,DT,45,63
137604,5060,MIA,RJ-2000,SS,S,32,44
137605,5060,MIA,RM-3150,LB,,22,31
137606,5060,MIA,WA-0050,SS,,18,25
137607,5060,MIA,SP-0425,SS,,16,22
137608,5060,MIA,JW-5450,LCB,,15,21
137609,5060,MIA,JC-5565,OLB,,14,19
137610,5060,MIA,CL-0212,LCB,,13,18
137611,5060,MIA,VB-0096,LB,,10,14
137612,5061,BUF,DD-0687,LT,LT,69,100
137613,5061,BUF,JF-0950,C,RG,69,100
137614,5061,BUF,QS-0075,LG,LG,69,100
137615,5061,BUF,MM-5350,C,C,69,100
137616,5061,BUF,JA-1087,QB,QB,69,100
137617,5061,BUF,JB-6950,LWR,WR,59,86
137618,5061,BUF,CB-1130,SWR,WR,48,70
137619,5061,BUF,DS-2177,RB,RB,48,70
137620,5061,BUF,DK-0950,TE,,38,55
137621,5061,BUF,CF-0875,RT,RT,37,54
137622,5061,BUF,PD-0700,FB,FB,33,48
137623,5061,BUF,TN-0650,LT,,32,46
137624,5061,BUF,ZJ-0100,RWR,,29,42
137625,5061,BUF,LS-1550,TE,TE,27,39
137626,5061,BUF,TS-3656,TE,,23,33
137627,5061,BUF,FG-0200,RB,,19,28
137628,5061,BUF,RF-1075,LWR,,15,22
137629,5061,BUF,IM-0125,SWR,,4,6
137630,5061,BUF,TY-0150,RB,,2,3
137631,5061,BUF,JP-4150,SS,SS,72,100
137632,5061,BUF,TW-1725,LCB,CB,72,100
137633,5061,BUF,MH-4000,FS,FS,72,100
137634,5061,BUF,MM-3168,SLB,SLB,72,100
137635,5061,BUF,TE-0012,MLB,MLB,72,100
137636,5061,BUF,LW-0150,RCB,CB,72,100
137637,5061,BUF,TM-3450,LDE,LDE,57,79
137638,5061,BUF,JH-5900,RDE,RDE,50,69
137639,5061,BUF,EO-0275,DT,DT,47,65
137640,5061,BUF,SN-0150,NCB,,33,46
137641,5061,BUF,TJ-1250,NCB,NCB,33,46
137642,5061,BUF,SL-0950,DT,DT,30,42
137643,5061,BUF,LA-0200,WLB,,26,36
137644,5061,BUF,JP-2850,DT,,25,35
137645,5061,BUF,HP-0050,DT,,24,33
137646,5061,BUF,SL-0350,RDE,,22,31
137647,5061,BUF,DJ-1275,LDE,,13,18
137648,5061,NYJ,KO-0750,LG,LG,72,100
137649,5061,NYJ,BS-1750,RT,RT,72,100
137650,5061,NYJ,SD-0175,QB,QB,72,100
137651,5061,NYJ,KB-0750,LT,LT,72,100
137652,5061,NYJ,RK-0100,C,C,72,100
137653,5061,NYJ,LB-0250,RB,RB,72,100
137654,5061,NYJ,BW-2670,RG,RG,72,100
137655,5061,NYJ,RA-1125,LWR,WR,69,96
137656,5061,NYJ,RG-1870,TE,TE,68,94
137657,5061,NYJ,QE-0100,RWR,WR,66,92
137658,5061,NYJ,JC-5680,SWR,WR,65,90
137659,5061,NYJ,JB-2950,LWR,,6,8
137660,5061,NYJ,TM-3150,RB,,5,7
137661,5061,NYJ,TW-1325,TE,,5,7
137662,5061,NYJ,DB-4387,TE,,2,3
137663,5061,NYJ,TC-0325,RB,,1,1
137664,5061,NYJ,JA-0150,SS,S,69,100
137665,5061,NYJ,DR-1950,LCB,CB,69,100
137666,5061,NYJ,TJ-2250,RCB,CB,69,100
137667,5061,NYJ,MM-1725,FS,S,69,100
137668,5061,NYJ,NH-1225,ILB,OLB,68,99
137669,5061,NYJ,LW-1350,LDE,DL,61,88
137670,5061,NYJ,HA-0400,RDE,DL,49,71
137671,5061,NYJ,CM-3250,ILB,ILB,48,70
137672,5061,NYJ,JJ-1675,OLB,,41,59
137673,5061,NYJ,BP-1050,LCB,,37,54
137674,5061,NYJ,SM-2200,NT,DL,35,51
137675,5061,NYJ,BK-0150,RDE,DL,31,45
137676,5061,NYJ,FL-0300,OLB,,26,38
137677,5061,NYJ,HL-0100,OLB,OLB,25,36
137678,5061,NYJ,QW-0075,NT,,24,35
137679,5061,NYJ,BC-0625,ILB,,22,32
137680,5061,NYJ,TB-0625,OLB,,14,20
137681,5061,NYJ,RM-4100,SS,,1,1
137682,5061,NYJ,AM-0850,RCB,,1,1
137683,5062,KC,MS-0550,RT,RT,68,100
137684,5062,KC,AW-2200,LG,LG,68,100
137685,5062,KC,AR-0625,C,C,68,100
137686,5062,KC,LD-1000,RG,RG,68,100
137687,5062,KC,EF-0050,LT,LT,68,100
137688,5062,KC,SW-0450,RWR,WR,65,96
137689,5062,KC,PM-0025,QB,QB,59,87
137690,5062,KC,MH-0875,RWR,,53,78
137691,5062,KC,TK-0150,TE,TE,50,74
137692,5062,KC,DW-3125,RB,RB,45,66
137693,5062,KC,DR-2225,LWR,WR,43,63
137694,5062,KC,BB-1550,TE,,33,49
137695,5062,KC,LM-1000,RB,,20,29
137696,5062,KC,TH-1750,LWR,WR,12,18
137697,5062,KC,AS-0900,FB,,10,15
137698,5062,KC,MM-4700,QB,,9,13
137699,5062,KC,JA-1050,LG,,4,6
137700,5062,KC,BP-1375,RWR,,3,4
137701,5062,KC,DT-1231,RB,,2,3
137702,5062,KC,CW-0637,LCB,LCB,58,100
137703,5062,KC,AH-3350,LB,LB,58,100
137704,5062,KC,JT-2650,FS,FS,58,100
137705,5062,KC,BB-2725,RCB,RCB,58,100
137706,5062,KC,TM-0850,SS,SS,57,98
137707,5062,KC,KF-0450,RCB,CB,48,83
137708,5062,KC,DW-4025,LB,LB,47,81
137709,5062,KC,CJ-2168,NT,LDT,45,78
137710,5062,KC,FC-0150,RDE,RDE,45,78
137711,5062,KC,AO-0370,LDE,LDE,37,64
137712,5062,KC,TK-0825,RDE,,35,60
137713,5062,KC,EO-0075,LDE,,21,36
137714,5062,KC,DN-1237,DT,RDT,19,33
137715,5062,KC,XW-0100,DT,,17,29
137716,5062,KC,JI-0900,DL,,13,22
137717,5062,KC,DS-3162,FS,,12,21
137718,5062,KC,DL-0550,LB,,10,17
137719,5062,JAC,WR-0437,RG,LT,58,100
137720,5062,JAC,AN-0400,LG,LG,58,100
137721,5062,JAC,AC-0250,RG,RG,58,100
137722,5062,JAC,JT-0950,RT,RT,58,100
137723,5062,JAC,BL-1150,C,C,58,100
137724,5062,JAC,LF-0650,RB,RB,50,86
137725,5062,JAC,DW-2275,SWR,WR,48,83
137726,5062,JAC,GM-1350,QB,,47,81
137727,5062,JAC,CC-3950,SWR,WR,44,76
137728,5062,JAC,DC-1418,RWR,WR,41,71
137729,5062,JAC,JO-0150,TE,TE,38,66
137730,5062,JAC,GS-1400,TE,,29,50
137731,5062,JAC,ML-0650,RWR,,12,21
137732,5062,JAC,KC-1550,SWR,,12,21
137733,5062,JAC,NF-0250,QB,QB,11,19
137734,5062,JAC,SD-0534,TE,,8,14
137735,5062,JAC,RA-1337,RB,,8,14
137736,5062,JAC,JW-4925,FS,S,68,100
137737,5062,JAC,AB-2250,RCB,CB,68,100
137738,5062,JAC,JR-0150,LCB,CB,66,97
137739,5062,JAC,RH-1150,SS,S,62,91
137740,5062,JAC,DH-2150,LCB,CB,58,85
137741,5062,JAC,CC-0200,DE,DT,55,81
137742,5062,JAC,JA-1090,DE,DE,51,75
137743,5062,JAC,YN-0100,DE,DE,49,72
137744,5062,JAC,NG-0350,MLB,,48,71
137745,5062,JAC,QW-0050,WLB,LB,45,66
137746,5062,JAC,AJ-1150,NT,DT,39,57
137747,5062,JAC,DS-3125,DE,,31,46
137748,5062,JAC,DA-0350,WLB,,23,34
137749,5062,JAC,MJ-0015,MLB,LB,20,29
137750,5062,JAC,DR-3650,NT,,20,29
137751,5062,JAC,TB-3450,DT,,18,26
137752,5062,JAC,LM-1020,DE,,10,15
137753,5062,JAC,LJ-0312,SLB,,9,13
137754,5062,JAC,AW-1812,FS,,6,9
137755,5062,JAC,TH-1450,RCB,,2,3
137756,5063,LA,AW-1100,LT,LT,77,100
137757,5063,LA,JN-2000,LG,LG,77,100
137758,5063,LA,AB-1987,RG,RG,77,100
137759,5063,LA,RH-1250,RT,RT,77,100
137760,5063,LA,JG-1850,QB,QB,77,100
137761,5063,LA,BA-0575,C,C,77,100
137762,5063,LA,RW-4050,RWR,WR,73,95
137763,5063,LA,BC-2325,SWR,WR,71,92
137764,5063,LA,CK-1300,LWR,WR,69,90
137765,5063,LA,TG-1950,RB,RB,54,70
137766,5063,LA,TH-1550,TE,TE,40,52
137767,5063,LA,GE-0400,TE,,30,39
137768,5063,LA,JR-1950,RWR,,25,32
137769,5063,LA,MB-3862,RB,,21,27
137770,5063,LA,DH-2325,RB,,2,3
137771,5063,LA,CL-0987,ILB,ILB,67,100
137772,5063,LA,JJ-3450,SS,SS,67,100
137773,5063,LA,MP-0950,LCB,LCB,66,99
137774,5063,LA,AT-0100,RCB,RCB,66,99
137775,5063,LA,AD-1475,DT,DT,56,84
137776,5063,LA,DF-1481,WILL,WILL,55,82
137777,5063,LA,MB-3650,LDE,DE,49,73
137778,5063,LA,CM-0900,OLB,OLB,46,69
137779,5063,LA,NR-0350,LCB,,42,63
137780,5063,LA,MC-1325,FS,,41,61
137781,5063,LA,SJ-0793,DL,,36,54
137782,5063,LA,SE-0025,WILL,,33,49
137783,5063,LA,TR-0075,SS,,32,48
137784,5063,LA,EW-0400,FS,FS,26,39
137785,5063,LA,BH-0050,ILB,ILB,25,37
137786,5063,LA,MF-1525,LDE,,15,22
137787,5063,LA,TS-1950,DT,,14,21
137788,5063,LA,TH-2837,LB,,1,1
137789,5063,CAR,DW-3450,LT,LT,67,100
137790,5063,CAR,MP-0250,C,C,67,100
137791,5063,CAR,GV-0050,LG,LG,67,100
137792,5063,CAR,TM-3350,RT,RT,67,100
137793,5063,CAR,TT-1850,RG,RG,67,100
137794,5063,CAR,CN-0500,QB,QB,67,100
137795,5063,CAR,CM-1225,RB,RB,67,100
137796,5063,CAR,DM-2850,LWR,WR,63,94
137797,5063,CAR,GO-0100,TE,TE,63,94
137798,5063,CAR,CS-0050,RWR,WR,62,93
137799,5063,CAR,JW-6560,RWR,,40,60
137800,5063,CAR,CM-0175,TE,TE,18,27
137801,5063,CAR,AA-0557,FB,,12,18
137802,5063,CAR,CH-3350,LWR,,5,7
137803,5063,CAR,IT-0150,TE,,4,6
137804,5063,CAR,DD-0037,LG,,1,1
137805,5063,CAR,DJ-0575,LCB,CB,77,100
137806,5063,CAR,JB-4975,RCB,CB,77,100
137807,5063,CAR,LK-0600,RILB,ILB,77,100
137808,5063,CAR,ER-0150,SS,SS,77,100
137809,5063,CAR,TB-1850,FS,FS,77,100
137810,5063,CAR,ST-0550,LILB,ILB,75,97
137811,5063,CAR,MA-0300,LOLB,OLB,48,62
137812,5063,CAR,BB-3875,LOLB,OLB,44,57
137813,5063,CAR,GM-0500,LDE,DE,40,52
137814,5063,CAR,KS-0850,RDE,DE,35,45
137815,5063,CAR,DP-1450,NT,,35,45
137816,5063,CAR,JE-0325,LCB,,35,45
137817,5063,CAR,KL-1400,NT,,30,39
137818,5063,CAR,MH-2050,ROLB,,29,38
137819,5063,CAR,EO-0050,LDE,,29,38
137820,5063,CAR,JC-1450,LILB,DE,26,34
137821,5063,CAR,RG-0575,SS,,18,23
137822,5063,CAR,RC-1550,FS,,11,14
137823,5063,CAR,CM-2375,ROLB,,7,9
137824,5064,TEN,RS-0100,LG,LG,61,100
137825,5064,TEN,JC-4050,RT,RT,61,100
137826,5064,TEN,JD-2512,C,RG,61,100
137827,5064,TEN,DK-0430,LT,LT,61,100
137828,5064,TEN,BJ-1950,C,C,61,100
137829,5064,TEN,MM-0912,QB,QB,59,97
137830,5064,TEN,CD-0975,LWR,WR,45,74
137831,5064,TEN,JS-4550,TE,TE,37,61
137832,5064,TEN,DH-2450,RB,RB,36,59
137833,5064,TEN,MP-2350,TE,,34,56
137834,5064,TEN,TS-1262,RWR,,30,49
137835,5064,TEN,DW-0500,TE,TE,29,48
137836,5064,TEN,AB-3150,RWR,,26,43
137837,5064,TEN,DL-1700,RB,,26,43
137838,5064,TEN,AH-3862,SWR,WR,22,36
137839,5064,TEN,AF-0550,TE,,9,15
137840,5064,TEN,DJ-0850,LWR,,5,8
137841,5064,TEN,DF-1225,RB,,4,7
137842,5064,TEN,RT-0150,QB,,2,3
137843,5064,TEN,DB-0975,RILB,,4,100
137844,5064,TEN,DQ-0100,LT,,1,25
137845,5064,TEN,AJ-0050,LCB,DB,73,100
137846,5064,TEN,MB-5250,RCB,CB,70,96
137847,5064,TEN,KV-0050,SS,SS,69,95
137848,5064,TEN,KB-2850,FS,FS,69,95
137849,5064,TEN,LR-0600,LCB,CB,69,95
137850,5064,TEN,JB-6837,RILB,ILB,66,90
137851,5064,TEN,HL-0050,ROLB,OLB,66,90
137852,5064,TEN,RE-0700,LILB,ILB,58,79
137853,5064,TEN,JC-1700,DT,DT,47,64
137854,5064,TEN,SF-0125,LOLB,OLB,41,56
137855,5064,TEN,AH-3625,FS,,29,40
137856,5064,TEN,DJ-2250,NT,NT,27,37
137857,5064,TEN,IM-0025,LDE,,26,36
137858,5064,TEN,CW-0100,LOLB,,24,33
137859,5064,TEN,KC-2325,ROLB,,20,27
137860,5064,TEN,WW-0900,LILB,,13,18
137861,5064,TEN,BU-0150,LDE,,11,15
137862,5064,TEN,AJ-1137,DT,,10,14
137863,5064,TEN,DC-4275,SS,,4,5
137864,5064,TEN,LS-0950,RCB,,4,5
137865,5064,TEN,CM-2425,RCB,,3,4
137866,5064,CLE,JL-0215,LWR,WR,73,100
137867,5064,CLE,CH-4550,RT,RT,73,100
137868,5064,CLE,JB-3550,LG,LG,73,100
137869,5064,CLE,JT-3350,C,C,73,100
137870,5064,CLE,EK-0800,RG,RG,73,100
137871,5064,CLE,OB-0075,RWR,WR,73,100
137872,5064,CLE,BM-0650,QB,QB,73,100
137873,5064,CLE,DN-1225,TE,TE,66,90
137874,5064,CLE,NC-0175,RB,RB,51,70
137875,5064,CLE,JM-2950,LG,,46,63
137876,5064,CLE,DR-0550,RWR,,35,48
137877,5064,CLE,RH-1950,LWR,WR,32,44
137878,5064,CLE,GR-0450,LT,LT,23,32
137879,5064,CLE,DH-1450,TE,,13,18
137880,5064,CLE,DH-3137,RB,,13,18
137881,5064,CLE,DJ-0887,RB,,9,12
137882,5064,CLE,KL-0075,LT,,4,5
137883,5064,CLE,JS-1025,MLB,MIKE,61,100
137884,5064,CLE,MB-5100,SS,S,61,100
137885,5064,CLE,CK-0850,WLB,WILL,61,100
137886,5064,CLE,DW-0850,LCB,CB,60,98
137887,5064,CLE,DR-0450,FS,S,60,98
137888,5064,CLE,OV-0200,DE,DE,56,92
137889,5064,CLE,MG-0287,LDE,DE,55,90
137890,5064,CLE,SR-0670,DT,DT,51,84
137891,5064,CLE,LO-0050,DT,DT,50,82
137892,5064,CLE,GW-1350,RCB,CB,40,66
137893,5064,CLE,JW-2675,SS,DB,35,57
137894,5064,CLE,TM-2850,RCB,,18,30
137895,5064,CLE,TC-0385,LCB,,15,25
137896,5064,CLE,EM-2100,FS,,11,18
137897,5064,CLE,DL-0487,DT,,11,18
137898,5064,CLE,DE-0575,DT,,9,15
137899,5064,CLE,CS-2350,DE,,9,15
137900,5064,CLE,CT-0937,LDE,,5,8
137901,5064,CLE,AG-0775,SAM,,3,5
137902,5065,WAS,MM-5450,RT,RT,67,100
137903,5065,WAS,BS-0950,RG,RG,67,100
137904,5065,WAS,EF-0075,LG,LG,67,100
137905,5065,WAS,CR-1650,C,C,67,100
137906,5065,WAS,DP-1100,LT,LT,67,100
137907,5065,WAS,CK-0250,QB,QB,67,100
137908,5065,WAS,TQ-0100,SWR,WR,65,97
137909,5065,WAS,TM-2275,LWR,WR,62,93
137910,5065,WAS,VD-0100,TE,TE,55,82
137911,5065,WAS,PR-0150,RWR,WR,52,78
137912,5065,WAS,CT-1220,RB,,43,64
137913,5065,WAS,DG-3200,RB,RB,24,36
137914,5065,WAS,KH-0525,RWR,,15,22
137915,5065,WAS,JS-5475,TE,,14,21
137916,5065,WAS,SS-1537,SWR,,5,7
137917,5065,WAS,MN-0550,FS,FS,75,100
137918,5065,WAS,LC-0850,SS,SS,75,100
137919,5065,WAS,JN-1750,RCB,CB,75,100
137920,5065,WAS,JB-4550,MLB,MLB,66,88
137921,5065,WAS,MI-0175,DE,,65,87
137922,5065,WAS,QD-0400,LCB,CB,64,85
137923,5065,WAS,DP-0662,NT,DT,58,77
137924,5065,WAS,RK-0500,WLB,WLB,58,77
137925,5065,WAS,JM-6150,LCB,CB,56,75
137926,5065,WAS,CH-3475,MLB,MLB,51,68
137927,5065,WAS,MS-5675,SLB,OLB,51,68
137928,5065,WAS,TS-1256,NT,,36,48
137929,5065,WAS,SH-0056,MLB,,31,41
137930,5065,WAS,RA-1175,SLB,,20,27
137931,5065,WAS,CM-2125,WLB,,19,25
137932,5065,WAS,DR-2800,RCB,,8,11
137933,5065,WAS,CB-2762,DE,,8,11
137934,5065,WAS,JA-1062,DE,DT,7,9
137935,5065,WAS,GS-1350,RCB,,2,3
137936,5065,PHI,LJ-0850,RT,RT,75,100
137937,5065,PHI,IS-0125,LG,LG,75,100
137938,5065,PHI,JK-0500,C,C,75,100
137939,5065,PHI,JP-2400,LT,LT,75,100
137940,5065,PHI,CW-1425,QB,QB,75,100
137941,5065,PHI,ZE-0100,TE,TE,62,83
137942,5065,PHI,NA-0050,SWR,WR,60,80
137943,5065,PHI,AJ-0430,LWR,WR,60,80
137944,5065,PHI,BB-3230,RG,RG,55,73
137945,5065,PHI,DJ-0200,RWR,WR,52,69
137946,5065,PHI,DG-1287,TE,,41,55
137947,5065,PHI,MS-0125,RB,,36,48
137948,5065,PHI,DS-3300,RB,RB,23,31
137949,5065,PHI,HV-0100,RG,,20,27
137950,5065,PHI,JH-5575,RB,,17,23
137951,5065,PHI,MH-3050,RWR,,10,13
137952,5065,PHI,JA-1975,LWR,,5,7
137953,5065,PHI,AD-1181,LT,,4,5
137954,5065,PHI,CC-2350,RB,,3,4
137955,5065,PHI,AE-0775,TE,,2,3
137956,5065,PHI,RM-3050,FS,S,67,100
137957,5065,PHI,MJ-0600,SS,S,67,100
137958,5065,PHI,NB-0500,MLB,OLB,67,100
137959,5065,PHI,AM-0250,NCB,CB,61,91
137960,5065,PHI,RD-1550,RCB,CB,56,84
137961,5065,PHI,DB-0875,RDE,DT,55,82
137962,5065,PHI,BG-1200,LDE,DE,48,72
137963,5065,PHI,RD-0050,RCB,CB,48,72
137964,5065,PHI,FC-0400,LDT,DT,44,66
137965,5065,PHI,AS-0600,FS,,38,57
137966,5065,PHI,MJ-0030,RDT,DT,34,51
137967,5065,PHI,SJ-0775,LCB,,34,51
137968,5065,PHI,ZB-0400,OLB,OLB,29,43
137969,5065,PHI,TJ-1025,RDT,,25,37
137970,5065,PHI,HR-0100,LDT,,24,36
137971,5065,PHI,VC-0400,RDE,,23,34
137972,5065,PHI,JS-7425,LDE,,14,21
137973,5065,PHI,NG-0150,OLB,,2,3
137974,5065,PHI,JC-6400,SS,,1,1
137975,5066,CIN,AS-2000,LT,LT,77,100
137976,5066,CIN,TH-2450,C,C,77,100
137977,5066,CIN,JM-4550,RG,RG,77,100
137978,5066,CIN,BH-0750,RT,LT,77,100
137979,5066,CIN,AD-0100,QB,QB,77,100
137980,5066,CIN,MJ-2562,LG,LG,77,100
137981,5066,CIN,DW-3987,LWR,WR,69,90
137982,5066,CIN,JR-3280,RWR,WR,63,82
137983,5066,CIN,TB-2075,SWR,WR,61,79
137984,5066,CIN,CU-0150,TE,TE,54,70
137985,5066,CIN,GB-0350,RB,,48,62
137986,5066,CIN,TE-0300,TE,,38,49
137987,5066,CIN,JM-5275,RB,HB,29,38
137988,5066,CIN,AE-1037,SWR,,11,14
137989,5066,CIN,PC-0625,RWR,,8,10
137990,5066,CIN,DS-0050,TE,,3,4
137991,5066,CIN,SP-0825,RB,,1,1
137992,5066,CIN,JB-1650,FS,S,53,100
137993,5066,CIN,SW-1550,SS,S,52,98
137994,5066,CIN,CD-2200,LDE,LDE,49,92
137995,5066,CIN,WJ-0150,RCB,CB,49,92
137996,5066,CIN,DK-0750,LCB,CB,49,92
137997,5066,CIN,NV-0200,SLB,LB,48,91
137998,5066,CIN,BW-0770,RCB,NCB,46,87
137999,5066,CIN,GA-0400,RDT,DT,44,83
138000,5066,CIN,SH-1393,RDE,RDE,43,81
138001,5066,CIN,PB-0750,MLB,LB,41,77
138002,5066,CIN,CL-0375,RDE,,23,43
138003,5066,CIN,RG-1150,RDT,NT,22,42
138004,5066,CIN,AB-1650,NT,,20,38
138005,5066,CIN,CF-0337,SS,,13,25
138006,5066,CIN,JT-4325,NT,,10,19
138007,5066,CIN,KW-2800,LDE,,9,17
138008,5066,CIN,TM-2350,LCB,,7,13
138009,5066,CIN,GP-0425,SLB,,3,6
138010,5066,CIN,RW-4150,NT,,2,4
138011,5066,SEA,DF-1250,RG,RG,53,100
138012,5066,SEA,DB-4900,LT,LT,53,100
138013,5066,SEA,EP-0575,LG,LG,53,100
138014,5066,SEA,GI-0100,RT,RT,53,100
138015,5066,SEA,RW-3850,QB,QB,53,100
138016,5066,SEA,JB-5750,C,C,52,98
138017,5066,SEA,TL-1025,RWR,WR,48,91
138018,5066,SEA,JB-6750,LWR,WR,41,77
138019,5066,SEA,CC-0750,RB,RB,41,77
138020,5066,SEA,DM-2275,LWR,WR,41,77
138021,5066,SEA,WD-0550,TE,TE,27,51
138022,5066,SEA,NV-0050,TE,,24,45
138023,5066,SEA,MT-2350,LWR,,17,32
138024,5066,SEA,RP-0550,RB,,14,26
138025,5066,SEA,GF-0025,RT,,9,17
138026,5066,SEA,NB-0200,FB,,3,6
138027,5066,SEA,MI-0200,LG,,1,2
138028,5066,SEA,TT-1262,FS,FS,77,100
138029,5066,SEA,TF-0725,RCB,RCB,77,100
138030,5066,SEA,SG-1600,DB,LCB,77,100
138031,5066,SEA,BW-0150,MLB,MLB,77,100
138032,5066,SEA,BM-1250,SS,SS,77,100
138033,5066,SEA,MK-0730,SLB,SLB,69,90
138034,5066,SEA,KW-2500,ROLB,WLB,69,90
138035,5066,SEA,QJ-0150,LDT,DE,50,65
138036,5066,SEA,RG-1675,LEO,LEO,50,65
138037,5066,SEA,JC-3350,LDE,,48,62
138038,5066,SEA,BJ-0250,LEO,,44,57
138039,5066,SEA,PF-0300,RDT,NT,43,56
138040,5066,SEA,AW-1900,LDT,DT,41,53
138041,5066,SEA,BM-3375,RDT,,26,34
138042,5066,SEA,UA-0100,FS,,21,27
138043,5066,SEA,AK-0350,LCB,,1,1
138044,5067,IND,AC-1200,LT,LT,63,100
138045,5067,IND,BS-2450,RT,RT,63,100
138046,5067,IND,QN-0075,LG,LG,63,100
138047,5067,IND,MG-0875,RG,RG,63,100
138048,5067,IND,JB-5725,QB,QB,63,100
138049,5067,IND,RK-0350,C,C,63,100
138050,5067,IND,TH-1850,LWR,WR,56,89
138051,5067,IND,MM-0050,RB,,48,76
138052,5067,IND,JD-2550,TE,TE,43,68
138053,5067,IND,DF-2200,RWR,WR,36,57
138054,5067,IND,CR-1525,RWR,,25,40
138055,5067,IND,EE-0050,TE,TE,25,40
138056,5067,IND,ZP-0050,RWR,,23,37
138057,5067,IND,PC-0050,LWR,,18,29
138058,5067,IND,NH-1237,RB,RB,17,27
138059,5067,IND,MA-0487,TE,,13,21
138060,5067,IND,DC-0025,LWR,,11,17
138061,5067,IND,PD-0450,LCB,CB,64,100
138062,5067,IND,KM-2650,RCB,CB,64,100
138063,5067,IND,DL-0925,WLB,WLB,63,98
138064,5067,IND,CG-0750,SS,SS,57,89
138065,5067,IND,MH-3250,FS,FS,55,86
138066,5067,IND,DA-2050,DT,DT,51,80
138067,5067,IND,JH-5500,DE,DE,51,80
138068,5067,IND,RY-0050,LCB,CB,43,67
138069,5067,IND,AM-3025,DE,DE,39,61
138070,5067,IND,AW-0262,MLB,MLB,36,56
138071,5067,IND,MH-3750,NT,NT,35,55
138072,5067,IND,BB-0675,DE,,28,44
138073,5067,IND,KT-0950,DE,,24,38
138074,5067,IND,MA-0075,SLB,,21,33
138075,5067,IND,KW-1850,SS,,16,25
138076,5067,IND,QW-0300,RCB,,16,25
138077,5067,IND,BO-0112,MLB,,15,23
138078,5067,IND,GS-1250,NT,,13,20
138079,5067,IND,JW-0725,DT,,13,20
138080,5067,LAC,MS-0525,RG,RG,64,100
138081,5067,LAC,DF-0450,LG,LG,64,100
138082,5067,LAC,ST-0375,RT,RT,64,100
138083,5067,LAC,TS-0850,LT,LT,64,100
138084,5067,LAC,PR-0300,QB,QB,64,100
138085,5067,LAC,MP-2000,C,C,64,100
138086,5067,LAC,HH-0225,TE,TE,58,91
138087,5067,LAC,KA-0650,LWR,WR,53,83
138088,5067,LAC,AE-0550,RB,RB,48,75
138089,5067,LAC,MW-2825,RWR,WR,41,64
138090,5067,LAC,TB-1060,LWR,WR,31,48
138091,5067,LAC,VG-0300,TE,,27,42
138092,5067,LAC,DI-0075,LWR,,27,42
138093,5067,LAC,JJ-0575,RB,,16,25
138094,5067,LAC,DW-1750,FB,,15,23
138095,5067,LAC,FL-0100,RG,,2,3
138096,5067,LAC,SC-1850,TE,,1,2
138097,5067,LAC,TT-0500,QB,,1,2
138098,5067,LAC,RJ-0650,S,S,63,100
138099,5067,LAC,CH-2250,RCB,CB,63,100
138100,5067,LAC,TD-0700,OLB,LB,63,100
138101,5067,LAC,AP-1050,S,S,61,97
138102,5067,LAC,MI-0150,DE,DE,60,95
138103,5067,LAC,BF-0050,LCB,,58,92
138104,5067,LAC,KW-0896,OLB,LB,54,86
138105,5067,LAC,JB-4450,LDE,DE,54,86
138106,5067,LAC,DK-0687,RCB,CB,48,76
138107,5067,LAC,JJ-4850,DT,DT,41,65
138108,5067,LAC,BM-1800,NT,NT,33,52
138109,5067,LAC,JT-2843,DT,,21,33
138110,5067,LAC,DS-3350,NT,,21,33
138111,5067,LAC,IR-0400,LDE,,18,29
138112,5067,LAC,JW-0950,S,,15,24
138113,5067,LAC,UN-0200,OLB,,14,22
138114,5067,LAC,MD-0137,LCB,CB,5,8
138115,5068,DET,TD-0950,LT,LT,88,100
138116,5068,DET,RW-0150,RT,RT,88,100
138117,5068,DET,MS-4100,QB,QB,88,100
138118,5068,DET,FR-0025,C,C,88,100
138119,5068,DET,KG-0650,LWR,WR,86,98
138120,5068,DET,JD-0012,LG,LG,76,86
138121,5068,DET,GG-0342,RG,RG,76,86
138122,5068,DET,MJ-2250,RWR,WR,71,81
138123,5068,DET,TH-1875,TE,WR,64,73
138124,5068,DET,JJ-0725,TE,WR,51,58
138125,5068,DET,KJ-0587,RB,RB,50,57
138126,5068,DET,DA-0900,SWR,,47,53
138127,5068,DET,CA-0750,RB,,26,30
138128,5068,DET,KW-0930,LG,,24,27
138129,5068,DET,NB-0125,FB,,22,25
138130,5068,DET,TJ-2275,RB,,8,9
138131,5068,DET,LT-0275,TE,,7,8
138132,5068,DET,JM-3475,RB,,5,6
138133,5068,DET,CL-0125,LWR,,3,3
138134,5068,DET,TW-0152,FS,FS,89,100
138135,5068,DET,QD-0300,SS,SS,88,99
138136,5068,DET,DS-2250,LCB,CB,88,99
138137,5068,DET,RM-3850,LCB,CB,87,98
138138,5068,DET,JC-3518,RCB,CB,85,96
138139,5068,DET,DK-0465,OLB,OLB,81,91
138140,5068,DET,CJ-2175,OLB,OLB,64,72
138141,5068,DET,JT-0687,MLB,MLB,63,71
138142,5068,DET,RO-0450,LDE,,57,64
138143,5068,DET,TF-0750,RDE,DE,53,60
138144,5068,DET,JR-1450,OLB,,52,58
138145,5068,DET,AR-1115,RDT,DT,39,44
138146,5068,DET,MD-0060,LDT,,31,35
138147,5068,DET,DH-1850,LDT,DT,27,30
138148,5068,DET,KS-2450,DL,,23,26
138149,5068,DET,JA-0425,RCB,,21,24
138150,5068,DET,WH-0250,SS,,15,17
138151,5068,DET,TW-3250,SS,,15,17
138152,5068,DET,MF-1227,LCB,,1,1
138153,5068,ARI,JS-7450,RG,RG,89,100
138154,5068,ARI,JP-4350,LG,LG,89,100
138155,5068,ARI,DH-4550,LT,LT,89,100
138156,5068,ARI,JM-6950,LT,RT,89,100
138157,5068,ARI,AS-0920,C,C,89,100
138158,5068,ARI,KM-3500,QB,QB,89,100
138159,5068,ARI,LF-0200,LWR,WR,85,96
138160,5068,ARI,CK-0825,SWR,WR,83,93
138161,5068,ARI,DB-6375,LWR,WR,78,88
138162,5068,ARI,DJ-1325,RB,RB,77,87
138163,5068,ARI,KJ-0537,SWR,WR,68,76
138164,5068,ARI,MW-2450,TE,,22,25
138165,5068,ARI,CC-2100,TE,,14,16
138166,5068,ARI,CE-0175,RB,,10,11
138167,5068,ARI,TS-1425,RWR,,5,6
138168,5068,ARI,MC-1950,LG,,2,2
138169,5068,ARI,JM-4350,LT,,1,1
138170,5068,ARI,JH-3675,ILB,ILB,88,100
138171,5068,ARI,BB-0550,FS,FS,88,100
138172,5068,ARI,BM-3687,RCB,CB,88,100
138173,5068,ARI,DS-5150,SS,SS,88,100
138174,5068,ARI,CJ-2050,DL,SAM,85,97
138175,5068,ARI,TB-2700,DB,CB,72,82
138176,5068,ARI,TS-3500,WILL,WILL,68,77
138177,5068,ARI,ZA-0150,LDE,DE,64,73
138178,5068,ARI,RG-2375,RDE,DE,61,69
138179,5068,ARI,CJ-2156,DB,SAM,59,67
138180,5068,ARI,CP-1300,NT,NT,53,60
138181,5068,ARI,HR-0050,ILB,,52,59
138182,5068,ARI,JW-0525,ILB,ILB,36,41
138183,5068,ARI,CM-1600,RDE,,25,28
138184,5068,ARI,JB-7450,LDE,,16,18
138185,5068,ARI,CM-0250,WILL,,14,16
138186,5068,ARI,BR-0200,SLB,,11,13
138187,5069,NYG,NS-0500,LT,LT,69,100
138188,5069,NYG,KZ-0050,RG,RG,69,100
138189,5069,NYG,WH-0637,LG,LG,69,100
138190,5069,NYG,MR-0645,RT,RT,69,100
138191,5069,NYG,JH-0150,C,C,69,100
138192,5069,NYG,SS-1250,RWR,WR,68,99
138193,5069,NYG,EM-0200,QB,QB,64,93
138194,5069,NYG,CL-0275,RWR,WR,61,88
138195,5069,NYG,SB-0212,RB,RB,55,80
138196,5069,NYG,EE-0400,TE,,53,77
138197,5069,NYG,BF-0950,LWR,,50,72
138198,5069,NYG,RE-0400,TE,TE,22,32
138199,5069,NYG,WG-0050,RB,,14,20
138200,5069,NYG,RS-0975,LWR,,9,13
138201,5069,NYG,EP-0350,RB,FB,6,9
138202,5069,NYG,NG-0125,RG,,5,7
138203,5069,NYG,DJ-2275,QB,,5,7
138204,5069,NYG,ET-0375,TE,,2,3
138205,5069,NYG,AO-0250,SILB,ILB,68,100
138206,5069,NYG,AB-1500,FS,FS,68,100
138207,5069,NYG,JJ-1550,RCB,RCB,68,100
138208,5069,NYG,JP-1975,SS,SS,67,99
138209,5069,NYG,MG-0925,SAM,SAM,55,81
138210,5069,NYG,LC-0250,WLB,WLB,50,74
138211,5069,NYG,BH-1212,DE,DL,46,68
138212,5069,NYG,GH-0050,LCB,,43,63
138213,5069,NYG,AH-0762,RCB,LCB,36,53
138214,5069,NYG,DT-1725,NT,DL,31,46
138215,5069,NYG,TD-0475,RILB,SLB,31,46
138216,5069,NYG,DB-0325,LCB,,31,46
138217,5069,NYG,OP-0150,DE,,30,44
138218,5069,NYG,DL-0490,DE,DL,28,41
138219,5069,NYG,RC-1950,RILB,,26,38
138220,5069,NYG,OX-0100,WLB,,21,31
138221,5069,NYG,RM-2750,DE,,17,25
138222,5069,NYG,MT-0850,SS,,12,18
138223,5069,NYG,KM-0425,SAM,,10,15
138224,5069,NYG,CB-0425,LCB,,9,13
138225,5069,NYG,SC-0450,SS,,1,1
138226,5069,DAL,CW-2850,LG,LG,68,100
138227,5069,DAL,LC-0825,RT,RT,68,100
138228,5069,DAL,TF-1350,C,C,65,96
138229,5069,DAL,TS-2700,LT,LT,65,96
138230,5069,DAL,DP-2037,QB,QB,65,96
138231,5069,DAL,ZM-0050,RG,RG,61,90
138232,5069,DAL,MG-0175,LWR,WR,53,78
138233,5069,DAL,AC-2350,RWR,WR,52,76
138234,5069,DAL,RC-1500,SWR,,48,71
138235,5069,DAL,JW-6000,TE,TE,45,66
138236,5069,DAL,EE-0250,RB,RB,37,54
138237,5069,DAL,BJ-0950,TE,TE,27,40
138238,5069,DAL,TA-1050,SWR,,25,37
138239,5069,DAL,TP-1650,RB,,22,32
138240,5069,DAL,JO-0550,FB,,16,24
138241,5069,DAL,DS-0850,TE,,9,13
138242,5069,DAL,XS-0100,RG,,7,10
138243,5069,DAL,DS-3031,LWR,,6,9
138244,5069,DAL,CF-0675,LT,,3,4
138245,5069,DAL,JL-2560,C,,3,4
138246,5069,DAL,CR-1750,QB,,3,4
138247,5069,DAL,JS-4150,MLB,MLB,69,100
138248,5069,DAL,XW-0200,FS,FS,68,99
138249,5069,DAL,CA-1350,RCB,CB,68,99
138250,5069,DAL,LV-0050,WLB,WLB,65,94
138251,5069,DAL,JH-3210,SS,SS,62,90
138252,5069,DAL,AB-3450,LCB,CB,60,87
138253,5069,DAL,MC-2150,LDT,DT,52,75
138254,5069,DAL,KH-3100,RDE,,44,64
138255,5069,DAL,JL-1825,NCB,,37,54
138256,5069,DAL,AW-1950,RDT,DT,33,48
138257,5069,DAL,DL-0450,LDE,DE,32,46
138258,5069,DAL,DA-1625,RDE,,30,43
138259,5069,DAL,CC-4550,RDT,,30,43
138260,5069,DAL,TC-2950,LDT,DE,30,43
138261,5069,DAL,BJ-2350,LCB,,28,41
138262,5069,DAL,JJ-0375,LDE,,26,38
138263,5069,DAL,SL-0500,SLB,SLB,16,23
138264,5069,DAL,KF-0425,SS,,8,12
138265,5069,DAL,JT-1650,MLB,,1,1
138266,5070,SF,MM-2565,RT,RT,68,100
138267,5070,SF,WR-0450,C,C,68,100
138268,5070,SF,JG-0650,QB,QB,68,100
138269,5070,SF,LT-0650,LG,LG,67,99
138270,5070,SF,JS-5700,LT,LT,66,97
138271,5070,SF,MP-0900,RG,RG,66,97
138272,5070,SF,GK-0075,TE,TE,62,91
138273,5070,SF,DS-0150,LWR,WR,60,88
138274,5070,SF,MG-1050,RWR,WR,50,74
138275,5070,SF,KJ-1400,FB,FB,32,47
138276,5070,SF,MB-3537,RB,,30,44
138277,5070,SF,RJ-0450,RWR,,26,38
138278,5070,SF,RM-5050,RB,,20,29
138279,5070,SF,TC-2050,RB,RB,18,26
138280,5070,SF,KB-1625,LWR,,17,25
138281,5070,SF,RD-2300,TE,,12,18
138282,5070,SF,LT-0550,TE,,11,16
138283,5070,SF,BG-0250,C,,3,4
138284,5070,SF,JS-3737,RT,,2,3
138285,5070,SF,DP-1263,LWR,,2,3
138286,5070,SF,JT-0650,SS,SS,70,100
138287,5070,SF,TM-3162,FS,DB,70,100
138288,5070,SF,AW-1850,RCB,RCB,70,100
138289,5070,SF,FW-0350,MIKE,LB,70,100
138290,5070,SF,RS-1000,LCB,LCB,70,100
138291,5070,SF,DG-2693,SAM,LB,56,80
138292,5070,SF,DB-5475,RDT,RDT,53,76
138293,5070,SF,AA-0562,RDE,RDE,47,67
138294,5070,SF,DF-1350,LDE,LDE,41,59
138295,5070,SF,NB-0350,LDE,,39,56
138296,5070,SF,DJ-2150,LDT,,37,53
138297,5070,SF,RB-2212,LDE,,29,41
138298,5070,SF,KW-1550,NCB,,24,34
138299,5070,SF,EM-1750,LCB,,22,31
138300,5070,SF,KA-0625,WILL,LB,21,30
138301,5070,SF,SD-0531,LDT,,17,24
138302,5070,SF,MN-0900,SAM,,16,23
138303,5070,SF,ST-0525,RDE,LDT,12,17
138304,5070,SF,JT-1075,RDT,,6,9
138305,5070,TB,DS-3037,LT,LT,70,100
138306,5070,TB,AM-0750,LG,LG,70,100
138307,5070,TB,AC-0362,RG,RG,70,100
138308,5070,TB,JW-5650,QB,QB,70,100
138309,5070,TB,DD-2300,RT,RT,70,100
138310,5070,TB,RJ-0850,C,C,70,100
138311,5070,TB,CG-1425,LWR,WR,64,91
138312,5070,TB,ME-0600,RWR,WR,60,86
138313,5070,TB,OH-0250,TE,,55,79
138314,5070,TB,BP-0450,RWR,,45,64
138315,5070,TB,CB-2775,TE,TE,31,44
138316,5070,TB,DO-0025,RB,,27,39
138317,5070,TB,PB-0125,RB,RB,25,36
138318,5070,TB,RJ-2250,RB,,22,31
138319,5070,TB,AA-0581,TE,TE,13,19
138320,5070,TB,BW-2475,RWR,,6,9
138321,5070,TB,JW-1050,LWR,,1,1
138322,5070,TB,TL-1037,RB,,1,1
138323,5070,TB,JW-2687,S,S,68,100
138324,5070,TB,DW-2375,ILB,ILB,68,100
138325,5070,TB,CD-0687,CB,CB,67,99
138326,5070,TB,VH-0050,RCB,CB,66,97
138327,5070,TB,LD-0150,ILB,ILB,65,96
138328,5070,TB,CN-0250,OLB,OLB,62,91
138329,5070,TB,DS-4300,S,S,62,91
138330,5070,TB,SB-0225,OLB,OLB,56,82
138331,5070,TB,NS-0800,DE,DL,54,79
138332,5070,TB,VV-0200,NT,NT,48,71
138333,5070,TB,WG-0550,DE,DL,47,69
138334,5070,TB,MS-4750,RCB,,28,41
138335,5070,TB,BA-0350,NT,,21,31
138336,5070,TB,RN-1300,DE,,14,21
138337,5070,TB,AN-0150,OLB,,14,21
138338,5070,TB,ME-0412,S,,4,6
138339,5070,TB,DB-5450,ILB,,3,4
138340,5070,TB,SB-1950,RCB,,1,1
138341,5071,PIT,RF-0900,LG,LG,69,100
138342,5071,PIT,MF-0350,RT,RT,69,100
138343,5071,PIT,DD-0750,RG,RG,69,100
138344,5071,PIT,AV-0350,LT,LT,69,100
138345,5071,PIT,BR-1100,QB,QB,69,100
138346,5071,PIT,JS-4750,RWR,WR,62,90
138347,5071,PIT,DM-2775,LWR,WR,62,90
138348,5071,PIT,MP-1900,C,C,54,78
138349,5071,PIT,VM-0250,TE,TE,49,71
138350,5071,PIT,RS-3525,LWR,,46,67
138351,5071,PIT,JW-0934,RWR,WR,36,52
138352,5071,PIT,JC-4075,RB,RB,32,46
138353,5071,PIT,DJ-1675,RWR,,25,36
138354,5071,PIT,JS-0280,RB,,23,33
138355,5071,PIT,BF-0450,C,,15,22
138356,5071,PIT,JH-5125,LWR,,8,12
138357,5071,PIT,XG-0100,TE,,2,3
138358,5071,PIT,KK-0325,FS,FS,70,100
138359,5071,PIT,TE-0006,SS,SS,70,100
138360,5071,PIT,SN-0450,RCB,RCB,70,100
138361,5071,PIT,JH-0100,LCB,LCB,69,99
138362,5071,PIT,BD-1200,ROLB,ROLB,62,89
138363,5071,PIT,TW-1137,LOLB,LOLB,59,84
138364,5071,PIT,DB-6050,LILB,LILB,53,76
138365,5071,PIT,CH-3100,DT,DE,52,74
138366,5071,PIT,MH-2975,NCB,,48,69
138367,5071,PIT,MB-0650,LILB,,48,69
138368,5071,PIT,ST-1150,DE,DE,46,66
138369,5071,PIT,TA-0600,DE,,29,41
138370,5071,PIT,JH-1375,NT,NT,26,37
138371,5071,PIT,VW-0250,RILB,RILB,22,31
138372,5071,PIT,AC-1350,LOLB,,19,27
138373,5071,PIT,CS-4425,NCB,,17,24
138374,5071,PIT,DM-1475,NT,,9,13
138375,5071,PIT,AB-3875,RCB,,1,1
138376,5071,NE,JT-2825,LG,LG,70,100
138377,5071,NE,TK-0050,C,C,70,100
138378,5071,NE,IW-0400,LT,LT,70,100
138379,5071,NE,TB-2300,QB,QB,70,100
138380,5071,NE,SM-0850,RG,RG,67,96
138381,5071,NE,JE-0100,RWR,WR,67,96
138382,5071,NE,MC-0400,RT,RT,62,89
138383,5071,NE,PD-0800,LWR,,61,87
138384,5071,NE,JG-2450,RWR,WR,47,67
138385,5071,NE,RI-0500,TE,TE,45,64
138386,5071,NE,JW-2550,RB,,33,47
138387,5071,NE,RB-4670,RB,,32,46
138388,5071,NE,JD-1650,RB,FB,32,46
138389,5071,NE,SM-2625,RB,RB,23,33
138390,5071,NE,JE-0475,LG,,8,11
138391,5071,NE,JM-4162,RWR,,8,11
138392,5071,NE,JF-1150,C,,3,4
138393,5071,NE,BB-2250,RB,,1,1
138394,5071,NE,GO-0150,LWR,,1,1
138395,5071,NE,DM-1300,S,S,68,100
138396,5071,NE,JM-2800,LCB,LCB,63,93
138397,5071,NE,SG-0650,RCB,RCB,63,93
138398,5071,NE,SC-0025,LB,LDE,56,82
138399,5071,NE,JJ-4565,RCB,DB,55,81
138400,5071,NE,PC-0300,S,S,48,71
138401,5071,NE,JC-3550,LB,LB,47,69
138402,5071,NE,DH-2950,LB,LB,47,69
138403,5071,NE,JJ-0050,LCB,,44,65
138404,5071,NE,DH-1250,S,,42,62
138405,5071,NE,CW-3375,LDE,,40,59
138406,5071,NE,MB-1900,RDE,DT,39,57
138407,5071,NE,JS-3250,RDE,DE,31,46
138408,5071,NE,JB-3125,LB,,26,38
138409,5071,NE,LG-1000,DT,DT,22,32
138410,5071,NE,DW-4150,LDE,,20,29
138411,5071,NE,AB-4000,DT,,17,25
138412,5071,NE,TB-2750,S,,16,24
138413,5071,NE,DS-1850,DT,,15,22
138414,5072,HOU,SK-0150,LG,LG,67,100
138415,5072,HOU,LT-0950,LT,LT,67,100
138416,5072,HOU,ZF-0300,RG,RG,67,100
138417,5072,HOU,SH-0650,RT,RT,67,100
138418,5072,HOU,NM-0275,C,C,67,100
138419,5072,HOU,DW-1725,QB,QB,67,100
138420,5072,HOU,DH-3950,LWR,WR,66,99
138421,5072,HOU,WF-0300,RWR,WR,65,97
138422,5072,HOU,JA-0462,TE,,47,70
138423,5072,HOU,DJ-1850,RB,,42,63
138424,5072,HOU,DF-0550,TE,TE,34,51
138425,5072,HOU,DC-1050,SWR,WR,28,42
138426,5072,HOU,KS-2350,RWR,,28,42
138427,5072,HOU,CH-5000,RB,RB,25,37
138428,5072,HOU,BR-1050,RCB,CB,66,100
138429,5072,HOU,JR-1550,FS,S,66,100
138430,5072,HOU,JJ-5000,LCB,CB,66,100
138431,5072,HOU,TG-0950,SS,S,66,100
138432,5072,HOU,ZC-0300,WILL,ILB,62,94
138433,5072,HOU,BM-1450,MIKE,ILB,61,92
138434,5072,HOU,JW-1100,DE,DE,60,91
138435,5072,HOU,WM-0550,SLB,OLB,60,91
138436,5072,HOU,AC-2250,LCB,NCB,57,86
138437,5072,HOU,DR-0625,NT,NT,39,59
138438,5072,HOU,AB-1925,DE,DE,27,41
138439,5072,HOU,CW-0875,DE,,27,41
138440,5072,HOU,JA-0280,SS,,19,29
138441,5072,HOU,BS-0850,JACK,,18,27
138442,5072,HOU,BD-1100,NT,,15,23
138443,5072,HOU,JM-0950,JACK,,8,12
138444,5072,HOU,KC-2575,RCB,,5,8
138445,5072,HOU,DC-2812,WILL,,4,6
138446,5072,NO,RR-0122,RT,RT,66,100
138447,5072,NO,AP-0450,LG,LG,66,100
138448,5072,NO,LW-0350,RG,RG,66,100
138449,5072,NO,TA-0850,LT,LT,66,100
138450,5072,NO,EM-0750,C,C,66,100
138451,5072,NO,DB-3800,QB,QB,66,100
138452,5072,NO,MT-0875,LWR,WR,59,89
138453,5072,NO,AK-0050,RB,RB,50,76
138454,5072,NO,TG-0900,RWR,WR,49,74
138455,5072,NO,JC-4300,TE,,42,64
138456,5072,NO,TS-2425,RWR,WR,42,64
138457,5072,NO,JH-4070,TE,TE,32,48
138458,5072,NO,LM-1850,RB,,18,27
138459,5072,NO,TH-1625,QB,,15,23
138460,5072,NO,KK-0825,LWR,,12,18
138461,5072,NO,ZL-0200,FB,,10,15
138462,5072,NO,DH-1487,LWR,,1,2
138463,5072,NO,VB-0087,SS,SS,67,100
138464,5072,NO,EA-0575,LCB,LCB,67,100
138465,5072,NO,ML-0375,RCB,RCB,67,100
138466,5072,NO,DD-0250,WLB,WILL,67,100
138467,5072,NO,CJ-2400,LDE,LDE,66,99
138468,5072,NO,MW-2275,FS,FS,64,96
138469,5072,NO,PW-0850,LCB,NCB,53,79
138470,5072,NO,MB-3875,NT,NT,51,76
138471,5072,NO,AK-0650,SLB,SAM,50,75
138472,5072,NO,MD-0131,RDE,RDE,50,75
138473,5072,NO,TH-1350,RDE,,35,52
138474,5072,NO,ST-1500,LDT,DT,33,49
138475,5072,NO,AA-0552,MLB,,31,46
138476,5072,NO,TS-3025,NT,,22,33
138477,5072,NO,ML-2250,DL,,11,16
138478,5072,NO,CG-0275,SS,,3,4
138479,5073,DEN,DR-1756,LG,LG,64,100
138480,5073,DEN,CM-1850,C,C,64,100
138481,5073,DEN,GB-0650,LT,LT,64,100
138482,5073,DEN,JF-1900,QB,QB,64,100
138483,5073,DEN,RL-0350,RG,RG,64,100
138484,5073,DEN,ES-0200,RWR,WR,57,89
138485,5073,DEN,CS-4462,LWR,,57,89
138486,5073,DEN,EW-0825,LT,,54,84
138487,5073,DEN,NF-0175,TE,TE,52,81
138488,5073,DEN,DH-1050,RWR,,49,77
138489,5073,DEN,PL-0275,RB,RB,34,53
138490,5073,DEN,RF-1400,RB,,30,47
138491,5073,DEN,JH-3625,TE,TE,21,33
138492,5073,DEN,TF-1500,TE,TE,10,16
138493,5073,DEN,JJ-0650,RT,RT,10,16
138494,5073,DEN,TP-0675,LWR,,8,13
138495,5073,DEN,DB-2950,RB,,1,2
138496,5073,DEN,AB-1125,TE,,1,2
138497,5073,DEN,JJ-2350,ILB,ILB,58,100
138498,5073,DEN,JS-3150,FS,FS,58,100
138499,5073,DEN,IY-0100,LCB,RCB,57,98
138500,5073,DEN,CH-1500,LCB,LCB,57,98
138501,5073,DEN,KJ-0100,SS,SS,57,98
138502,5073,DEN,VM-0300,WLB,WLB,56,97
138503,5073,DEN,BC-1125,SLB,SLB,52,90
138504,5073,DEN,DW-4250,LDE,DE,49,84
138505,5073,DEN,CN-0450,ILB,ILB,49,84
138506,5073,DEN,SH-0150,NT,NT,43,74
138507,5073,DEN,AG-1350,RDE,DE,33,57
138508,5073,DEN,WP-0125,FS,,29,50
138509,5073,DEN,MP-2550,NT,,17,29
138510,5073,DEN,DW-0450,RDE,,13,22
138511,5073,DEN,MR-0525,WLB,,5,9
138512,5073,DEN,JH-4825,SLB,,4,7
138513,5073,DEN,TM-0350,SS,,1,2
138514,5073,OAK,JD-1750,LG,LG,58,100
138515,5073,OAK,TB-3250,RT,RT,58,100
138516,5073,OAK,DG-1450,RG,RG,58,100
138517,5073,OAK,KM-1812,LT,LT,58,100
138518,5073,OAK,DW-0675,TE,TE,58,100
138519,5073,OAK,DC-0725,QB,QB,58,100
138520,5073,OAK,RH-3200,C,C,58,100
138521,5073,OAK,TW-2875,RWR,WR,55,95
138522,5073,OAK,JJ-0587,RB,RB,43,74
138523,5073,OAK,RG-1650,RWR,WR,41,71
138524,5073,OAK,FM-0675,TE,,32,55
138525,5073,OAK,HR-0062,RWR,,16,28
138526,5073,OAK,AI-0050,FB,FB,15,26
138527,5073,OAK,JR-2075,RB,,9,16
138528,5073,OAK,JN-0625,LWR,,8,14
138529,5073,OAK,BP-0025,LT,,6,10
138530,5073,OAK,DW-1350,RB,,5,9
138531,5073,OAK,DH-1800,LWR,,2,3
138532,5073,OAK,DW-4750,RCB,LCB,64,100
138533,5073,OAK,VB-0350,MLB,MLB,56,88
138534,5073,OAK,LJ-1800,FS,,56,88
138535,5073,OAK,KJ-1150,SS,SS,54,84
138536,5073,OAK,JA-0112,FS,FS,49,77
138537,5073,OAK,CF-0362,RDE,DE,47,73
138538,5073,OAK,JH-0840,DT,DT,47,73
138539,5073,OAK,GC-0850,LCB,RCB,45,70
138540,5073,OAK,TW-1750,SLB,SLB,44,69
138541,5073,OAK,MH-3793,DT,DT,32,50
138542,5073,OAK,AK-0337,LDE,,30,47
138543,5073,OAK,NM-0675,WLB,,28,44
138544,5073,OAK,JM-1650,RDE,DE,27,42
138545,5073,OAK,CR-0887,FS,,25,39
138546,5073,OAK,PH-0050,DT,,25,39
138547,5073,OAK,BM-0750,LDE,,25,39
138548,5073,OAK,MC-3050,LDE,,23,36
138549,5073,OAK,TM-3375,RCB,,19,30
138550,5073,OAK,ML-0662,SLB,WLB,8,13
138551,5074,TB,AC-0362,RG,RG,65,100
138552,5074,TB,DS-3037,LT,LT,65,100
138553,5074,TB,AM-0750,LG,LG,65,100
138554,5074,TB,JW-5650,QB,QB,65,100
138555,5074,TB,DD-2300,RT,RT,65,100
138556,5074,TB,RJ-0850,C,C,65,100
138557,5074,TB,CG-1425,LWR,WR,62,95
138558,5074,TB,OH-0250,TE,TE,60,92
138559,5074,TB,ME-0600,RWR,WR,59,91
138560,5074,TB,PB-0125,RB,RB,42,65
138561,5074,TB,BP-0450,RWR,,31,48
138562,5074,TB,AA-0581,TE,TE,27,42
138563,5074,TB,CB-2775,TE,,18,28
138564,5074,TB,DO-0025,RB,,16,25
138565,5074,TB,RJ-2250,RB,,8,12
138566,5074,TB,JW-1050,LWR,,2,3
138567,5074,TB,LD-0150,ILB,ILB,79,100
138568,5074,TB,JW-2687,S,S,78,99
138569,5074,TB,CD-0687,CB,CB,78,99
138570,5074,TB,VH-0050,RCB,CB,77,97
138571,5074,TB,KM-1950,ILB,,73,92
138572,5074,TB,ME-0412,S,S,72,91
138573,5074,TB,NS-0800,DE,DL,70,89
138574,5074,TB,CN-0250,OLB,OLB,67,85
138575,5074,TB,SB-0225,OLB,OLB,62,78
138576,5074,TB,VV-0200,NT,NT,59,75
138577,5074,TB,MS-4750,RCB,,56,71
138578,5074,TB,WG-0550,DE,DL,32,41
138579,5074,TB,AN-0150,OLB,,27,34
138580,5074,TB,RN-1300,DE,,17,22
138581,5074,TB,BA-0350,NT,,10,13
138582,5074,TB,DW-2375,ILB,ILB,6,8
138583,5074,TB,DB-2925,ILB,,2,3
138584,5074,TB,DS-4300,S,,2,3
138585,5074,TB,JC-2850,ILB,,1,1
138586,5074,TB,DB-5450,ILB,,1,1
138587,5074,CAR,GV-0050,LG,LG,79,100
138588,5074,CAR,MP-0250,C,C,79,100
138589,5074,CAR,DW-3450,LT,LT,79,100
138590,5074,CAR,TM-3350,RT,RT,79,100
138591,5074,CAR,CM-1225,RB,RB,79,100
138592,5074,CAR,TT-1850,RG,RG,79,100
138593,5074,CAR,CN-0500,QB,QB,79,100
138594,5074,CAR,CS-0050,RWR,WR,77,97
138595,5074,CAR,DM-2850,LWR,WR,75,95
138596,5074,CAR,GO-0100,TE,TE,65,82
138597,5074,CAR,JW-6560,RWR,,54,68
138598,5074,CAR,CM-0175,TE,TE,32,41
138599,5074,CAR,AA-0557,FB,,7,9
138600,5074,CAR,CH-3350,LWR,,3,4
138601,5074,CAR,IT-0150,TE,,2,3
138602,5074,CAR,DD-0037,LG,,1,1
138603,5074,CAR,JB-4975,RCB,CB,65,100
138604,5074,CAR,DJ-0575,LCB,CB,65,100
138605,5074,CAR,LK-0600,RILB,ILB,65,100
138606,5074,CAR,ST-0550,LILB,ILB,65,100
138607,5074,CAR,ER-0150,SS,SS,65,100
138608,5074,CAR,TB-1850,FS,FS,65,100
138609,5074,CAR,MA-0300,LOLB,OLB,49,75
138610,5074,CAR,GM-0500,LDE,DE,47,72
138611,5074,CAR,KS-0850,RDE,DE,45,69
138612,5074,CAR,BB-3875,LOLB,OLB,43,66
138613,5074,CAR,DP-1450,NT,,35,54
138614,5074,CAR,JC-1450,LILB,DE,26,40
138615,5074,CAR,KL-1400,NT,,24,37
138616,5074,CAR,MH-2050,ROLB,,20,31
138617,5074,CAR,EO-0050,LDE,,19,29
138618,5074,CAR,JE-0325,LCB,,11,17
138619,5074,CAR,CM-2375,ROLB,,6,9
138620,5075,ARI,JM-6950,RT,RT,60,100
138621,5075,ARI,JP-4350,LG,LG,60,100
138622,5075,ARI,DH-4550,LT,LT,60,100
138623,5075,ARI,JS-7450,RG,RG,60,100
138624,5075,ARI,AS-0920,C,C,60,100
138625,5075,ARI,KM-3500,QB,QB,60,100
138626,5075,ARI,LF-0200,LWR,WR,57,95
138627,5075,ARI,DB-6375,RWR,WR,56,93
138628,5075,ARI,CK-0825,SWR,WR,56,93
138629,5075,ARI,DJ-1325,RB,RB,36,60
138630,5075,ARI,CE-0175,RB,,24,40
138631,5075,ARI,MC-2900,LWR,WR,19,32
138632,5075,ARI,KJ-0537,SWR,,19,32
138633,5075,ARI,CC-2100,TE,,15,25
138634,5075,ARI,MW-2450,TE,,14,23
138635,5075,ARI,TS-1425,RWR,,4,7
138636,5075,ARI,JH-3675,ILB,ILB,79,100
138637,5075,ARI,DS-5150,SS,SS,79,100
138638,5075,ARI,BB-0550,FS,FS,77,97
138639,5075,ARI,CJ-2050,DL,SAM,75,95
138640,5075,ARI,BM-3687,RCB,CB,75,95
138641,5075,ARI,TB-2700,LCB,CB,73,92
138642,5075,ARI,HR-0050,ILB,ILB,67,85
138643,5075,ARI,TS-3500,WILL,WILL,58,73
138644,5075,ARI,CP-1300,NT,NT,55,70
138645,5075,ARI,RG-2375,RDE,DE,54,68
138646,5075,ARI,ZA-0150,LDE,,45,57
138647,5075,ARI,JW-0525,ILB,,34,43
138648,5075,ARI,CJ-2156,DB,SAM,30,38
138649,5075,ARI,CM-0250,WILL,,22,28
138650,5075,ARI,CM-1600,RDE,,19,24
138651,5075,ARI,DT-1237,SS,DB,15,19
138652,5075,ARI,MB-4175,NT,,7,9
138653,5075,ARI,BR-0200,SLB,,5,6
138654,5075,BAL,RS-2650,LT,LT,79,100
138655,5075,BAL,MS-2050,C,C,79,100
138656,5075,BAL,OB-0350,OL,RT,79,100
138657,5075,BAL,BB-2552,LG,LG,79,100
138658,5075,BAL,LJ-0150,QB,QB,79,100
138659,5075,BAL,MY-0100,RG,RG,79,100
138660,5075,BAL,MB-4075,LWR,WR,51,65
138661,5075,BAL,NB-0450,TE,TE,49,62
138662,5075,BAL,MI-0100,RB,RB,46,58
138663,5075,BAL,WS-0925,LWR,WR,44,56
138664,5075,BAL,MA-1050,TE,,42,53
138665,5075,BAL,MB-3325,RWR,WR,38,48
138666,5075,BAL,HH-0350,TE,,33,42
138667,5075,BAL,SR-0750,RWR,,27,34
138668,5075,BAL,PR-0125,FB,,25,32
138669,5075,BAL,JH-4085,RB,,16,20
138670,5075,BAL,GE-0150,RB,,16,20
138671,5075,BAL,CM-2675,LWR,,7,9
138672,5075,BAL,JH-6500,LT,,1,1
138673,5075,BAL,TJ-0950,SS,SS,60,100
138674,5075,BAL,AA-0590,LCB,CB,60,100
138675,5075,BAL,MH-3742,LCB,LCB,60,100
138676,5075,BAL,PO-0175,MLB,MLB,60,100
138677,5075,BAL,ET-0200,FS,FS,60,100
138678,5075,BAL,BC-0500,RCB,RCB,60,100
138679,5075,BAL,MJ-2700,SLB,SAM,48,80
138680,5075,BAL,PM-0500,RUSH,DE,40,67
138681,5075,BAL,CW-3850,DE,,33,55
138682,5075,BAL,TW-2350,RUSH,,30,50
138683,5075,BAL,BW-2020,DT,DT,29,48
138684,5075,BAL,MP-1225,NT,NT,26,43
138685,5075,BAL,TB-2025,SLB,,21,35
138686,5075,BAL,KY-0075,WLB,,17,28
138687,5075,BAL,CB-1775,WLB,,15,25
138688,5075,BAL,MC-0375,LCB,,13,22
138689,5075,BAL,CJ-2350,RCB,CB,9,15
138690,5075,BAL,AL-0650,SS,,6,10
138691,5076,BUF,DD-0687,LT,LT,76,100
138692,5076,BUF,JF-0950,C,RG,76,100
138693,5076,BUF,MM-5350,C,C,76,100
138694,5076,BUF,JA-1087,QB,QB,76,100
138695,5076,BUF,QS-0075,LG,LG,71,93
138696,5076,BUF,JB-6950,LWR,WR,60,79
138697,5076,BUF,ZJ-0100,RWR,WR,45,59
138698,5076,BUF,FG-0200,RB,RB,45,59
138699,5076,BUF,DK-0950,TE,,41,54
138700,5076,BUF,LS-1550,TE,TE,41,54
138701,5076,BUF,TN-0650,LT,,40,53
138702,5076,BUF,CB-1130,SWR,,37,49
138703,5076,BUF,CF-0875,RT,RT,36,47
138704,5076,BUF,RF-1075,LWR,,27,36
138705,5076,BUF,DS-2177,RB,,25,33
138706,5076,BUF,TS-3656,TE,TE,21,28
138707,5076,BUF,IM-0125,SWR,,17,22
138708,5076,BUF,PD-0700,FB,,16,21
138709,5076,BUF,TY-0150,RB,,5,7
138710,5076,BUF,SL-0925,C,,5,7
138711,5076,BUF,MM-3168,SLB,SLB,70,100
138712,5076,BUF,TW-1725,LCB,CB,70,100
138713,5076,BUF,JP-4150,SS,SS,70,100
138714,5076,BUF,MH-4000,FS,FS,70,100
138715,5076,BUF,LW-0150,RCB,CB,70,100
138716,5076,BUF,TE-0012,MLB,MLB,70,100
138717,5076,BUF,TM-3450,LDE,LDE,44,63
138718,5076,BUF,EO-0275,DT,DT,42,60
138719,5076,BUF,JH-5900,RDE,RDE,41,59
138720,5076,BUF,SL-0950,DT,DT,29,41
138721,5076,BUF,SL-0350,RDE,,29,41
138722,5076,BUF,HP-0050,DT,,28,40
138723,5076,BUF,DJ-1275,LDE,,26,37
138724,5076,BUF,LA-0200,WLB,,25,36
138725,5076,BUF,KJ-0650,RCB,,25,36
138726,5076,BUF,SN-0150,NCB,,24,34
138727,5076,BUF,JP-2850,DT,,23,33
138728,5076,BUF,DM-0250,SS,NCB,14,20
138729,5076,NYG,WH-0637,LG,LG,70,100
138730,5076,NYG,MR-0645,RT,RT,70,100
138731,5076,NYG,NS-0500,LT,LT,70,100
138732,5076,NYG,KZ-0050,RG,RG,70,100
138733,5076,NYG,EM-0200,QB,QB,70,100
138734,5076,NYG,JH-0150,C,C,70,100
138735,5076,NYG,SB-0212,RB,RB,61,87
138736,5076,NYG,BF-0950,LWR,WR,55,79
138737,5076,NYG,EE-0400,TE,TE,55,79
138738,5076,NYG,RS-0975,LWR,,41,59
138739,5076,NYG,CL-0275,RWR,WR,40,57
138740,5076,NYG,RE-0400,TE,TE,33,47
138741,5076,NYG,TJ-2350,LWR,,30,43
138742,5076,NYG,CC-4450,LWR,,14,20
138743,5076,NYG,WG-0050,RB,,9,13
138744,5076,NYG,EP-0350,RB,,8,11
138745,5076,NYG,ET-0375,TE,,4,6
138746,5076,NYG,JP-1975,SS,SS,76,100
138747,5076,NYG,AO-0250,SILB,ILB,76,100
138748,5076,NYG,AB-1500,FS,FS,75,99
138749,5076,NYG,JJ-1550,RCB,RCB,74,97
138750,5076,NYG,DB-0325,LCB,LCB,73,96
138751,5076,NYG,RC-1950,RILB,SLB,64,84
138752,5076,NYG,MG-0925,SAM,SAM,63,83
138753,5076,NYG,LC-0250,WLB,WLB,61,80
138754,5076,NYG,BH-1212,DE,DL,58,76
138755,5076,NYG,DT-1725,NT,DL,57,75
138756,5076,NYG,GH-0050,LCB,,47,62
138757,5076,NYG,DL-0490,DE,DL,38,50
138758,5076,NYG,OX-0100,WLB,,25,33
138759,5076,NYG,OP-0150,DE,,18,24
138760,5076,NYG,MT-0850,SS,,15,20
138761,5076,NYG,RM-2750,DE,,13,17
138762,5076,NYG,TS-1750,RILB,,3,4
138763,5077,DAL,TS-2700,LT,LT,70,100
138764,5077,DAL,CW-2850,LG,LG,70,100
138765,5077,DAL,LC-0825,RT,RT,70,100
138766,5077,DAL,TF-1350,C,C,70,100
138767,5077,DAL,ZM-0050,RG,RG,70,100
138768,5077,DAL,DP-2037,QB,QB,70,100
138769,5077,DAL,AC-2350,RWR,WR,64,91
138770,5077,DAL,JW-6000,TE,TE,54,77
138771,5077,DAL,RC-1500,SWR,,53,76
138772,5077,DAL,EE-0250,RB,RB,53,76
138773,5077,DAL,MG-0175,LWR,WR,47,67
138774,5077,DAL,BJ-0950,TE,,24,34
138775,5077,DAL,DS-3031,LWR,,18,26
138776,5077,DAL,TP-1650,RB,,17,24
138777,5077,DAL,JO-0550,FB,FB,8,11
138778,5077,DAL,CW-3250,RWR,,6,9
138779,5077,DAL,CF-0675,LT,,3,4
138780,5077,DAL,DS-0850,TE,,3,4
138781,5077,DAL,JH-3210,SS,SS,62,100
138782,5077,DAL,JS-4150,MLB,MLB,62,100
138783,5077,DAL,BJ-2350,LCB,CB,60,97
138784,5077,DAL,XW-0200,FS,FS,60,97
138785,5077,DAL,CA-1350,RCB,CB,60,97
138786,5077,DAL,LV-0050,WLB,WLB,55,89
138787,5077,DAL,MC-2150,LDT,DT,50,81
138788,5077,DAL,DL-0450,LDE,DE,46,74
138789,5077,DAL,AB-3450,LCB,,43,69
138790,5077,DAL,DA-1625,RDE,,40,65
138791,5077,DAL,KH-3100,RDE,,36,58
138792,5077,DAL,CC-4550,RDT,,32,52
138793,5077,DAL,TC-2950,LDT,DE,18,29
138794,5077,DAL,AW-1950,RDT,DT,18,29
138795,5077,DAL,SL-0500,SLB,LB,15,24
138796,5077,DAL,JL-1825,NCB,,11,18
138797,5077,DAL,JJ-0375,LDE,,10,16
138798,5077,DAL,KF-0425,SS,,2,3
138799,5077,DAL,JT-1650,MLB,,2,3
138800,5077,WAS,BS-0950,RG,RG,62,100
138801,5077,WAS,EF-0075,LG,LG,62,100
138802,5077,WAS,DP-1100,LT,LT,62,100
138803,5077,WAS,MM-5450,RT,RT,62,100
138804,5077,WAS,CK-0250,QB,QB,62,100
138805,5077,WAS,CR-1650,C,C,62,100
138806,5077,WAS,TM-2275,LWR,WR,56,90
138807,5077,WAS,PR-0150,RWR,,54,87
138808,5077,WAS,TQ-0100,SWR,WR,49,79
138809,5077,WAS,VD-0100,TE,,46,74
138810,5077,WAS,CT-1220,RB,,28,45
138811,5077,WAS,JS-5475,TE,TE,22,35
138812,5077,WAS,AP-0700,RB,RB,18,29
138813,5077,WAS,WS-0650,RB,,16,26
138814,5077,WAS,KH-0525,RWR,WR,6,10
138815,5077,WAS,SS-1537,SWR,,5,8
138816,5077,WAS,RD-0450,LWR,,4,6
138817,5077,WAS,RA-1175,SLB,,28,100
138818,5077,WAS,GC-0487,LT,,2,7
138819,5077,WAS,TB-1150,C,,2,7
138820,5077,WAS,JN-1750,RCB,CB,70,100
138821,5077,WAS,LC-0850,SS,SS,70,100
138822,5077,WAS,DP-0662,NT,DT,64,91
138823,5077,WAS,CH-3475,MLB,MLB,63,90
138824,5077,WAS,MN-0550,FS,FS,61,87
138825,5077,WAS,MI-0175,DE,DT,60,86
138826,5077,WAS,JM-6150,LCB,,60,86
138827,5077,WAS,DR-2800,RCB,CB,55,79
138828,5077,WAS,JB-4550,MLB,MLB,55,79
138829,5077,WAS,MS-5675,SLB,OLB,51,73
138830,5077,WAS,RK-0500,WLB,WLB,50,71
138831,5077,WAS,TS-1256,NT,DT,33,47
138832,5077,WAS,SH-0056,MLB,,22,31
138833,5077,WAS,DE-1300,SS,,13,19
138834,5077,WAS,CM-2125,WLB,,11,16
138835,5077,WAS,ST-0475,RCB,,3,4
138836,5077,WAS,TH-1525,DE,,1,1
138837,5078,IND,AC-1200,LT,LT,72,100
138838,5078,IND,BS-2450,RT,RT,72,100
138839,5078,IND,QN-0075,LG,LG,72,100
138840,5078,IND,MG-0875,RG,RG,72,100
138841,5078,IND,RK-0350,C,C,72,100
138842,5078,IND,JB-5725,QB,QB,72,100
138843,5078,IND,TH-1850,LWR,WR,65,90
138844,5078,IND,JD-2550,TE,TE,51,71
138845,5078,IND,MM-0050,RB,RB,49,68
138846,5078,IND,EE-0050,TE,,34,47
138847,5078,IND,DC-0025,LWR,WR,33,46
138848,5078,IND,ZP-0050,RWR,WR,32,44
138849,5078,IND,CR-1525,RWR,,29,40
138850,5078,IND,MA-0487,TE,,24,33
138851,5078,IND,PC-0050,LWR,,18,25
138852,5078,IND,NH-1237,RB,,14,19
138853,5078,IND,JW-3325,RB,,11,15
138854,5078,IND,DL-0925,WLB,WLB,60,100
138855,5078,IND,MH-3250,FS,FS,60,100
138856,5078,IND,KM-2650,RCB,CB,59,98
138857,5078,IND,AM-3025,DE,,50,83
138858,5078,IND,RY-0050,LCB,CB,49,82
138859,5078,IND,DA-2050,DT,DT,48,80
138860,5078,IND,JH-5500,DE,DE,46,77
138861,5078,IND,CG-0750,SS,SS,42,70
138862,5078,IND,AW-0262,MLB,MLB,35,58
138863,5078,IND,TL-0950,DT,,32,53
138864,5078,IND,KW-1850,SS,,30,50
138865,5078,IND,MH-3750,NT,NT,28,47
138866,5078,IND,PD-0450,LCB,CB,28,47
138867,5078,IND,GS-1250,NT,,26,43
138868,5078,IND,MA-0075,SLB,SAM,24,40
138869,5078,IND,QW-0300,RCB,,22,37
138870,5078,IND,BO-0112,MLB,,11,18
138871,5078,IND,BB-0675,DE,,7,12
138872,5078,IND,JW-0725,DT,,2,3
138873,5078,IND,GO-0050,FS,,1,2
138874,5078,TEN,DK-0430,LT,LT,60,100
138875,5078,TEN,RS-0100,LG,LG,60,100
138876,5078,TEN,JC-4050,RT,RT,60,100
138877,5078,TEN,JD-2512,RG,RG,60,100
138878,5078,TEN,MM-0912,QB,QB,60,100
138879,5078,TEN,BJ-1950,C,C,60,100
138880,5078,TEN,CD-0975,LWR,,50,83
138881,5078,TEN,AH-3862,SWR,,34,57
138882,5078,TEN,DW-0500,TE,TE,34,57
138883,5078,TEN,TS-1262,RWR,,32,53
138884,5078,TEN,DH-2450,RB,RB,30,50
138885,5078,TEN,DL-1700,RB,,30,50
138886,5078,TEN,JS-4550,TE,TE,29,48
138887,5078,TEN,MP-2350,TE,TE,28,47
138888,5078,TEN,AB-3150,RWR,WR,27,45
138889,5078,TEN,AF-0550,TE,,3,5
138890,5078,TEN,DB-0975,RILB,,1,2
138891,5078,TEN,DJ-0850,LWR,,1,2
138892,5078,TEN,DQ-0100,LT,,1,2
138893,5078,TEN,KB-2850,FS,FS,72,100
138894,5078,TEN,KV-0050,SS,SS,72,100
138895,5078,TEN,MB-5250,RCB,CB,72,100
138896,5078,TEN,LR-0600,LCB,DB,72,100
138897,5078,TEN,JB-6837,RILB,ILB,69,96
138898,5078,TEN,RE-0700,LILB,ILB,68,94
138899,5078,TEN,HL-0050,ROLB,OLB,61,85
138900,5078,TEN,JC-1700,DT,DT,57,79
138901,5078,TEN,AJ-0050,LCB,CB,50,69
138902,5078,TEN,SF-0125,LOLB,OLB,43,60
138903,5078,TEN,DJ-2250,NT,NT,39,54
138904,5078,TEN,IM-0025,LDE,,28,39
138905,5078,TEN,KC-2325,ROLB,,22,31
138906,5078,TEN,AH-3625,FS,,18,25
138907,5078,TEN,CW-0100,LOLB,,17,24
138908,5078,TEN,AJ-1137,DT,,15,21
138909,5078,TEN,MD-0318,NT,,9,13
138910,5078,TEN,WW-0900,LILB,,6,8
138911,5078,TEN,DC-4275,SS,,1,1
138912,5078,TEN,LS-0950,RCB,,1,1
138913,5079,JAC,JT-0950,RT,RT,67,100
138914,5079,JAC,WR-0437,RG,LT,67,100
138915,5079,JAC,AN-0400,LG,LG,67,100
138916,5079,JAC,AC-0250,RG,RG,67,100
138917,5079,JAC,BL-1150,C,C,67,100
138918,5079,JAC,GM-1350,QB,QB,67,100
138919,5079,JAC,LF-0650,RB,RB,65,97
138920,5079,JAC,DW-2275,SWR,WR,58,87
138921,5079,JAC,CC-3950,SWR,WR,57,85
138922,5079,JAC,DC-1418,RWR,WR,55,82
138923,5079,JAC,JO-0150,TE,TE,44,66
138924,5079,JAC,GS-1400,TE,,35,52
138925,5079,JAC,SD-0534,TE,,10,15
138926,5079,JAC,KC-1550,SWR,,9,13
138927,5079,JAC,TE-0350,RB,,2,3
138928,5079,JAC,JW-4925,FS,FS,66,100
138929,5079,JAC,TH-1450,RCB,CB,66,100
138930,5079,JAC,RH-1150,SS,SS,66,100
138931,5079,JAC,QW-0050,WLB,WLB,66,100
138932,5079,JAC,JR-0150,LCB,LCB,66,100
138933,5079,JAC,MJ-0015,MLB,MLB,66,100
138934,5079,JAC,JA-1090,DE,DE,61,92
138935,5079,JAC,CC-0200,DE,DE,56,85
138936,5079,JAC,DH-2150,LCB,DB,48,73
138937,5079,JAC,AJ-1150,NT,NT,42,64
138938,5079,JAC,MD-0100,DT,DT,36,55
138939,5079,JAC,DS-3125,DE,,27,41
138940,5079,JAC,LM-1020,DE,,23,35
138941,5079,JAC,LJ-0312,SLB,,18,27
138942,5079,JAC,TB-3450,DT,,17,26
138943,5079,JAC,DR-3650,NT,,2,3
138944,5079,HOU,ZF-0300,RG,RG,66,100
138945,5079,HOU,RJ-1450,LT,RT,66,100
138946,5079,HOU,TH-2862,LG,LG,66,100
138947,5079,HOU,NM-0275,C,C,66,100
138948,5079,HOU,DW-1725,QB,QB,66,100
138949,5079,HOU,LT-0950,LT,LT,65,98
138950,5079,HOU,DH-3950,LWR,WR,62,94
138951,5079,HOU,WF-0300,RWR,WR,60,91
138952,5079,HOU,DF-0550,TE,TE,44,67
138953,5079,HOU,CH-5000,RB,RB,40,61
138954,5079,HOU,JA-0462,TE,,39,59
138955,5079,HOU,KC-2375,SWR,WR,29,44
138956,5079,HOU,DJ-1850,RB,,26,39
138957,5079,HOU,KS-2350,RWR,,25,38
138958,5079,HOU,CG-1015,FB,,3,5
138959,5079,HOU,GH-1162,RB,,1,2
138960,5079,HOU,DC-1050,SWR,,1,2
138961,5079,HOU,SH-0650,RT,,1,2
138962,5079,HOU,TG-0950,SS,S,67,100
138963,5079,HOU,BR-1050,RCB,CB,67,100
138964,5079,HOU,JW-1100,DE,DE,66,99
138965,5079,HOU,JJ-5000,LCB,CB,65,97
138966,5079,HOU,WM-0550,SLB,OLB,64,96
138967,5079,HOU,BM-1450,MIKE,ILB,64,96
138968,5079,HOU,JR-1550,FS,S,59,88
138969,5079,HOU,LJ-1187,RCB,CB,52,78
138970,5079,HOU,ZC-0300,WILL,ILB,49,73
138971,5079,HOU,DR-0625,NT,NT,42,63
138972,5079,HOU,AB-1925,DE,DE,33,49
138973,5079,HOU,CO-0850,DE,,30,45
138974,5079,HOU,JA-0280,SS,,26,39
138975,5079,HOU,JM-0950,JACK,,17,25
138976,5079,HOU,BS-0850,JACK,,15,22
138977,5079,HOU,BD-1100,NT,,13,19
138978,5079,HOU,DC-2812,WILL,,8,12
138979,5080,LAC,TS-0850,LT,LT,67,100
138980,5080,LAC,DF-0450,LG,LG,67,100
138981,5080,LAC,ST-0375,RT,RT,67,100
138982,5080,LAC,MS-0525,RG,RG,67,100
138983,5080,LAC,PR-0300,QB,QB,67,100
138984,5080,LAC,MP-2000,C,C,67,100
138985,5080,LAC,KA-0650,LWR,WR,61,91
138986,5080,LAC,VG-0300,TE,TE,59,88
138987,5080,LAC,AE-0550,RB,RB,49,73
138988,5080,LAC,TB-1060,LWR,,44,66
138989,5080,LAC,MW-2825,RWR,WR,41,61
138990,5080,LAC,DI-0075,LWR,,38,57
138991,5080,LAC,JJ-0575,RB,,18,27
138992,5080,LAC,SC-1850,TE,TE,16,24
138993,5080,LAC,DW-1750,FB,,6,9
138994,5080,LAC,FL-0100,RG,,2,3
138995,5080,LAC,GD-0050,RWR,,1,1
138996,5080,LAC,BF-0050,LCB,LCB,61,100
138997,5080,LAC,RJ-0650,S,S,61,100
138998,5080,LAC,CH-2250,RCB,RCB,61,100
138999,5080,LAC,TD-0700,OLB,LB,61,100
139000,5080,LAC,KW-0896,OLB,LB,54,89
139001,5080,LAC,JB-4450,LDE,DE,53,87
139002,5080,LAC,AP-1050,S,S,51,84
139003,5080,LAC,MI-0150,DE,DE,50,82
139004,5080,LAC,JJ-4850,DT,DT,41,67
139005,5080,LAC,DK-0687,RCB,CB,35,57
139006,5080,LAC,BM-1800,NT,NT,30,49
139007,5080,LAC,UN-0200,OLB,,27,44
139008,5080,LAC,JT-2843,DT,,27,44
139009,5080,LAC,DS-3350,NT,,23,38
139010,5080,LAC,IR-0400,LDE,,19,31
139011,5080,LAC,JW-0950,S,,16,26
139012,5080,LAC,NA-0037,S,,1,2
139013,5080,DET,RW-0150,RT,RT,61,100
139014,5080,DET,FR-0025,C,C,61,100
139015,5080,DET,TC-2987,LT,LT,61,100
139016,5080,DET,MS-4100,QB,QB,61,100
139017,5080,DET,MJ-2250,RWR,WR,56,92
139018,5080,DET,KG-0650,LWR,WR,56,92
139019,5080,DET,GG-0342,RG,RG,49,80
139020,5080,DET,TH-1875,TE,TE,48,79
139021,5080,DET,JD-0012,LG,LG,46,75
139022,5080,DET,DA-0900,SWR,WR,35,57
139023,5080,DET,KJ-0587,RB,RB,33,54
139024,5080,DET,JJ-0725,TE,,30,49
139025,5080,DET,KW-0930,LG,,27,44
139026,5080,DET,TJ-2275,RB,,13,21
139027,5080,DET,CA-0750,RB,,12,20
139028,5080,DET,NB-0125,FB,,10,16
139029,5080,DET,LT-0275,TE,,6,10
139030,5080,DET,JM-3475,RB,,4,7
139031,5080,DET,CL-0125,LWR,,2,3
139032,5080,DET,QD-0300,SS,SS,67,100
139033,5080,DET,RM-3850,LCB,CB,67,100
139034,5080,DET,TW-0152,FS,FS,67,100
139035,5080,DET,DS-2250,LCB,CB,65,97
139036,5080,DET,DK-0465,OLB,OLB,64,96
139037,5080,DET,CJ-2175,OLB,OLB,60,90
139038,5080,DET,JC-3518,RCB,,52,78
139039,5080,DET,RO-0450,LDE,,47,70
139040,5080,DET,JT-0687,MLB,MLB,46,69
139041,5080,DET,TF-0750,RDE,DE,39,58
139042,5080,DET,DH-1850,LDT,DT,34,51
139043,5080,DET,JR-1450,OLB,,33,49
139044,5080,DET,MD-0060,LDT,DT,29,43
139045,5080,DET,AR-1115,RDT,,29,43
139046,5080,DET,WH-0250,SS,,16,24
139047,5080,DET,TW-3250,SS,DB,11,16
139048,5080,DET,KS-2450,RDT,,10,15
139049,5080,DET,MF-1227,LCB,,1,1
139050,5081,MIN,KR-1200,TE,TE,65,100
139051,5081,MIN,RR-0250,LT,LT,65,100
139052,5081,MIN,BO-0050,RT,RT,65,100
139053,5081,MIN,DD-2525,LG,LG,65,100
139054,5081,MIN,JK-1650,RG,RG,65,100
139055,5081,MIN,KC-2350,QB,QB,65,100
139056,5081,MIN,GB-0750,C,C,65,100
139057,5081,MIN,AT-0350,LWR,WR,64,98
139058,5081,MIN,SD-0537,RWR,WR,58,89
139059,5081,MIN,DC-3550,RB,HB,47,72
139060,5081,MIN,IS-0275,TE,TE,27,42
139061,5081,MIN,CH-0525,FB,,25,38
139062,5081,MIN,CB-1152,LWR,,16,25
139063,5081,MIN,AM-0825,RB,,8,12
139064,5081,MIN,AA-0025,RB,,7,11
139065,5081,MIN,TC-2375,TE,,6,9
139066,5081,MIN,OJ-0050,LB,,2,3
139067,5081,MIN,AH-1300,FS,FS,74,100
139068,5081,MIN,TW-1187,LCB,LCB,74,100
139069,5081,MIN,EK-0250,MLB,MLB,74,100
139070,5081,MIN,HS-0130,SS,SS,74,100
139071,5081,MIN,AB-0650,SLB,SLB,74,100
139072,5081,MIN,XR-0100,RCB,RCB,74,100
139073,5081,MIN,EG-0900,RDE,RDE,68,92
139074,5081,MIN,DH-4650,LDE,LDE,67,91
139075,5081,MIN,LJ-1700,NT,NT,57,77
139076,5081,MIN,SS-2750,DT,DT,53,72
139077,5081,MIN,JK-0225,FS,,39,53
139078,5081,MIN,EW-1350,SLB,WLB,36,49
139079,5081,MIN,JJ-2525,NT,,19,26
139080,5081,MIN,SW-0600,LDE,,14,19
139081,5081,MIN,HM-0025,DT,,8,11
139082,5081,MIN,IO-0050,RDE,,7,9
139083,5081,MIN,NM-0450,RCB,,5,7
139084,5081,MIN,KB-1675,LCB,,1,1
139085,5081,MIN,KB-2150,MLB,,1,1
139086,5081,MIN,MB-2950,RB,,1,1
139087,5081,MIN,ME-0485,SS,,1,1
139088,5081,GB,BB-3700,RT,RT,74,100
139089,5081,GB,DB-0350,LT,LT,74,100
139090,5081,GB,BT-1250,RG,RG,74,100
139091,5081,GB,CL-0975,C,C,74,100
139092,5081,GB,AR-1300,QB,QB,74,100
139093,5081,GB,DA-0212,LWR,WR,71,96
139094,5081,GB,MV-0012,RWR,WR,65,88
139095,5081,GB,LT-0150,LG,LG,56,76
139096,5081,GB,JG-2900,TE,,54,73
139097,5081,GB,AJ-1143,RB,RB,43,58
139098,5081,GB,JW-3650,RB,,35,47
139099,5081,GB,GA-0250,RWR,,34,46
139100,5081,GB,ML-1500,TE,TE,31,42
139101,5081,GB,RT-1250,TE,TE,22,30
139102,5081,GB,EJ-0425,LG,,18,24
139103,5081,GB,DV-0550,FB,,8,11
139104,5081,GB,JK-2250,LWR,,6,8
139105,5081,GB,TD-0737,LWR,,4,5
139106,5081,GB,AA-0543,FS,S,65,100
139107,5081,GB,BG-0850,LILB,ILB,38,58
139108,5081,GB,KF-0050,LOLB,,21,32
139109,5081,GB,WR-0350,SS,,12,18
139110,5081,GB,TS-3575,LILB,,1,2
139111,5081,GB,TB-3150,LCB,,1,2
139112,5081,GB,HB-0350,LS,,1,2
139113,5081,GB,AL-0387,LWR,,1,2
139114,5081,GB,DS-0712,SS,S,65,100
139115,5081,GB,BM-0345,LILB,ILB,65,100
139116,5081,GB,JA-0475,LCB,CB,65,100
139117,5081,GB,KK-0750,RCB,CB,64,98
139118,5081,GB,PS-0550,LOLB,OLB,57,88
139119,5081,GB,ZS-0075,ROLB,OLB,56,86
139120,5081,GB,KC-1225,NT,NT,56,86
139121,5081,GB,DL-2325,DE,DE,43,66
139122,5081,GB,TL-0275,NT,,32,49
139123,5081,GB,TW-2700,RCB,,21,32
139124,5081,GB,MA-0275,DE,DE,19,29
139125,5081,GB,RG-1818,FS,,15,23
139126,5081,GB,RG-0450,ROLB,,14,22
139127,5081,GB,FB-0650,DE,,6,9
139128,5081,GB,JJ-0525,LCB,,1,2
139129,5082,NE,TK-0050,C,C,72,100
139130,5082,NE,SM-0850,RG,RG,72,100
139131,5082,NE,MN-0400,LT,RT,72,100
139132,5082,NE,TB-2300,QB,QB,72,100
139133,5082,NE,JT-2825,LG,LG,66,92
139134,5082,NE,JE-0100,RWR,WR,66,92
139135,5082,NE,KC-2650,RT,,60,83
139136,5082,NE,JG-2450,RWR,WR,57,79
139137,5082,NE,ML-0050,TE,TE,42,58
139138,5082,NE,PD-0800,LWR,,35,49
139139,5082,NE,SM-2625,RB,RB,35,49
139140,5082,NE,RI-0500,TE,,31,43
139141,5082,NE,JD-1650,RB,FB,27,38
139142,5082,NE,AB-3500,LWR,,24,33
139143,5082,NE,JW-2550,RB,,22,31
139144,5082,NE,RB-4670,RB,,17,24
139145,5082,NE,IW-0400,LT,LT,12,17
139146,5082,NE,JF-1150,C,,6,8
139147,5082,NE,MS-2100,LWR,,4,6
139148,5082,NE,JM-2800,LCB,LCB,50,100
139149,5082,NE,DM-1300,S,S,49,98
139150,5082,NE,DH-1250,S,S,48,96
139151,5082,NE,SG-0650,RCB,RCB,45,90
139152,5082,NE,JJ-4565,RCB,DB,44,88
139153,5082,NE,KV-0075,LB,LB,41,82
139154,5082,NE,DH-2950,LB,LB,37,74
139155,5082,NE,AB-4000,DT,LDE,37,74
139156,5082,NE,JC-3550,LB,LB,36,72
139157,5082,NE,JJ-0050,LCB,,34,68
139158,5082,NE,PC-0300,S,,31,62
139159,5082,NE,TB-2750,S,,30,60
139160,5082,NE,JB-3125,LB,,30,60
139161,5082,NE,CW-3375,LDE,,26,52
139162,5082,NE,MB-1900,RDE,,25,50
139163,5082,NE,SC-0025,LB,,24,48
139164,5082,NE,ER-0250,LB,,23,46
139165,5082,NE,JS-3250,RDE,,21,42
139166,5082,NE,DS-1850,DT,DT,21,42
139167,5082,NE,BC-2650,DT,,16,32
139168,5082,NE,LG-1000,DT,DT,14,28
139169,5082,MIA,JW-1400,LT,RT,62,100
139170,5082,MIA,DK-0600,C,C,62,100
139171,5082,MIA,JD-0850,LT,LT,62,100
139172,5082,MIA,MD-0187,LG,LG,62,100
139173,5082,MIA,DP-0350,LWR,WR,57,92
139174,5082,MIA,DI-0300,RG,RG,48,77
139175,5082,MIA,PW-1150,LWR,WR,42,68
139176,5082,MIA,JG-2950,RWR,,38,61
139177,5082,MIA,RF-0500,QB,QB,38,61
139178,5082,MIA,MG-0325,TE,,35,56
139179,5082,MIA,KD-1462,RB,,34,55
139180,5082,MIA,AH-3900,SWR,,28,45
139181,5082,MIA,DS-3137,TE,WR,25,40
139182,5082,MIA,JR-3250,QB,,24,39
139183,5082,MIA,KB-0150,RB,RB,21,34
139184,5082,MIA,NO-0150,TE,TE,14,23
139185,5082,MIA,EB-1275,C,,14,23
139186,5082,MIA,MW-0650,RB,,10,16
139187,5082,MIA,CC-4575,TE,,6,10
139188,5082,MIA,JB-0550,LB,LB,69,100
139189,5082,MIA,XH-0100,RCB,CB,68,99
139190,5082,MIA,BM-0775,S,S,68,99
139191,5082,MIA,MF-0550,S,S,68,99
139192,5082,MIA,ER-0475,LCB,CB,67,97
139193,5082,MIA,CH-1450,OLB,LB,66,96
139194,5082,MIA,SE-0150,OLB,LB,64,93
139195,5082,MIA,AM-2975,LDE,DE,51,74
139196,5082,MIA,CW-2150,DE,DE,44,64
139197,5082,MIA,DG-1275,NT,DT,39,57
139198,5082,MIA,JW-5450,LCB,,39,57
139199,5082,MIA,RM-3150,LB,LB,36,52
139200,5082,MIA,JJ-1650,LDE,,33,48
139201,5082,MIA,TC-0370,NT,,31,45
139202,5082,MIA,VB-0096,LB,,16,23
139203,5082,MIA,SP-0425,S,,16,23
139204,5082,MIA,CL-0212,LCB,,5,7
139205,5082,MIA,KW-0862,RCB,,5,7
139206,5082,MIA,WA-0050,S,,4,6
139207,5082,MIA,JC-5565,OLB,,3,4
139208,5083,SF,MM-2565,RT,RT,72,100
139209,5083,SF,LT-0650,LG,LG,72,100
139210,5083,SF,WR-0450,C,C,72,100
139211,5083,SF,JG-0650,QB,QB,72,100
139212,5083,SF,MP-0900,RG,RG,66,92
139213,5083,SF,JS-5700,LT,LT,53,74
139214,5083,SF,GK-0075,TE,TE,48,67
139215,5083,SF,KJ-1400,FB,FB,37,51
139216,5083,SF,MG-1050,RWR,WR,37,51
139217,5083,SF,DP-1263,LWR,,35,49
139218,5083,SF,LT-0550,TE,,34,47
139219,5083,SF,RM-5050,RB,,34,47
139220,5083,SF,RJ-0450,RWR,,33,46
139221,5083,SF,DS-0150,LWR,WR,29,40
139222,5083,SF,KB-1625,LWR,,23,32
139223,5083,SF,MB-3537,RB,RB,21,29
139224,5083,SF,JS-3737,RT,,19,26
139225,5083,SF,JW-4975,RB,,15,21
139226,5083,SF,RD-2300,TE,,14,19
139227,5083,SF,BG-0250,C,,6,8
139228,5083,SF,TM-3162,FS,FS,70,100
139229,5083,SF,AW-1850,RCB,RCB,69,99
139230,5083,SF,JT-0650,SS,SS,55,79
139231,5083,SF,FW-0350,MIKE,LB,55,79
139232,5083,SF,RS-1000,LCB,LCB,54,77
139233,5083,SF,KA-0625,WILL,,52,74
139234,5083,SF,KW-1550,NCB,NCB,50,71
139235,5083,SF,AA-0562,RDE,RDE,43,61
139236,5083,SF,DJ-2150,LDT,LDE,37,53
139237,5083,SF,RB-2212,LDE,,35,50
139238,5083,SF,DB-5475,RDT,DT,34,49
139239,5083,SF,ST-0525,RDE,,33,47
139240,5083,SF,NB-0350,LDE,,31,44
139241,5083,SF,DF-1350,LDE,LDE,25,36
139242,5083,SF,SD-0531,LDT,,24,34
139243,5083,SF,JT-1075,RDT,,21,30
139244,5083,SF,DG-2693,SAM,LB,20,29
139245,5083,SF,EM-1750,LCB,,16,23
139246,5083,SF,AA-0250,MIKE,,15,21
139247,5083,SF,AE-1100,SS,,15,21
139248,5083,SF,DR-0750,NCB,,15,21
139249,5083,SF,MN-0900,SAM,,1,1
139250,5083,CIN,TH-2450,C,C,70,100
139251,5083,CIN,JM-4550,RG,RG,70,100
139252,5083,CIN,BH-0750,RT,RT,70,100
139253,5083,CIN,AD-0100,QB,QB,70,100
139254,5083,CIN,JR-3280,RWR,WR,60,86
139255,5083,CIN,TB-2075,SWR,WR,55,79
139256,5083,CIN,MJ-2562,LG,LG,55,79
139257,5083,CIN,JJ-2100,LG,,47,67
139258,5083,CIN,DW-3987,LWR,WR,45,64
139259,5083,CIN,CU-0150,TE,TE,42,60
139260,5083,CIN,JM-5275,RB,HB,38,54
139261,5083,CIN,GB-0350,RB,,28,40
139262,5083,CIN,AT-0247,LWR,,25,36
139263,5083,CIN,AS-2000,LT,LT,23,33
139264,5083,CIN,DS-0050,TE,,19,27
139265,5083,CIN,TE-0300,TE,,19,27
139266,5083,CIN,BP-1250,C,,15,21
139267,5083,CIN,AE-1037,SWR,,15,21
139268,5083,CIN,SP-0825,RB,,4,6
139269,5083,CIN,SW-1550,SS,S,72,100
139270,5083,CIN,DK-0750,LCB,CB,72,100
139271,5083,CIN,WJ-0150,RCB,CB,72,100
139272,5083,CIN,JB-1650,FS,S,72,100
139273,5083,CIN,NV-0200,SLB,LB,71,99
139274,5083,CIN,SH-1393,RDE,RDE,64,89
139275,5083,CIN,PB-0750,MLB,LB,62,86
139276,5083,CIN,CD-2200,LDE,LDE,61,85
139277,5083,CIN,GA-0400,RDT,DT,48,67
139278,5083,CIN,RG-1150,RDT,,46,64
139279,5083,CIN,AB-1650,NT,NT,40,56
139280,5083,CIN,JT-4325,NT,,36,50
139281,5083,CIN,BW-0770,RCB,NCB,32,44
139282,5083,CIN,CL-0375,RDE,,27,38
139283,5083,CIN,BW-2550,FS,,8,11
139284,5083,CIN,TM-2350,LCB,,5,7
139285,5083,CIN,DP-1266,RCB,,2,3
139286,5083,CIN,KW-2800,LDE,,2,3
139287,5084,SEA,DB-4900,LT,LT,79,100
139288,5084,SEA,GI-0100,RT,RT,79,100
139289,5084,SEA,JB-5750,C,C,79,100
139290,5084,SEA,RW-3850,QB,QB,79,100
139291,5084,SEA,MI-0200,LG,LG,77,97
139292,5084,SEA,TL-1025,RWR,WR,70,89
139293,5084,SEA,DM-2275,LWR,WR,70,89
139294,5084,SEA,DF-1250,RG,RG,59,75
139295,5084,SEA,JB-6750,LWR,WR,58,73
139296,5084,SEA,WD-0550,TE,TE,47,59
139297,5084,SEA,CC-0750,RB,RB,43,54
139298,5084,SEA,NV-0050,TE,,33,42
139299,5084,SEA,RP-0550,RB,,26,33
139300,5084,SEA,EP-0575,LG,,22,28
139301,5084,SEA,MT-2350,LWR,,16,20
139302,5084,SEA,GF-0025,RT,,16,20
139303,5084,SEA,CP-2550,RB,,10,13
139304,5084,SEA,NB-0200,FB,,4,5
139305,5084,SEA,JU-0400,LWR,,2,3
139306,5084,SEA,TF-0725,RCB,RCB,57,100
139307,5084,SEA,SG-1600,DB,LCB,57,100
139308,5084,SEA,DH-3112,SS,FS,57,100
139309,5084,SEA,BW-0150,MLB,MLB,57,100
139310,5084,SEA,BM-1250,SS,SS,57,100
139311,5084,SEA,KW-2500,ROLB,WLB,54,95
139312,5084,SEA,QJ-0150,LDT,NT,45,79
139313,5084,SEA,JC-3350,LDE,LEO,39,68
139314,5084,SEA,MK-0730,SLB,SLB,39,68
139315,5084,SEA,BJ-0250,LEO,,37,65
139316,5084,SEA,AW-1900,LDT,DT,36,63
139317,5084,SEA,RG-1675,LEO,DE,31,54
139318,5084,SEA,BM-3375,RDT,,23,40
139319,5084,SEA,JT-0850,LCB,,19,33
139320,5084,SEA,LC-0812,LDE,,16,28
139321,5084,SEA,AK-0350,LCB,,2,4
139322,5084,SEA,UA-0100,FS,,1,2
139323,5084,PIT,AV-0350,LT,LT,57,100
139324,5084,PIT,DD-0750,RG,RG,57,100
139325,5084,PIT,RF-0900,LG,LG,57,100
139326,5084,PIT,MF-0350,RT,RT,57,100
139327,5084,PIT,MP-1900,C,C,57,100
139328,5084,PIT,VM-0250,TE,TE,52,91
139329,5084,PIT,JS-4750,RWR,WR,47,82
139330,5084,PIT,JW-0934,RWR,,34,60
139331,5084,PIT,JC-4075,RB,RB,31,54
139332,5084,PIT,BR-1100,QB,QB,29,51
139333,5084,PIT,MR-2350,QB,,28,49
139334,5084,PIT,DJ-1675,RWR,,27,47
139335,5084,PIT,JS-0280,RB,,22,39
139336,5084,PIT,XG-0100,TE,TE,20,35
139337,5084,PIT,DM-2775,LWR,WR,18,32
139338,5084,PIT,RS-3525,LWR,,13,23
139339,5084,PIT,ZB-0050,RT,,13,23
139340,5084,PIT,JH-5125,LWR,,6,11
139341,5084,PIT,BS-2950,RB,,2,4
139342,5084,PIT,TE-0006,SS,SS,79,100
139343,5084,PIT,JH-0100,LCB,LCB,79,100
139344,5084,PIT,SN-0450,RCB,RCB,79,100
139345,5084,PIT,MB-0650,LILB,LILB,79,100
139346,5084,PIT,BD-1200,ROLB,ROLB,74,94
139347,5084,PIT,TW-1137,LOLB,LOLB,70,89
139348,5084,PIT,DB-6050,LILB,,63,80
139349,5084,PIT,CH-3100,DT,DE,58,73
139350,5084,PIT,ST-1150,DE,DE,56,71
139351,5084,PIT,SD-0250,FS,FS,55,70
139352,5084,PIT,MH-2975,NCB,CB,44,56
139353,5084,PIT,JH-1375,NT,,38,48
139354,5084,PIT,KK-0325,FS,,24,30
139355,5084,PIT,CS-4425,NCB,,19,24
139356,5084,PIT,TA-0600,DE,,19,24
139357,5084,PIT,AC-1350,LOLB,,10,13
139358,5084,PIT,VW-0250,RILB,RILB,10,13
139359,5084,PIT,DM-1475,NT,,9,11
139360,5084,PIT,OA-0075,ROLB,,4,5
139361,5085,KC,MS-0550,RT,RT,76,100
139362,5085,KC,AW-2200,LG,LG,76,100
139363,5085,KC,AR-0625,C,C,76,100
139364,5085,KC,LD-1000,RG,RG,76,100
139365,5085,KC,PM-0025,QB,QB,76,100
139366,5085,KC,CE-0650,LT,,72,95
139367,5085,KC,SW-0450,RWR,WR,70,92
139368,5085,KC,DR-2225,LWR,,69,91
139369,5085,KC,TK-0150,TE,TE,65,86
139370,5085,KC,MH-0875,RWR,WR,56,74
139371,5085,KC,DW-3125,RB,RB,39,51
139372,5085,KC,LM-1000,RB,,31,41
139373,5085,KC,BB-1550,TE,WR,25,33
139374,5085,KC,AS-0900,FB,,6,8
139375,5085,KC,DW-3243,RB,RB,5,7
139376,5085,KC,DT-0850,LWR,,4,5
139377,5085,KC,BP-1375,RWR,,4,5
139378,5085,KC,DT-1231,RB,,4,5
139379,5085,KC,EF-0050,LT,LT,4,5
139380,5085,KC,JA-1050,LG,,2,3
139381,5085,KC,CW-0637,LCB,LCB,65,100
139382,5085,KC,JT-2650,FS,FS,65,100
139383,5085,KC,BB-2725,RCB,RCB,65,100
139384,5085,KC,TM-0850,SS,SS,65,100
139385,5085,KC,AO-0370,LDE,LDE,58,89
139386,5085,KC,FC-0150,RDE,RDE,58,89
139387,5085,KC,CJ-2168,NT,LDT,54,83
139388,5085,KC,AH-3350,LB,LB,50,77
139389,5085,KC,DW-4025,LB,LB,50,77
139390,5085,KC,KF-0450,RCB,,49,75
139391,5085,KC,DN-1237,DT,RDT,23,35
139392,5085,KC,EO-0075,LDE,,22,34
139393,5085,KC,XW-0100,DT,,19,29
139394,5085,KC,DL-0550,LB,LB,16,25
139395,5085,KC,TK-0825,RDE,,16,25
139396,5085,KC,BN-0475,LB,,15,23
139397,5085,KC,DS-3162,FS,,15,23
139398,5085,KC,JI-0900,NT,,9,14
139399,5085,KC,JL-3075,SS,,1,2
139400,5085,OAK,DG-1450,RG,RG,65,100
139401,5085,OAK,KM-1812,LT,LT,65,100
139402,5085,OAK,JD-1750,LG,LG,65,100
139403,5085,OAK,RH-3200,C,C,65,100
139404,5085,OAK,DC-0725,QB,QB,65,100
139405,5085,OAK,DW-0675,TE,TE,62,95
139406,5085,OAK,TW-2875,RWR,WR,61,94
139407,5085,OAK,TB-3250,RT,RT,51,78
139408,5085,OAK,RG-1650,LWR,,49,75
139409,5085,OAK,HR-0062,RWR,,49,75
139410,5085,OAK,JJ-0587,RB,RB,30,46
139411,5085,OAK,JR-2075,RB,,20,31
139412,5085,OAK,FM-0675,TE,WR,15,23
139413,5085,OAK,DW-1350,RB,,15,23
139414,5085,OAK,BP-0025,LT,,15,23
139415,5085,OAK,DC-0775,TE,FB,9,14
139416,5085,OAK,DH-1800,LWR,,5,8
139417,5085,OAK,AI-0050,FB,,5,8
139418,5085,OAK,KD-1456,RWR,,4,6
139419,5085,OAK,DW-4750,LCB,LCB,74,100
139420,5085,OAK,GC-0850,RCB,RCB,74,100
139421,5085,OAK,VB-0350,MLB,MLB,72,97
139422,5085,OAK,LJ-1800,FS,CB,70,95
139423,5085,OAK,TW-1750,SLB,SLB,63,85
139424,5085,OAK,CF-0362,RDE,DE,58,78
139425,5085,OAK,JH-0840,DT,DT,58,78
139426,5085,OAK,KJ-1150,SS,SS,48,65
139427,5085,OAK,PH-0050,DT,,43,58
139428,5085,OAK,EH-0175,SS,FS,42,57
139429,5085,OAK,JM-1650,LDE,DE,38,51
139430,5085,OAK,MH-3793,DT,DT,36,49
139431,5085,OAK,CR-0887,FS,,31,42
139432,5085,OAK,MC-3050,LDE,,29,39
139433,5085,OAK,TM-3375,RCB,,28,38
139434,5085,OAK,AK-0337,RDE,,24,32
139435,5085,OAK,BM-0750,LDE,,18,24
139436,5085,OAK,NM-0675,SLB,,17,23
139437,5085,OAK,KN-0350,LCB,,7,9
139438,5085,OAK,ML-0662,WLB,,6,8
139439,5086,CHI,BM-0360,RT,RT,61,100
139440,5086,CHI,JD-0075,C,C,61,100
139441,5086,CHI,CW-1875,LG,LG,61,100
139442,5086,CHI,CL-0862,LT,LT,61,100
139443,5086,CHI,KL-1350,RG,RG,61,100
139444,5086,CHI,MT-1800,QB,QB,61,100
139445,5086,CHI,AR-1250,LWR,WR,55,90
139446,5086,CHI,TG-0025,RWR,WR,53,87
139447,5086,CHI,AM-1975,SWR,,32,52
139448,5086,CHI,DM-2787,RB,RB,27,44
139449,5086,CHI,TB-3950,TE,TE,26,43
139450,5086,CHI,TC-1975,RB,,23,38
139451,5086,CHI,AS-0775,TE,,21,34
139452,5086,CHI,JW-5475,LWR,,18,30
139453,5086,CHI,BB-2712,TE,,15,25
139454,5086,CHI,CP-0750,RWR,WR,15,25
139455,5086,CHI,MD-0150,RB,,15,25
139456,5086,CHI,BS-3050,TE,,4,7
139457,5086,CHI,TL-0400,C,,2,3
139458,5086,CHI,RS-2250,RILB,ILB,82,100
139459,5086,CHI,DT-1950,LILB,ILB,82,100
139460,5086,CHI,HC-0050,S,S,82,100
139461,5086,CHI,KF-0500,LCB,CB,81,99
139462,5086,CHI,PA-0300,RCB,CB,80,98
139463,5086,CHI,EJ-0125,S,S,79,96
139464,5086,CHI,KM-0050,LOLB,OLB,71,87
139465,5086,CHI,AH-3050,DT,DT,66,80
139466,5086,CHI,LF-0450,ROLB,OLB,65,79
139467,5086,CHI,BS-2300,LCB,,64,78
139468,5086,CHI,EG-0350,NT,NT,39,48
139469,5086,CHI,RR-0850,DT,,36,44
139470,5086,CHI,NW-0400,NT,,30,37
139471,5086,CHI,II-0400,LOLB,,17,21
139472,5086,CHI,BN-0450,DE,DE,11,13
139473,5086,CHI,AL-1200,ROLB,,11,13
139474,5086,CHI,DB-5950,S,,3,4
139475,5086,CHI,DS-1780,LCB,,3,4
139476,5086,DEN,GB-0650,LT,LT,82,100
139477,5086,DEN,EW-0825,LT,RT,82,100
139478,5086,DEN,DR-1756,LG,LG,82,100
139479,5086,DEN,CM-1850,C,C,82,100
139480,5086,DEN,JF-1900,QB,QB,82,100
139481,5086,DEN,RL-0350,RG,RG,82,100
139482,5086,DEN,CS-4462,LWR,WR,78,95
139483,5086,DEN,ES-0200,RWR,WR,76,93
139484,5086,DEN,DH-1050,RWR,,54,66
139485,5086,DEN,NF-0175,TE,TE,54,66
139486,5086,DEN,RF-1400,RB,,43,52
139487,5086,DEN,PL-0275,RB,RB,39,48
139488,5086,DEN,JH-3625,TE,TE,38,46
139489,5086,DEN,TF-1500,TE,,14,17
139490,5086,DEN,AB-1125,TE,,7,9
139491,5086,DEN,RC-2525,LWR,,5,6
139492,5086,DEN,DS-3187,LWR,,2,2
139493,5086,DEN,JS-3150,FS,FS,61,100
139494,5086,DEN,BC-1125,SLB,SLB,61,100
139495,5086,DEN,IY-0100,LCB,RCB,61,100
139496,5086,DEN,JJ-2350,ILB,ILB,61,100
139497,5086,DEN,CH-1500,LCB,LCB,61,100
139498,5086,DEN,KJ-0100,SS,SS,61,100
139499,5086,DEN,VM-0300,WLB,WLB,58,95
139500,5086,DEN,DW-4250,DE,DE,52,85
139501,5086,DEN,WP-0125,FS,DB,50,82
139502,5086,DEN,SH-0150,NT,NT,41,67
139503,5086,DEN,CN-0450,ILB,ILB,34,56
139504,5086,DEN,AG-1350,DE,,32,52
139505,5086,DEN,DW-0450,DE,,19,31
139506,5086,DEN,DJ-2925,DE,,10,16
139507,5086,DEN,TM-0350,SS,,6,10
139508,5086,DEN,MR-0525,WLB,,3,5
139509,5087,NO,EM-0750,C,C,65,100
139510,5087,NO,RR-0122,RT,RT,65,100
139511,5087,NO,LW-0350,RG,RG,65,100
139512,5087,NO,TA-0850,LT,LT,65,100
139513,5087,NO,MT-0875,LWR,WR,64,98
139514,5087,NO,TB-2650,QB,,56,86
139515,5087,NO,JC-4300,TE,,44,68
139516,5087,NO,AK-0050,RB,RB,42,65
139517,5087,NO,TG-0900,RWR,WR,39,60
139518,5087,NO,TS-2425,RWR,,38,58
139519,5087,NO,AP-0450,LG,LG,35,54
139520,5087,NO,WC-0125,C,,33,51
139521,5087,NO,JH-4070,TE,TE,28,43
139522,5087,NO,LM-1850,RB,,23,35
139523,5087,NO,ZL-0200,FB,FB,22,34
139524,5087,NO,TH-1625,QB,,21,32
139525,5087,NO,DB-3800,QB,QB,9,14
139526,5087,NO,DH-1487,LWR,,1,2
139527,5087,NO,VB-0087,SS,SS,70,100
139528,5087,NO,EA-0575,LCB,LCB,70,100
139529,5087,NO,ML-0375,RCB,RCB,70,100
139530,5087,NO,MW-2275,FS,FS,70,100
139531,5087,NO,DD-0250,WLB,WILL,69,99
139532,5087,NO,CJ-2400,LDE,LDE,58,83
139533,5087,NO,AK-0650,SLB,SAM,55,79
139534,5087,NO,PW-0850,LCB,CB,55,79
139535,5087,NO,MD-0131,RDE,RDE,52,74
139536,5087,NO,TH-1350,RDE,,40,57
139537,5087,NO,DO-0250,LDT,DT,40,57
139538,5087,NO,MB-3875,NT,NT,35,50
139539,5087,NO,ST-1500,LDT,,27,39
139540,5087,NO,ME-0425,NT,,27,39
139541,5087,NO,AA-0552,MLB,,18,26
139542,5087,NO,CG-0275,SS,,10,14
139543,5087,NO,KA-0750,MLB,,4,6
139544,5087,LA,AW-1100,LT,LT,70,100
139545,5087,LA,RH-1250,RT,RT,70,100
139546,5087,LA,JN-2000,LG,LG,70,100
139547,5087,LA,BA-0575,C,C,70,100
139548,5087,LA,JG-1850,QB,QB,70,100
139549,5087,LA,RW-4050,RWR,WR,69,99
139550,5087,LA,BC-2325,SWR,WR,68,97
139551,5087,LA,CK-1300,LWR,WR,66,94
139552,5087,LA,GE-0400,TE,,50,71
139553,5087,LA,TG-1950,RB,HB,45,64
139554,5087,LA,JD-1525,LG,,42,60
139555,5087,LA,AB-1987,RG,RG,28,40
139556,5087,LA,MB-3862,RB,,25,36
139557,5087,LA,TH-1550,TE,TE,24,34
139558,5087,LA,JR-1950,RWR,,3,4
139559,5087,LA,CL-0987,ILB,ILB,65,100
139560,5087,LA,EW-0400,FS,FS,65,100
139561,5087,LA,MP-0950,LCB,LCB,65,100
139562,5087,LA,JJ-3450,SS,SS,63,97
139563,5087,LA,AT-0100,RCB,RCB,60,92
139564,5087,LA,DF-1481,WILL,WILL,58,89
139565,5087,LA,MB-3650,LDE,DE,52,80
139566,5087,LA,AD-1475,DT,DT,52,80
139567,5087,LA,NR-0350,LCB,,41,63
139568,5087,LA,TR-0075,SS,,40,62
139569,5087,LA,CM-0900,OLB,OLB,36,55
139570,5087,LA,SE-0025,WILL,,34,52
139571,5087,LA,BH-0050,ILB,ILB,24,37
139572,5087,LA,SJ-0793,NT,NT,22,34
139573,5087,LA,MF-1525,LDE,,16,25
139574,5087,LA,TS-1950,DT,,12,18
139575,5087,LA,TH-1650,RCB,,5,8
139576,5087,LA,GG-0050,NT,,3,5
139577,5087,LA,NP-0075,OLB,,2,3
139578,5088,PHI,IS-0125,LG,LG,81,100
139579,5088,PHI,ZE-0100,TE,TE,81,100
139580,5088,PHI,BB-3230,RG,RG,81,100
139581,5088,PHI,LJ-0850,RT,RT,81,100
139582,5088,PHI,JK-0500,C,C,81,100
139583,5088,PHI,JP-2400,LT,LT,80,99
139584,5088,PHI,NA-0050,SWR,WR,78,96
139585,5088,PHI,JA-1975,LWR,,75,93
139586,5088,PHI,CW-1425,QB,QB,75,93
139587,5088,PHI,MH-3050,RWR,,69,85
139588,5088,PHI,MS-0125,RB,RB,35,43
139589,5088,PHI,DS-3300,RB,,28,35
139590,5088,PHI,JH-5575,RB,,18,22
139591,5088,PHI,DJ-0200,RWR,WR,11,14
139592,5088,PHI,JM-2900,QB,,6,7
139593,5088,PHI,AJ-0430,LWR,WR,6,7
139594,5088,PHI,HV-0100,RG,,4,5
139595,5088,PHI,AD-1181,LT,,1,1
139596,5088,PHI,RM-3050,FS,S,66,100
139597,5088,PHI,MJ-0600,SS,S,66,100
139598,5088,PHI,NB-0500,MLB,MLB,66,100
139599,5088,PHI,RD-0050,RCB,CB,59,89
139600,5088,PHI,BG-1200,LDE,DE,51,77
139601,5088,PHI,ZB-0400,OLB,OLB,50,76
139602,5088,PHI,DB-0875,RDE,DE,50,76
139603,5088,PHI,FC-0400,LDT,DT,49,74
139604,5088,PHI,AM-0250,NCB,CB,43,65
139605,5088,PHI,RD-1550,RCB,,39,59
139606,5088,PHI,SJ-0775,LCB,CB,32,48
139607,5088,PHI,HR-0100,LDT,,31,47
139608,5088,PHI,TJ-1025,RDT,DT,26,39
139609,5088,PHI,AS-3050,RDT,,21,32
139610,5088,PHI,NG-0150,OLB,,20,30
139611,5088,PHI,AS-0600,FS,,20,30
139612,5088,PHI,JS-7425,LDE,,18,27
139613,5088,PHI,VC-0400,RDE,,17,26
139614,5088,PHI,JC-6400,SS,,1,2
139615,5088,PHI,CJ-0687,LCB,,1,2
139616,5088,ATL,JB-6725,RG,RG,66,100
139617,5088,ATL,JC-1000,LG,LG,66,100
139618,5088,ATL,JM-1450,LT,LT,66,100
139619,5088,ATL,MR-2500,QB,QB,66,100
139620,5088,ATL,AM-0100,C,C,66,100
139621,5088,ATL,MS-0150,RWR,WR,55,83
139622,5088,ATL,JJ-4700,LWR,WR,54,82
139623,5088,ATL,AH-3650,TE,,50,76
139624,5088,ATL,CR-0862,LWR,WR,42,64
139625,5088,ATL,DF-1875,RB,RB,41,62
139626,5088,ATL,KM-1137,RT,RT,37,56
139627,5088,ATL,LS-1900,TE,TE,30,45
139628,5088,ATL,TS-0150,LT,,29,44
139629,5088,ATL,IS-0250,RB,,25,38
139630,5088,ATL,JH-1350,RWR,,11,17
139631,5088,ATL,KS-1450,FB,,11,17
139632,5088,ATL,RG-0025,LWR,,9,14
139633,5088,ATL,JG-2687,TE,,2,3
139634,5088,ATL,IO-0150,RCB,CB,81,100
139635,5088,ATL,RA-0675,FS,S,78,96
139636,5088,ATL,KN-0125,SS,S,78,96
139637,5088,ATL,DJ-2450,MLB,LB,75,93
139638,5088,ATL,DT-1970,LCB,CB,72,89
139639,5088,ATL,DK-0362,RCB,CB,69,85
139640,5088,ATL,DC-0325,SLB,LB,69,85
139641,5088,ATL,GJ-0250,DT,DT,68,84
139642,5088,ATL,TM-2250,RDE,DE,56,69
139643,5088,ATL,VB-0075,DE,DE,55,68
139644,5088,ATL,JC-5560,DT,DE,40,49
139645,5088,ATL,AB-0100,LDE,,36,44
139646,5088,ATL,TD-0850,DT,,35,43
139647,5088,ATL,AC-1500,RDE,,35,43
139648,5088,ATL,FO-0150,SLB,,19,23
139649,5088,ATL,KS-0750,RCB,,9,11
139650,5088,ATL,BW-2900,LCB,,9,11
139651,5088,ATL,JC-3850,LDE,,7,9
139652,5089,CLE,JT-3350,C,C,69,100
139653,5089,CLE,EK-0800,RG,RG,69,100
139654,5089,CLE,CH-4550,RT,RT,69,100
139655,5089,CLE,GR-0450,LT,LT,69,100
139656,5089,CLE,JB-3550,LG,LG,69,100
139657,5089,CLE,BM-0650,QB,QB,69,100
139658,5089,CLE,JL-0215,LWR,WR,68,99
139659,5089,CLE,OB-0075,RWR,WR,63,91
139660,5089,CLE,DH-1450,TE,,54,78
139661,5089,CLE,DR-0550,RWR,WR,42,61
139662,5089,CLE,NC-0175,RB,RB,42,61
139663,5089,CLE,DJ-0887,RB,,27,39
139664,5089,CLE,PB-0725,TE,,18,26
139665,5089,CLE,TT-0150,LWR,WR,18,26
139666,5089,CLE,DN-1225,TE,,10,14
139667,5089,CLE,RS-0687,TE,,3,4
139668,5089,CLE,JW-2675,SS,DB,68,100
139669,5089,CLE,JS-1025,MLB,MIKE,68,100
139670,5089,CLE,DW-0850,LCB,CB,68,100
139671,5089,CLE,GW-1350,RCB,CB,67,99
139672,5089,CLE,CK-0850,WLB,WILL,57,84
139673,5089,CLE,OV-0200,DE,DE,49,72
139674,5089,CLE,MB-5100,SS,S,48,71
139675,5089,CLE,MG-0287,LDE,DE,47,69
139676,5089,CLE,EM-2100,FS,S,42,62
139677,5089,CLE,LO-0050,DT,DT,42,62
139678,5089,CLE,SR-0670,DT,DT,41,60
139679,5089,CLE,TC-0385,LCB,,39,57
139680,5089,CLE,CS-2350,DE,,26,38
139681,5089,CLE,DL-0487,DT,,26,38
139682,5089,CLE,DE-0575,DT,,22,32
139683,5089,CLE,CT-0937,LDE,,19,28
139684,5089,CLE,MW-3150,WLB,,11,16
139685,5089,CLE,SR-0375,FS,,8,12
139686,5089,NYJ,KO-0750,LG,LG,68,100
139687,5089,NYJ,BS-1750,RT,RT,68,100
139688,5089,NYJ,BW-2670,RG,RG,68,100
139689,5089,NYJ,KB-0750,LT,LT,68,100
139690,5089,NYJ,JC-5680,SWR,WR,67,99
139691,5089,NYJ,RA-1125,LWR,WR,67,99
139692,5089,NYJ,RG-1870,TE,TE,61,90
139693,5089,NYJ,LB-0250,RB,RB,61,90
139694,5089,NYJ,RK-0100,C,C,50,74
139695,5089,NYJ,LF-0025,QB,,48,71
139696,5089,NYJ,JB-2950,RWR,,45,66
139697,5089,NYJ,TM-3150,RB,,24,35
139698,5089,NYJ,TS-1450,QB,QB,20,29
139699,5089,NYJ,JH-2250,C,,18,26
139700,5089,NYJ,DT-0900,RWR,WR,7,10
139701,5089,NYJ,DB-4387,TE,,5,7
139702,5089,NYJ,TW-1325,TE,,3,4
139703,5089,NYJ,NH-1225,ILB,ILB,69,100
139704,5089,NYJ,DR-1950,LCB,CB,69,100
139705,5089,NYJ,BC-0625,ILB,OLB,69,100
139706,5089,NYJ,MM-1725,FS,S,69,100
139707,5089,NYJ,NH-0075,RCB,CB,65,94
139708,5089,NYJ,JA-0150,SS,S,63,91
139709,5089,NYJ,BP-1050,LCB,CB,58,84
139710,5089,NYJ,LW-1350,LDE,DL,55,80
139711,5089,NYJ,TB-0625,OLB,,52,75
139712,5089,NYJ,HA-0400,RDE,DL,49,71
139713,5089,NYJ,KP-0625,RDE,,30,43
139714,5089,NYJ,SM-2200,NT,DL,28,41
139715,5089,NYJ,FF-0050,NT,,23,33
139716,5089,NYJ,HL-0100,OLB,,13,19
139717,5089,NYJ,BK-0150,RDE,,11,16
139718,5089,NYJ,JJ-1675,OLB,OLB,11,16
139719,5089,NYJ,RM-4100,SS,,10,14
139720,5089,NYJ,FL-0300,OLB,,10,14
139721,5089,NYJ,TJ-2250,RCB,,4,6
139722,5089,NYJ,AM-0850,RCB,,1,1
