uid,pid,tck,value
546931,829263,RS-2250,1
546932,829264,RS-2250,1
546933,829268,DL-2325,0.5
546934,829268,KC-1225,0.5
546935,829270,RG-1818,1
546936,829272,AA-0543,1
546937,829276,KM-0050,1
546938,829279,KK-0750,1
546939,829280,ZS-0075,1
546940,829281,KC-1225,0.5
546941,829281,PS-0550,0.5
546942,829282,DL-2325,1
546943,829283,JA-0475,1
546944,829287,KF-0500,1
546945,829290,ZS-0075,1
546946,829291,JA-0475,0.5
546947,829291,RG-1818,0.5
546948,829293,TB-3150,1
546949,829294,KF-0050,0.5
546950,829294,TB-3150,0.5
546951,829296,BM-0345,1
546952,829299,PA-0300,1
546953,829300,LF-0450,1
546954,829301,EJ-0125,1
546955,829305,TB-3150,1
546956,829307,DS-0712,1
546957,829308,KC-1225,0.5
546958,829308,AA-0543,0.5
546959,829310,KF-0500,1
546960,829311,KF-0500,1
546961,829312,DT-1950,1
546962,829313,RR-0850,1
546963,829314,PA-0300,1
546964,829315,BN-0450,0.5
546965,829315,RS-2250,0.5
546966,829316,RR-0850,1
546967,829319,KK-0750,1
546968,829320,KC-1225,1
546969,829323,DS-0712,1
546970,829326,DT-1950,0.5
546971,829326,PA-0300,0.5
546972,829328,RS-2250,1
546973,829329,BS-2300,1
546974,829334,KK-0750,1
546975,829336,BM-0345,0.5
546976,829336,JA-0475,0.5
546977,829338,HC-0050,1
546978,829341,PS-0550,0.5
546979,829341,TB-3150,0.5
546980,829343,TW-2700,1
546981,829345,DT-1950,1
546982,829349,DT-1950,1
546983,829353,DL-2325,0.5
546984,829353,BM-0345,0.5
546985,829354,PS-0550,1
546986,829357,KM-0050,1
546987,829359,KM-0050,1
546988,829361,TB-3150,1
546989,829363,KK-0750,1
546990,829364,RG-1818,1
546991,829368,RG-1818,1
546992,829369,HC-0050,1
546993,829370,KF-0500,1
546994,829371,DT-1950,1
546995,829372,KF-0500,1
546996,829373,EJ-0125,1
546997,829379,TW-2700,1
546998,829380,JA-0475,1
546999,829386,MA-0275,1
547000,829388,HC-0050,1
547001,829389,HC-0050,1
547002,829390,KM-0050,1
547003,829392,KF-0500,1
547004,829394,HC-0050,1
547005,829396,EG-0350,1
547006,829397,RS-2250,1
547007,829398,LF-0450,1
547008,829401,BM-0345,1
547009,829402,DS-0712,1
547010,829403,RG-1818,1
547011,829404,AA-0543,1
547012,829407,BM-0345,1
547013,829408,JA-0475,1
547014,829409,BM-0345,1
547015,829410,TW-2700,1
547016,829414,KM-0050,1
547017,829416,AH-3050,1
547018,829418,RG-1818,1
547019,829426,SS-2750,1
547020,829427,AB-0650,1
547021,829430,VB-0075,1
547022,829434,XR-0100,1
547023,829435,LJ-1700,0.5
547024,829435,TW-1187,0.5
547025,829438,DJ-2450,1
547026,829439,DJ-2450,1
547027,829444,EK-0250,0.5
547028,829444,JK-0225,0.5
547029,829445,EK-0250,1
547030,829448,TW-1187,1
547031,829449,AH-1300,1
547032,829450,XR-0100,1
547033,829451,AH-1300,0.5
547034,829451,XR-0100,0.5
547035,829452,DH-4650,1
547036,829453,MA-0350,1
547037,829457,VB-0075,1
547038,829458,TM-2250,1
547039,829459,TD-0850,1
547040,829460,DC-0325,1
547041,829462,GJ-0250,1
547042,829464,DK-0362,1
547043,829466,HS-0130,1
547044,829467,HS-0130,1
547045,829468,EK-0250,1
547046,829470,TW-1187,1
547047,829471,AB-0100,1
547048,829472,GJ-0250,1
547049,829473,DJ-2450,1
547050,829476,JC-5560,0.5
547051,829476,AC-1500,0.5
547052,829478,DC-0325,1
547053,829479,RA-0675,1
547054,829480,RA-0675,1
547055,829481,DJ-2450,1
547056,829486,HS-0130,1
547057,829487,AH-1300,1
547058,829488,XR-0100,1
547059,829489,DH-4650,1
547060,829491,XR-0100,1
547061,829495,DC-0325,1
547062,829496,TD-0850,1
547063,829497,DJ-2450,1
547064,829500,HS-0130,0.5
547065,829500,XR-0100,0.5
547066,829501,JK-0225,1
547067,829503,TD-0850,1
547068,829505,IO-0150,1
547069,829506,TD-0850,0.5
547070,829506,TM-2250,0.5
547071,829507,DC-0325,1
547072,829508,GJ-0250,1
547073,829510,EK-0250,1
547074,829511,EK-0250,1
547075,829512,HS-0130,1
547076,829513,LJ-1700,0.5
547077,829513,HS-0130,0.5
547078,829515,DH-4650,1
547079,829516,AB-0650,1
547080,829517,JK-0225,1
547081,829518,JJ-2525,1
547082,829519,JK-0225,1
547083,829521,EK-0250,1
547084,829523,LJ-1700,1
547085,829525,FO-0150,1
547086,829526,TD-0850,1
547087,829527,TD-0850,0.5
547088,829527,GJ-0250,0.5
547089,829528,DC-0325,1
547090,829529,KN-0125,1
547091,829537,AB-0100,0.5
547092,829537,FO-0150,0.5
547093,829538,TM-2250,1
547094,829539,JC-5560,1
547095,829541,HS-0130,1
547096,829542,HS-0130,1
547097,829543,HS-0130,1
547098,829544,SS-2750,0.5
547099,829544,AH-1300,0.5
547100,829545,AB-0650,1
547101,829546,AB-0650,1
547102,829551,DC-0325,1
547103,829552,FO-0150,1
547104,829553,TD-0850,0.5
547105,829553,FO-0150,0.5
547106,829554,TD-0850,0.5
547107,829554,VB-0075,0.5
547108,829555,FO-0150,1
547109,829556,TM-2250,1
547110,829560,JK-0225,1
547111,829561,XR-0100,1
547112,829562,AB-0650,1
547113,829566,KB-1675,1
547114,829568,JK-0225,1
547115,829570,EW-1350,0.5
547116,829570,JK-0225,0.5
547117,829571,JK-0225,1
547118,829572,AH-1300,1
547119,829579,RJ-2000,0.5
547120,829579,XH-0100,0.5
547121,829580,SE-0150,1
547122,829581,ER-0475,1
547123,829582,ER-0475,1
547124,829583,MF-0550,1
547125,829584,DG-1275,1
547126,829585,RJ-2000,1
547127,829590,KY-0075,1
547128,829591,BW-2020,0.5
547129,829591,PM-0500,0.5
547130,829597,ET-0200,1
547131,829598,TJ-0950,1
547132,829599,MJ-2700,1
547133,829600,PO-0175,1
547134,829602,RM-3150,0.5
547135,829602,MF-0550,0.5
547136,829603,JL-0775,0.5
547137,829603,ER-0475,0.5
547138,829607,MP-1225,1
547139,829608,KY-0075,1
547140,829609,AA-0590,1
547141,829613,RM-3150,1
547142,829614,ER-0475,1
547143,829615,JB-0550,1
547144,829616,BM-0775,1
547145,829618,CH-1450,1
547146,829619,BM-0775,1
547147,829623,BW-2020,0.5
547148,829623,MP-1225,0.5
547149,829624,AA-0590,1
547150,829625,CB-1775,1
547151,829626,MH-3742,1
547152,829632,ER-0475,0.5
547153,829632,JW-5450,0.5
547154,829633,ER-0475,1
547155,829635,JJ-1650,1
547156,829636,MF-0550,1
547157,829640,CC-1950,1
547158,829641,MJ-2700,1
547159,829642,PO-0175,1
547160,829646,DG-1275,1
547161,829648,RJ-2000,1
547162,829649,JG-2950,1
547163,829650,CW-2150,1
547164,829651,AM-2975,1
547165,829656,AA-0590,1
547166,829659,PO-0175,1
547167,829662,BT-0950,1
547168,829668,PO-0175,1
547169,829669,TB-2025,1
547170,829674,ER-0475,1
547171,829675,BM-0775,0.5
547172,829675,MF-0550,0.5
547173,829676,SE-0150,1
547174,829678,MF-0550,1
547175,829679,MF-0550,1
547176,829680,ER-0475,1
547177,829682,ER-0475,1
547178,829689,AA-0590,1
547179,829692,PM-0500,0.5
547180,829692,TJ-0950,0.5
547181,829695,DG-1275,1
547182,829696,JJ-1650,1
547183,829698,JB-0550,0.5
547184,829698,XH-0100,0.5
547185,829699,WA-0050,1
547186,829700,SE-0150,0.5
547187,829700,RM-3150,0.5
547188,829701,JJ-1650,1
547189,829702,RJ-2000,1
547190,829706,TJ-0950,1
547191,829708,RJ-2000,1
547192,829709,DG-1275,0.5
547193,829709,JB-0550,0.5
547194,829710,JB-0550,0.5
547195,829710,WA-0050,0.5
547196,829711,AM-2975,0.5
547197,829711,JB-0550,0.5
547198,829712,BM-0775,1
547199,829713,ER-0475,1
547200,829714,JL-0775,1
547201,829715,CW-2150,0.5
547202,829715,JB-0550,0.5
547203,829720,MP-1225,1
547204,829723,JJ-1650,0.5
547205,829723,JL-0775,0.5
547206,829724,JC-5565,0.5
547207,829724,ER-0475,0.5
547208,829725,JB-0550,1
547209,829726,DG-1275,0.5
547210,829726,CW-2150,0.5
547211,829727,AM-2975,0.5
547212,829727,JB-0550,0.5
547213,829728,WA-0050,1
547214,829729,XH-0100,1
547215,829730,XH-0100,1
547216,829731,CW-2150,1
547217,829732,WA-0050,1
547218,829734,AM-2975,0.5
547219,829734,WA-0050,0.5
547220,829735,AM-2975,0.5
547221,829735,WA-0050,0.5
547222,829738,CM-3250,1
547223,829739,TJ-2250,1
547224,829741,CM-3250,1
547225,829742,JA-0150,1
547226,829743,DR-1950,1
547227,829746,TJ-1250,1
547228,829748,TE-0012,0.5
547229,829748,MM-3168,0.5
547230,829753,JA-0150,1
547231,829754,JA-0150,1
547232,829755,DR-1950,1
547233,829756,LW-1350,0.5
547234,829756,NH-1225,0.5
547235,829758,JA-0150,1
547236,829761,LW-1350,0.5
547237,829761,DR-1950,0.5
547238,829762,CM-3250,0.5
547239,829762,TB-0625,0.5
547240,829765,JH-5900,0.5
547241,829765,JP-4150,0.5
547242,829766,TE-0012,0.5
547243,829766,MH-4000,0.5
547244,829767,TW-1725,1
547245,829768,TW-1725,1
547246,829770,SL-0350,0.5
547247,829770,MM-3168,0.5
547248,829775,HA-0400,0.5
547249,829775,JA-0150,0.5
547250,829776,TJ-2250,1
547251,829779,LA-0200,1
547252,829781,TJ-1250,1
547253,829782,TE-0012,1
547254,829783,JP-4150,1
547255,829786,EO-0275,1
547256,829788,TE-0012,0.5
547257,829788,JP-4150,0.5
547258,829791,NH-1225,1
547259,829792,LW-1350,0.5
547260,829792,SM-2200,0.5
547261,829793,TJ-2250,1
547262,829794,DR-1950,1
547263,829796,CM-3250,1
547264,829798,FL-0300,0.5
547265,829798,NH-1225,0.5
547266,829799,LW-1350,0.5
547267,829799,BK-0150,0.5
547268,829801,JP-4150,1
547269,829802,SL-0950,0.5
547270,829802,SL-0350,0.5
547271,829805,DR-1950,1
547272,829806,TJ-2250,1
547273,829807,RM-4100,1
547274,829810,MM-3168,1
547275,829811,TJ-1250,1
547276,829818,MH-4000,1
547277,829819,MM-3168,1
547278,829820,LW-0150,1
547279,829821,LW-0150,1
547280,829826,JJ-1675,0.5
547281,829826,BP-1050,0.5
547282,829828,TE-0012,0.5
547283,829828,JP-4150,0.5
547284,829829,MM-3168,0.5
547285,829829,TW-1725,0.5
547286,829830,SL-0350,0.5
547287,829830,TE-0012,0.5
547288,829831,SN-0150,1
547289,829832,MM-3168,1
547290,829833,MM-3168,1
547291,829834,EO-0275,1
547292,829836,JP-4150,1
547293,829840,NH-1225,1
547294,829841,MM-1725,1
547295,829842,CM-3250,1
547296,829845,DR-1950,1
547297,829846,NH-1225,1
547298,829851,LA-0200,1
547299,829852,SN-0150,1
547300,829853,SN-0150,1
547301,829854,TE-0012,1
547302,829855,TM-3450,0.5
547303,829855,SN-0150,0.5
547304,829856,LW-0150,1
547305,829858,NH-1225,1
547306,829859,MM-1725,1
547307,829860,TJ-2250,1
547308,829861,DR-1950,1
547309,829862,JA-0150,1
547310,829863,BC-0625,0.5
547311,829863,DR-1950,0.5
547312,829864,MM-1725,1
547313,829868,TE-0012,1
547314,829869,SN-0150,1
547315,829870,LA-0200,0.5
547316,829870,LW-0150,0.5
547317,829871,MM-3168,1
547318,829872,MM-3168,1
547319,829873,JP-4150,1
547320,829875,TJ-2250,1
547321,829877,MM-1725,1
547322,829879,TJ-2250,1
547323,829880,BC-0625,1
547324,829882,FL-0300,1
547325,829886,SN-0150,1
547326,829887,TW-1725,0.5
547327,829887,SN-0150,0.5
547328,829889,JP-4150,1
547329,829895,LW-1350,0.5
547330,829895,JJ-1675,0.5
547331,829896,MM-1725,0.5
547332,829896,TJ-2250,0.5
547333,829897,HA-0400,0.5
547334,829897,NH-1225,0.5
547335,829899,LW-0150,1
547336,829902,QW-0050,1
547337,829903,JR-0150,1
547338,829907,DN-1237,0.5
547339,829907,AH-3350,0.5
547340,829908,CW-0637,0.5
547341,829908,JT-2650,0.5
547342,829911,AB-2250,1
547343,829912,JW-4925,1
547344,829913,AJ-1150,1
547345,829914,AB-2250,1
547346,829920,CW-0637,1
547347,829921,CW-0637,0.5
547348,829921,JT-2650,0.5
547349,829922,JT-2650,1
547350,829923,EO-0075,0.5
547351,829923,DN-1237,0.5
547352,829929,AB-2250,1
547353,829930,DH-2150,1
547354,829931,YN-0100,1
547355,829932,JR-0150,1
547356,829936,AO-0370,1
547357,829937,CW-0637,1
547358,829938,JT-2650,1
547359,829939,AO-0370,0.5
547360,829939,JI-0900,0.5
547361,829940,JT-2650,0.5
547362,829940,KF-0450,0.5
547363,829942,KF-0450,1
547364,829943,DW-4025,1
547365,829944,AO-0370,0.5
547366,829944,CW-0637,0.5
547367,829947,MJ-0015,1
547368,829948,JR-0150,1
547369,829949,JW-4925,1
547370,829951,MJ-0015,1
547371,829953,DH-2150,1
547372,829956,CW-0637,1
547373,829958,KF-0450,1
547374,829959,DW-4025,1
547375,829960,DW-4025,1
547376,829963,JW-4925,1
547377,829964,QW-0050,1
547378,829965,JA-1090,1
547379,829966,JW-4925,1
547380,829967,NG-0350,1
547381,829968,YN-0100,1
547382,829969,QW-0050,1
547383,829975,DW-4025,1
547384,829977,CW-0637,1
547385,829979,JT-2650,1
547386,829981,DN-1237,0.5
547387,829981,DL-0550,0.5
547388,829982,AH-3350,0.5
547389,829982,KF-0450,0.5
547390,829983,CJ-2168,1
547391,829984,KF-0450,1
547392,829985,TM-0850,0.5
547393,829985,KF-0450,0.5
547394,829986,TM-0850,1
547395,829987,EO-0075,1
547396,829988,DW-4025,1
547397,829989,JA-1090,0.5
547398,829989,AJ-1150,0.5
547399,829990,DH-2150,1
547400,829991,CC-0200,1
547401,829992,JR-0150,1
547402,829993,QW-0050,1
547403,829994,CC-0200,1
547404,829995,NG-0350,1
547405,829999,CC-0200,1
547406,830000,RH-1150,1
547407,830008,JT-2650,1
547408,830010,JR-0150,1
547409,830011,RH-1150,1
547410,830012,RH-1150,1
547411,830013,YN-0100,1
547412,830017,DR-3650,1
547413,830018,AW-1812,1
547414,830022,AO-0370,1
547415,830023,AH-3350,1
547416,830024,JT-2650,1
547417,830025,AH-3350,1
547418,830026,FC-0150,1
547419,830027,AH-3350,1
547420,830031,DS-3125,1
547421,830032,DH-2150,1
547422,830033,RH-1150,1
547423,830037,RH-1150,1
547424,830038,DS-3125,1
547425,830043,KF-0450,1
547426,830044,AH-3350,1
547427,830047,TM-0850,1
547428,830048,AH-3350,1
547429,830052,NG-0350,1
547430,830053,DA-0350,1
547431,830054,LJ-0312,1
547432,830055,JW-4925,1
547433,830058,CM-0900,1
547434,830059,CL-0987,0.5
547435,830059,MP-0950,0.5
547436,830060,EW-0400,1
547437,830062,NR-0350,1
547438,830063,CL-0987,1
547439,830064,ST-0550,1
547440,830065,ST-0550,1
547441,830066,ER-0150,1
547442,830068,TB-1850,1
547443,830070,LK-0600,1
547444,830074,CL-0987,0.5
547445,830074,BH-0050,0.5
547446,830075,CL-0987,1
547447,830076,TR-0075,0.5
547448,830076,EW-0400,0.5
547449,830078,ST-0550,1
547450,830083,JJ-3450,0.5
547451,830083,EW-0400,0.5
547452,830084,JJ-3450,0.5
547453,830084,EW-0400,0.5
547454,830085,JJ-3450,1
547455,830086,CL-0987,1
547456,830088,CL-0987,1
547457,830090,JJ-3450,1
547458,830093,EO-0050,0.5
547459,830093,LK-0600,0.5
547460,830094,TB-1850,1
547461,830095,ST-0550,1
547462,830096,BB-3875,1
547463,830101,SE-0025,1
547464,830102,DP-1450,1
547465,830106,EW-0400,0.5
547466,830106,AT-0100,0.5
547467,830107,MF-1525,1
547468,830109,TR-0075,0.5
547469,830109,EW-0400,0.5
547470,830112,EO-0050,0.5
547471,830112,JB-4975,0.5
547472,830113,EO-0050,1
547473,830114,ST-0550,1
547474,830115,KS-0850,0.5
547475,830115,LK-0600,0.5
547476,830116,LK-0600,1
547477,830119,MB-3650,1
547478,830120,CL-0987,1
547479,830123,ST-0550,0.5
547480,830123,JE-0325,0.5
547481,830124,TB-1850,1
547482,830125,ST-0550,0.5
547483,830125,LK-0600,0.5
547484,830126,DJ-0575,1
547485,830127,RC-1550,1
547486,830129,ST-0550,1
547487,830134,CL-0987,0.5
547488,830134,JJ-3450,0.5
547489,830135,TR-0075,1
547490,830136,MP-0950,1
547491,830137,JJ-3450,1
547492,830138,MC-1325,1
547493,830142,TB-1850,1
547494,830143,TB-1850,1
547495,830144,TB-1850,1
547496,830147,DP-1450,0.5
547497,830147,LK-0600,0.5
547498,830152,BH-0050,1
547499,830153,JJ-3450,1
547500,830154,CM-0900,0.5
547501,830154,JJ-3450,0.5
547502,830155,MC-1325,1
547503,830156,MB-3650,1
547504,830157,MP-0950,0.5
547505,830157,MC-1325,0.5
547506,830161,JC-1450,1
547507,830162,ER-0150,1
547508,830165,DJ-0575,1
547509,830168,JE-0325,0.5
547510,830168,TB-1850,0.5
547511,830169,KS-0850,1
547512,830171,JE-0325,1
547513,830172,JE-0325,0.5
547514,830172,JB-4975,0.5
547515,830173,JC-1450,1
547516,830174,ER-0150,1
547517,830179,JJ-3450,1
547518,830181,MP-0950,1
547519,830182,NR-0350,1
547520,830183,CL-0987,0.5
547521,830183,JJ-3450,0.5
547522,830189,DP-1450,1
547523,830190,RG-0575,1
547524,830194,BH-0050,0.5
547525,830194,MC-1325,0.5
547526,830198,BB-3875,0.5
547527,830198,JC-1450,0.5
547528,830199,ER-0150,1
547529,830201,AD-1475,1
547530,830202,CL-0987,1
547531,830205,ER-0150,0.5
547532,830205,TB-1850,0.5
547533,830206,LK-0600,1
547534,830207,ST-0550,1
547535,830208,TB-1850,1
547536,830209,DJ-0575,1
547537,830210,KS-0850,1
547538,830214,TR-0075,1
547539,830215,CL-0987,0.5
547540,830215,TR-0075,0.5
547541,830218,GM-0500,1
547542,830219,LK-0600,1
547543,830223,JJ-3450,1
547544,830224,CL-0987,0.5
547545,830224,TR-0075,0.5
547546,830226,CL-0987,1
547547,830227,CL-0987,1
547548,830228,TR-0075,1
547549,830232,EO-0050,1
547550,830233,JB-4975,1
547551,830238,RE-0700,1
547552,830239,RE-0700,1
547553,830240,RE-0700,0.5
547554,830240,JB-6837,0.5
547555,830241,RE-0700,1
547556,830243,AJ-0050,1
547557,830244,RE-0700,1
547558,830248,DR-0450,1
547559,830249,LO-0050,1
547560,830250,DR-0450,1
547561,830251,MB-5100,1
547562,830252,JS-1025,1
547563,830256,MB-5250,1
547564,830258,DJ-2250,0.5
547565,830258,SF-0125,0.5
547566,830262,LO-0050,1
547567,830265,TC-0385,1
547568,830267,LR-0600,1
547569,830268,AJ-0050,1
547570,830269,IM-0025,0.5
547571,830269,SF-0125,0.5
547572,830270,LR-0600,1
547573,830273,DR-0450,1
547574,830275,JS-1025,1
547575,830279,MG-0287,0.5
547576,830279,JS-1025,0.5
547577,830280,GW-1350,1
547578,830281,JS-1025,1
547579,830283,MB-5100,1
547580,830286,MB-5100,1
547581,830290,KB-2850,1
547582,830294,CK-0850,1
547583,830296,TM-2850,1
547584,830298,SR-0670,1
547585,830302,HL-0050,1
547586,830303,HL-0050,1
547587,830306,CK-0850,1
547588,830308,SR-0670,1
547589,830313,MB-5100,1
547590,830318,LR-0600,1
547591,830319,LR-0600,1
547592,830320,AJ-0050,1
547593,830324,MB-5250,1
547594,830326,MB-5100,0.5
547595,830326,JW-2675,0.5
547596,830328,JS-1025,1
547597,830329,CK-0850,1
547598,830332,KV-0050,1
547599,830333,HL-0050,1
547600,830334,DJ-2250,1
547601,830336,KV-0050,1
547602,830337,JC-1700,0.5
547603,830337,KV-0050,0.5
547604,830339,SR-0670,1
547605,830340,MG-0287,1
547606,830341,CK-0850,1
547607,830346,DJ-2250,0.5
547608,830346,KC-2325,0.5
547609,830347,LR-0600,1
547610,830348,KV-0050,1
547611,830349,AJ-1137,1
547612,830350,LR-0600,1
547613,830357,KV-0050,1
547614,830358,KV-0050,1
547615,830359,SF-0125,1
547616,830360,KB-2850,1
547617,830362,JB-6837,1
547618,830364,JS-1025,1
547619,830365,SR-0670,1
547620,830366,JS-1025,1
547621,830370,SF-0125,1
547622,830371,AJ-0050,1
547623,830373,CK-0850,1
547624,830374,JS-1025,0.5
547625,830374,CK-0850,0.5
547626,830375,DR-0450,1
547627,830383,KV-0050,1
547628,830384,AJ-0050,1
547629,830387,RE-0700,1
547630,830389,JS-1025,1
547631,830390,MG-0287,1
547632,830391,GW-1350,1
547633,830397,KC-2325,1
547634,830398,AJ-1137,1
547635,830399,AJ-1137,0.5
547636,830399,DB-0975,0.5
547637,830400,WW-0900,1
547638,830404,RD-0050,1
547639,830405,ZB-0400,1
547640,830406,FC-0400,1
547641,830407,DB-0875,1
547642,830408,NB-0500,1
547643,830409,RD-1550,1
547644,830414,QD-0400,1
547645,830415,CH-3475,1
547646,830416,MN-0550,1
547647,830419,RD-0050,1
547648,830420,ZB-0400,1
547649,830421,VC-0400,1
547650,830422,AS-0600,1
547651,830425,RD-1550,1
547652,830426,RD-0050,1
547653,830427,DB-0875,1
547654,830429,BG-1200,1
547655,830432,JB-4550,0.5
547656,830432,LC-0850,0.5
547657,830433,LC-0850,1
547658,830434,JB-4550,0.5
547659,830434,RK-0500,0.5
547660,830435,CH-3475,1
547661,830437,CH-3475,1
547662,830438,QD-0400,1
547663,830439,JM-6150,1
547664,830440,MS-5675,1
547665,830441,DP-0662,0.5
547666,830441,MI-0175,0.5
547667,830442,JN-1750,1
547668,830443,CH-3475,0.5
547669,830443,QD-0400,0.5
547670,830445,HR-0100,1
547671,830449,JM-6150,1
547672,830450,SH-0056,1
547673,830451,SH-0056,1
547674,830454,DB-0875,1
547675,830455,NB-0500,0.5
547676,830455,AM-0250,0.5
547677,830458,DP-0662,1
547678,830466,DB-0875,0.5
547679,830466,MJ-0030,0.5
547680,830467,NB-0500,1
547681,830472,QD-0400,1
547682,830474,AS-0600,1
547683,830476,RD-1550,1
547684,830478,MJ-0600,1
547685,830479,RD-0050,1
547686,830482,NB-0500,1
547687,830486,CH-3475,1
547688,830487,MI-0175,0.5
547689,830487,MS-5675,0.5
547690,830488,MS-5675,0.5
547691,830488,MN-0550,0.5
547692,830489,MI-0175,1
547693,830490,JN-1750,1
547694,830491,JN-1750,1
547695,830492,DR-2800,1
547696,830493,MN-0550,1
547697,830494,DR-2800,1
547698,830495,LC-0850,1
547699,830496,DP-0662,1
547700,830500,BG-1200,1
547701,830502,FC-0400,1
547702,830503,RD-0050,1
547703,830514,LC-0850,1
547704,830515,MS-5675,1
547705,830517,QD-0400,1
547706,830518,LC-0850,1
547707,830519,JN-1750,1
547708,830520,QD-0400,1
547709,830521,MN-0550,1
547710,830525,AM-0250,1
547711,830526,NB-0500,1
547712,830529,SJ-0775,0.5
547713,830529,AM-0250,0.5
547714,830531,CH-3475,1
547715,830533,QD-0400,1
547716,830534,LC-0850,1
547717,830536,JM-6150,1
547718,830538,MS-5675,1
547719,830539,QD-0400,1
547720,830540,CH-3475,1
547721,830542,MN-0550,1
547722,830544,DR-2800,1
547723,830545,LC-0850,1
547724,830546,SH-0056,1
547725,830547,TS-1256,1
547726,830549,CH-3475,1
547727,830550,QD-0400,1
547728,830553,AS-0600,1
547729,830555,SJ-0775,1
547730,830556,AM-0250,1
547731,830558,NB-0500,1
547732,830560,MJ-0600,1
547733,830564,MJ-0600,1
547734,830565,SJ-0775,1
547735,830567,NB-0500,1
547736,830575,TF-0725,1
547737,830577,UA-0100,1
547738,830578,TT-1262,1
547739,830581,BW-0150,1
547740,830583,CD-2200,0.5
547741,830583,SH-1393,0.5
547742,830585,DK-0750,1
547743,830588,BW-0150,1
547744,830589,KW-2500,1
547745,830590,JC-3350,0.5
547746,830590,KW-2500,0.5
547747,830593,AW-1900,0.5
547748,830593,BW-0150,0.5
547749,830594,BW-0150,1
547750,830596,TF-0725,1
547751,830597,TF-0725,1
547752,830598,MK-0730,1
547753,830599,QJ-0150,0.5
547754,830599,KW-2500,0.5
547755,830604,SH-1393,1
547756,830606,CF-0337,1
547757,830608,CD-2200,1
547758,830609,SH-1393,0.5
547759,830609,SW-1550,0.5
547760,830611,CD-2200,0.5
547761,830611,PB-0750,0.5
547762,830617,TF-0725,1
547763,830620,CL-0375,0.5
547764,830620,JB-1650,0.5
547765,830621,KW-2800,0.5
547766,830621,PB-0750,0.5
547767,830623,WJ-0150,1
547768,830624,DK-0750,1
547769,830625,SH-1393,0.5
547770,830625,SW-1550,0.5
547771,830626,JB-1650,1
547772,830631,MK-0730,0.5
547773,830631,TT-1262,0.5
547774,830632,TT-1262,0.5
547775,830632,TF-0725,0.5
547776,830636,AB-1650,0.5
547777,830636,RG-1150,0.5
547778,830637,CD-2200,0.5
547779,830637,GP-0425,0.5
547780,830640,MK-0730,1
547781,830641,QJ-0150,0.5
547782,830641,MK-0730,0.5
547783,830642,BM-1250,1
547784,830644,DK-0750,1
547785,830646,JB-1650,1
547786,830648,GA-0400,0.5
547787,830648,NV-0200,0.5
547788,830652,UA-0100,1
547789,830653,SG-1600,1
547790,830660,PB-0750,1
547791,830661,MK-0730,0.5
547792,830661,TF-0725,0.5
547793,830662,RG-1675,0.5
547794,830662,BW-0150,0.5
547795,830664,CD-2200,0.5
547796,830664,NV-0200,0.5
547797,830665,NV-0200,1
547798,830666,DK-0750,1
547799,830668,PF-0300,0.5
547800,830668,BM-3375,0.5
547801,830669,BW-0150,1
547802,830670,BM-1250,1
547803,830671,QJ-0150,0.5
547804,830671,BW-0150,0.5
547805,830672,SG-1600,1
547806,830673,BJ-0250,1
547807,830677,SW-1550,1
547808,830679,BM-1250,1
547809,830681,MK-0730,1
547810,830682,TF-0725,1
547811,830683,TF-0725,1
547812,830685,PF-0300,1
547813,830687,AW-1900,1
547814,830688,CD-2200,1
547815,830689,SW-1550,1
547816,830690,JB-1650,0.5
547817,830690,BW-0770,0.5
547818,830696,BW-0150,0.5
547819,830696,KW-2500,0.5
547820,830698,TF-0725,1
547821,830699,TF-0725,1
547822,830702,QJ-0150,0.5
547823,830702,BM-3375,0.5
547824,830703,BW-0150,1
547825,830705,MK-0730,1
547826,830710,BJ-0250,1
547827,830714,SH-1393,0.5
547828,830714,NV-0200,0.5
547829,830717,SG-1600,1
547830,830719,BM-1250,1
547831,830721,KW-2500,1
547832,830724,SH-1393,1
547833,830725,NV-0200,0.5
547834,830725,PB-0750,0.5
547835,830726,NV-0200,0.5
547836,830726,JB-1650,0.5
547837,830727,NV-0200,1
547838,830728,GA-0400,0.5
547839,830728,SH-1393,0.5
547840,830730,SH-1393,1
547841,830736,DL-0925,0.5
547842,830736,KM-2650,0.5
547843,830737,AW-0262,1
547844,830740,DK-0687,1
547845,830741,CH-2250,1
547846,830742,DK-0687,1
547847,830743,UN-0200,1
547848,830746,DL-0925,1
547849,830747,MH-3750,0.5
547850,830747,AW-0262,0.5
547851,830748,MH-3750,0.5
547852,830748,AW-0262,0.5
547853,830749,MH-3250,1
547854,830750,GS-1250,0.5
547855,830750,KT-0950,0.5
547856,830751,CG-0750,1
547857,830752,AW-0262,1
547858,830754,RY-0050,1
547859,830756,PD-0450,1
547860,830760,BF-0050,1
547861,830761,JB-4450,0.5
547862,830761,TD-0700,0.5
547863,830762,TD-0700,1
547864,830763,KW-0896,1
547865,830764,BM-1800,1
547866,830765,TD-0700,1
547867,830766,AP-1050,1
547868,830767,BM-1800,1
547869,830768,KW-0896,0.5
547870,830768,DK-0687,0.5
547871,830769,CH-2250,1
547872,830770,AP-1050,1
547873,830772,TD-0700,0.5
547874,830772,RJ-0650,0.5
547875,830776,MH-3250,1
547876,830777,KW-1850,1
547877,830778,MA-0075,1
547878,830779,DL-0925,0.5
547879,830779,PD-0450,0.5
547880,830785,KW-0896,1
547881,830786,JT-2843,0.5
547882,830786,TD-0700,0.5
547883,830790,JH-5500,0.5
547884,830790,DL-0925,0.5
547885,830791,KW-1850,1
547886,830793,JH-5500,1
547887,830794,MA-0075,0.5
547888,830794,CG-0750,0.5
547889,830800,BF-0050,1
547890,830801,BF-0050,1
547891,830802,BF-0050,1
547892,830803,TD-0700,0.5
547893,830803,AP-1050,0.5
547894,830806,TD-0700,0.5
547895,830806,RJ-0650,0.5
547896,830807,BM-1800,0.5
547897,830807,AP-1050,0.5
547898,830808,BM-1800,0.5
547899,830808,KW-0896,0.5
547900,830809,KW-0896,1
547901,830810,JB-4450,1
547902,830811,TD-0700,1
547903,830815,DA-2050,0.5
547904,830815,DL-0925,0.5
547905,830816,DL-0925,1
547906,830818,QW-0300,1
547907,830822,TD-0700,1
547908,830826,AW-0262,1
547909,830827,MH-3250,1
547910,830829,DL-0925,1
547911,830832,KW-0896,1
547912,830833,TD-0700,1
547913,830835,JB-4450,1
547914,830836,JB-4450,1
547915,830839,TD-0700,0.5
547916,830839,BF-0050,0.5
547917,830840,BF-0050,1
547918,830841,JJ-4850,1
547919,830842,KW-0896,1
547920,830845,MH-3250,1
547921,830846,DA-2050,1
547922,830847,PD-0450,0.5
547923,830847,MH-3250,0.5
547924,830850,PD-0450,1
547925,830851,KM-2650,1
547926,830852,MH-3750,0.5
547927,830852,BO-0112,0.5
547928,830854,TD-0700,0.5
547929,830854,AP-1050,0.5
547930,830855,JB-4450,0.5
547931,830855,BF-0050,0.5
547932,830856,KW-0896,1
547933,830857,JB-4450,1
547934,830858,AP-1050,1
547935,830859,JJ-4850,1
547936,830860,CH-2250,1
547937,830861,BF-0050,1
547938,830862,TD-0700,1
547939,830863,BM-1800,0.5
547940,830863,TD-0700,0.5
547941,830864,BM-1800,0.5
547942,830864,KW-0896,0.5
547943,830865,MI-0150,1
547944,830866,DS-3350,0.5
547945,830866,JJ-4850,0.5
547946,830867,JB-4450,0.5
547947,830867,BF-0050,0.5
547948,830872,KM-2650,1
547949,830873,KM-2650,1
547950,830877,PD-0450,0.5
547951,830877,QW-0300,0.5
547952,830878,JH-5500,1
547953,830880,RY-0050,1
547954,830881,CG-0750,1
547955,830882,PD-0450,1
547956,830883,AM-3025,1
547957,830884,CG-0750,1
547958,830885,AW-0262,0.5
547959,830885,CG-0750,0.5
547960,830886,DA-2050,0.5
547961,830886,AW-0262,0.5
547962,830889,CJ-2050,1
547963,830890,TB-2700,1
547964,830891,JH-3675,1
547965,830892,JW-0525,0.5
547966,830892,BM-3687,0.5
547967,830893,JH-3675,1
547968,830897,AR-1115,1
547969,830898,QD-0300,1
547970,830900,DS-5150,1
547971,830901,JW-0525,1
547972,830905,TW-0152,1
547973,830907,JC-3518,1
547974,830912,MD-0060,0.5
547975,830912,RM-3850,0.5
547976,830913,AR-1115,1
547977,830914,AR-1115,1
547978,830916,JH-3675,1
547979,830917,HR-0050,1
547980,830918,BM-3687,1
547981,830919,BM-3687,1
547982,830920,BB-0550,1
547983,830921,ZA-0150,1
547984,830922,ZA-0150,1
547985,830923,JH-3675,1
547986,830927,CJ-2175,1
547987,830931,ZA-0150,1
547988,830935,RM-3850,1
547989,830936,CJ-2175,1
547990,830938,JA-0425,1
547991,830940,TS-3500,1
547992,830941,BB-0550,1
547993,830942,TB-2700,1
547994,830943,DS-5150,1
547995,830944,DS-5150,1
547996,830945,JW-0525,0.5
547997,830945,BB-0550,0.5
547998,830946,HR-0050,1
547999,830947,HR-0050,0.5
548000,830947,DS-5150,0.5
548001,830953,JR-1450,1
548002,830954,JR-1450,1
548003,830955,RM-3850,1
548004,830960,QD-0300,1
548005,830966,CJ-2156,1
548006,830969,HR-0050,1
548007,830974,JR-1450,1
548008,830978,RM-3850,1
548009,830981,JH-3675,1
548010,830983,BB-0550,1
548011,830985,DK-0465,1
548012,830989,JH-3675,1
548013,830991,BR-0200,0.5
548014,830991,JH-3675,0.5
548015,830992,JH-3675,0.5
548016,830992,TB-2700,0.5
548017,830994,QD-0300,1
548018,830996,DH-1850,1
548019,830997,RM-3850,1
548020,830998,CJ-2175,1
548021,831003,JW-0525,1
548022,831005,JH-3675,1
548023,831006,CJ-2156,1
548024,831007,CM-0250,0.5
548025,831007,JH-3675,0.5
548026,831009,JH-3675,0.5
548027,831009,BB-0550,0.5
548028,831010,CP-1300,0.5
548029,831010,JH-3675,0.5
548030,831018,JC-3518,1
548031,831020,TW-0152,1
548032,831021,JT-0687,1
548033,831022,JR-1450,1
548034,831023,RM-3850,1
548035,831024,TF-0750,1
548036,831029,CJ-2050,1
548037,831030,CP-1300,1
548038,831031,BM-3687,1
548039,831033,TW-0152,1
548040,831034,TW-0152,1
548041,831036,TW-0152,1
548042,831039,CJ-2175,1
548043,831040,TW-0152,1
548044,831044,RG-2375,1
548045,831045,TS-3500,1
548046,831047,HR-0050,1
548047,831048,BB-0550,1
548048,831049,RG-2375,1
548049,831050,TS-3500,1
548050,831053,JC-3518,1
548051,831055,JA-0425,1
548052,831056,JA-0425,1
548053,831057,MF-1227,1
548054,831058,TW-0152,1
548055,831059,RM-3850,1
548056,831060,TW-3250,1
548057,831065,CJ-2156,1
548058,831071,JT-0687,1
548059,831072,TW-0152,1
548060,831073,QD-0300,1
548061,831075,TW-0152,1
548062,831079,BB-0550,1
548063,831080,JH-3675,1
548064,831081,JW-0525,0.5
548065,831081,JH-3675,0.5
548066,831082,BB-0550,1
548067,831084,CJ-2050,1
548068,831088,JC-3518,1
548069,831090,RM-3850,1
548070,831091,QD-0300,1
548071,831093,JA-0425,1
548072,831094,TF-0750,1
548073,831098,HR-0050,1
548074,831099,BM-3687,1
548075,831106,JJ-1550,1
548076,831107,AB-1500,1
548077,831108,AB-1500,1
548078,831110,AO-0250,1
548079,831113,XW-0200,1
548080,831114,CA-1350,1
548081,831115,XW-0200,0.5
548082,831115,JH-3210,0.5
548083,831116,LV-0050,1
548084,831117,CA-1350,1
548085,831118,XW-0200,0.5
548086,831118,JH-3210,0.5
548087,831122,BH-1212,0.5
548088,831122,GH-0050,0.5
548089,831124,LC-0250,1
548090,831126,JJ-1550,1
548091,831127,DB-0325,1
548092,831128,BH-1212,0.5
548093,831128,TD-0475,0.5
548094,831129,KM-0425,0.5
548095,831129,AB-1500,0.5
548096,831130,TD-0475,1
548097,831131,JP-1975,1
548098,831135,AW-1950,1
548099,831136,SL-0500,1
548100,831137,LV-0050,1
548101,831139,JH-3210,1
548102,831142,BH-1212,0.5
548103,831142,DL-0490,0.5
548104,831143,JP-1975,1
548105,831144,GH-0050,1
548106,831146,JP-1975,1
548107,831147,DT-1725,1
548108,831149,AH-0762,1
548109,831150,LC-0250,0.5
548110,831150,AB-1500,0.5
548111,831154,JS-4150,1
548112,831155,BJ-2350,1
548113,831158,JS-4150,0.5
548114,831158,AB-3450,0.5
548115,831160,AH-0762,1
548116,831161,AH-0762,1
548117,831162,AO-0250,1
548118,831163,AO-0250,0.5
548119,831163,AH-0762,0.5
548120,831167,AO-0250,1
548121,831168,JP-1975,1
548122,831170,AB-1500,1
548123,831171,AH-0762,1
548124,831173,JP-1975,1
548125,831174,KM-0425,1
548126,831179,JH-3210,1
548127,831180,JS-4150,1
548128,831181,AB-3450,1
548129,831182,JH-3210,1
548130,831183,JS-4150,1
548131,831188,XW-0200,1
548132,831190,DL-0450,1
548133,831193,LV-0050,1
548134,831194,XW-0200,1
548135,831195,CC-4550,1
548136,831200,AB-1500,1
548137,831201,JJ-1550,1
548138,831205,AB-3450,1
548139,831206,BJ-2350,1
548140,831208,JH-3210,1
548141,831209,JH-3210,1
548142,831210,LV-0050,1
548143,831211,KF-0425,1
548144,831212,CC-4550,1
548145,831214,DT-1725,0.5
548146,831214,MG-0925,0.5
548147,831215,RC-1950,1
548148,831216,AO-0250,0.5
548149,831216,DB-0325,0.5
548150,831217,JP-1975,0.5
548151,831217,AB-1500,0.5
548152,831218,JJ-1550,1
548153,831219,AO-0250,1
548154,831223,XW-0200,1
548155,831225,XW-0200,1
548156,831228,LV-0050,1
548157,831229,JL-1825,1
548158,831231,RM-2750,1
548159,831232,MT-0850,1
548160,831233,GH-0050,1
548161,831234,JP-1975,1
548162,831237,JS-4150,1
548163,831238,JH-3210,1
548164,831241,JL-1825,1
548165,831242,LV-0050,1
548166,831244,GH-0050,1
548167,831246,RC-1950,1
548168,831247,BH-1212,1
548169,831249,JS-4150,0.5
548170,831249,CA-1350,0.5
548171,831250,LV-0050,1
548172,831251,CA-1350,1
548173,831252,XW-0200,1
548174,831253,XW-0200,1
548175,831257,TD-0475,1
548176,831258,JJ-1550,1
548177,831259,OX-0100,1
548178,831261,XW-0200,1
548179,831262,XW-0200,1
548180,831263,LV-0050,1
548181,831265,LV-0050,1
548182,831269,AA-0562,0.5
548183,831269,DG-2693,0.5
548184,831270,KA-0625,1
548185,831273,CN-0250,1
548186,831274,SB-0225,1
548187,831275,VH-0050,1
548188,831278,NS-0800,0.5
548189,831278,LD-0150,0.5
548190,831281,DB-5475,1
548191,831284,TM-3162,0.5
548192,831284,KW-1550,0.5
548193,831285,AA-0562,1
548194,831289,KA-0625,1
548195,831293,DS-4300,1
548196,831294,CD-0687,1
548197,831295,VV-0200,1
548198,831296,NS-0800,1
548199,831298,FW-0350,1
548200,831299,RB-2212,0.5
548201,831299,JT-0650,0.5
548202,831301,AW-1850,1
548203,831302,TM-3162,1
548204,831303,FW-0350,1
548205,831304,KA-0625,1
548206,831306,JT-0650,1
548207,831307,AA-0562,0.5
548208,831307,FW-0350,0.5
548209,831310,AW-1850,1
548210,831311,NB-0350,0.5
548211,831311,AA-0562,0.5
548212,831314,FW-0350,1
548213,831315,VV-0200,0.5
548214,831315,LD-0150,0.5
548215,831316,LD-0150,1
548216,831317,MS-4750,1
548217,831318,LD-0150,1
548218,831319,MS-4750,1
548219,831323,DS-4300,1
548220,831324,WG-0550,1
548221,831325,LD-0150,1
548222,831326,CD-0687,0.5
548223,831326,DS-4300,0.5
548224,831328,CD-0687,1
548225,831329,WG-0550,1
548226,831332,NS-0800,0.5
548227,831332,DW-2375,0.5
548228,831334,DW-2375,1
548229,831339,JW-2687,1
548230,831340,JW-2687,1
548231,831341,SB-0225,1
548232,831343,LD-0150,1
548233,831347,WG-0550,0.5
548234,831347,SB-0225,0.5
548235,831349,JW-2687,0.5
548236,831349,MS-4750,0.5
548237,831350,WG-0550,1
548238,831353,VV-0200,1
548239,831362,EM-1750,1
548240,831363,RS-1000,1
548241,831364,DG-2693,1
548242,831365,DG-2693,1
548243,831367,JT-0650,1
548244,831368,RS-1000,1
548245,831369,TM-3162,1
548246,831370,RS-1000,0.5
548247,831370,TM-3162,0.5
548248,831374,DW-2375,1
548249,831375,JW-2687,1
548250,831376,DW-2375,1
548251,831377,JW-2687,1
548252,831379,DW-2375,1
548253,831382,JT-0650,1
548254,831383,FW-0350,0.5
548255,831383,JT-0650,0.5
548256,831384,MN-0900,1
548257,831385,NB-0350,0.5
548258,831385,TM-3162,0.5
548259,831386,TM-3162,1
548260,831388,DJ-2150,1
548261,831389,DG-2693,1
548262,831392,NS-0800,0.5
548263,831392,DS-4300,0.5
548264,831393,VH-0050,1
548265,831394,LD-0150,1
548266,831396,JW-2687,1
548267,831397,JW-2687,1
548268,831399,MS-4750,1
548269,831401,MN-0900,1
548270,831403,RS-1000,0.5
548271,831403,TM-3162,0.5
548272,831404,TM-3162,1
548273,831405,DB-5475,1
548274,831410,DW-2375,1
548275,831411,JW-2687,1
548276,831412,DS-4300,0.5
548277,831412,VH-0050,0.5
548278,831413,CN-0250,1
548279,831414,MS-4750,1
548280,831421,FW-0350,1
548281,831422,RS-1000,1
548282,831423,FW-0350,1
548283,831424,FW-0350,1
548284,831426,FW-0350,1
548285,831432,ST-1150,1
548286,831433,MB-0650,1
548287,831434,JH-0100,1
548288,831435,TA-0600,0.5
548289,831435,SN-0450,0.5
548290,831436,ST-1150,0.5
548291,831436,TE-0006,0.5
548292,831439,DH-2950,1
548293,831440,DH-2950,0.5
548294,831440,SG-0650,0.5
548295,831441,SG-0650,1
548296,831442,LG-1000,0.5
548297,831442,SC-0025,0.5
548298,831443,LG-1000,0.5
548299,831443,PC-0300,0.5
548300,831444,DH-2950,1
548301,831448,MH-2975,1
548302,831450,MB-0650,0.5
548303,831450,DB-6050,0.5
548304,831451,TA-0600,0.5
548305,831451,DB-6050,0.5
548306,831452,JH-0100,1
548307,831453,CS-4425,1
548308,831457,JC-3550,1
548309,831459,JM-2800,1
548310,831461,JM-2800,1
548311,831463,MH-2975,1
548312,831464,MB-0650,1
548313,831465,CH-3100,0.5
548314,831465,JH-0100,0.5
548315,831466,TE-0006,1
548316,831467,JH-0100,0.5
548317,831467,SN-0450,0.5
548318,831468,TA-0600,1
548319,831469,TE-0006,1
548320,831470,CH-3100,0.5
548321,831470,DB-6050,0.5
548322,831471,JH-0100,1
548323,831476,PC-0300,0.5
548324,831476,DM-1300,0.5
548325,831477,PC-0300,1
548326,831478,DS-1850,0.5
548327,831478,DM-1300,0.5
548328,831480,CH-3100,0.5
548329,831480,BD-1200,0.5
548330,831485,JB-3125,1
548331,831486,DM-1300,1
548332,831487,JS-3250,0.5
548333,831487,JC-3550,0.5
548334,831489,KK-0325,0.5
548335,831489,SN-0450,0.5
548336,831490,KK-0325,1
548337,831491,MB-0650,0.5
548338,831491,KK-0325,0.5
548339,831492,KK-0325,1
548340,831493,KK-0325,1
548341,831499,SG-0650,1
548342,831500,JB-3125,0.5
548343,831500,PC-0300,0.5
548344,831502,JM-2800,1
548345,831504,MB-0650,1
548346,831505,DB-6050,1
548347,831508,TE-0006,1
548348,831513,PC-0300,1
548349,831515,JS-3250,0.5
548350,831515,DH-2950,0.5
548351,831516,JC-3550,0.5
548352,831516,JJ-4565,0.5
548353,831521,DH-2950,1
548354,831524,JC-3550,0.5
548355,831524,PC-0300,0.5
548356,831528,MH-2975,1
548357,831529,TW-1137,1
548358,831530,DB-6050,1
548359,831534,JJ-4565,1
548360,831535,DM-1300,1
548361,831542,VW-0250,1
548362,831543,TE-0006,1
548363,831544,DB-6050,1
548364,831545,TE-0006,0.5
548365,831545,DB-6050,0.5
548366,831546,DB-6050,1
548367,831547,TA-0600,0.5
548368,831547,TW-1137,0.5
548369,831548,KK-0325,1
548370,831552,SG-0650,1
548371,831553,SG-0650,1
548372,831554,DM-1300,1
548373,831555,JJ-4565,1
548374,831558,JJ-0050,1
548375,831560,DB-6050,0.5
548376,831560,VW-0250,0.5
548377,831561,CH-3100,0.5
548378,831561,KK-0325,0.5
548379,831562,MH-2975,1
548380,831563,CH-3100,0.5
548381,831563,DB-6050,0.5
548382,831564,MH-2975,1
548383,831566,AB-3875,1
548384,831568,CH-3100,0.5
548385,831568,DB-6050,0.5
548386,831569,CH-3100,1
548387,831570,JH-0100,1
548388,831576,JC-3550,0.5
548389,831576,DH-1250,0.5
548390,831578,DM-1300,1
548391,831579,JM-2800,1
548392,831583,BD-1200,1
548393,831584,BD-1200,1
548394,831585,CH-3100,0.5
548395,831585,MB-0650,0.5
548396,831587,JB-3125,1
548397,831588,CW-3375,1
548398,831589,JM-2800,0.5
548399,831589,DH-1250,0.5
548400,831592,JM-2800,1
548401,831593,JC-3550,1
548402,831595,JM-2800,0.5
548403,831595,SG-0650,0.5
548404,831597,DD-0250,1
548405,831598,VB-0087,0.5
548406,831598,PW-0850,0.5
548407,831604,JJ-5000,1
548408,831605,JR-1550,1
548409,831606,AB-1925,1
548410,831607,BM-1450,1
548411,831608,JJ-5000,1
548412,831610,MW-2275,1
548413,831613,DD-0250,1
548414,831615,BR-1050,1
548415,831617,BR-1050,1
548416,831618,ZC-0300,0.5
548417,831618,BR-1050,0.5
548418,831619,BR-1050,1
548419,831620,JA-0280,1
548420,831621,ZC-0300,1
548421,831623,EA-0575,1
548422,831624,VB-0087,1
548423,831626,ML-2250,1
548424,831627,CJ-2400,1
548425,831629,ML-0375,1
548426,831634,JJ-5000,1
548427,831635,TG-0950,1
548428,831636,JR-1550,1
548429,831637,BM-1450,1
548430,831638,WM-0550,1
548431,831640,DC-2812,0.5
548432,831640,BM-1450,0.5
548433,831645,ML-0375,1
548434,831646,MB-3875,1
548435,831647,AA-0552,1
548436,831649,VB-0087,1
548437,831650,EA-0575,1
548438,831651,AK-0650,1
548439,831652,VB-0087,1
548440,831653,DD-0250,0.5
548441,831653,PW-0850,0.5
548442,831654,ML-2250,1
548443,831656,AK-0650,1
548444,831658,CJ-2400,0.5
548445,831658,TS-3025,0.5
548446,831660,EA-0575,1
548447,831662,VB-0087,0.5
548448,831662,MW-2275,0.5
548449,831663,PW-0850,1
548450,831667,AC-2250,0.5
548451,831667,TG-0950,0.5
548452,831669,BM-1450,1
548453,831670,BR-1050,1
548454,831672,BR-1050,1
548455,831675,JJ-5000,1
548456,831676,WM-0550,1
548457,831677,JR-1550,1
548458,831682,DD-0250,1
548459,831684,CJ-2400,1
548460,831685,AA-0552,1
548461,831686,TH-1350,1
548462,831688,AA-0552,1
548463,831689,MD-0131,1
548464,831694,JR-1550,1
548465,831695,BR-1050,1
548466,831696,DR-0625,1
548467,831697,JR-1550,1
548468,831698,AC-2250,1
548469,831699,AC-2250,1
548470,831700,BR-1050,1
548471,831701,CW-0875,0.5
548472,831701,JM-0950,0.5
548473,831703,JR-1550,1
548474,831708,AK-0650,1
548475,831710,JR-1550,1
548476,831711,BM-1450,0.5
548477,831711,TG-0950,0.5
548478,831712,WM-0550,0.5
548479,831712,JR-1550,0.5
548480,831716,ML-0375,1
548481,831717,AA-0552,1
548482,831718,DD-0250,1
548483,831720,VB-0087,1
548484,831725,JJ-5000,1
548485,831726,CW-0875,0.5
548486,831726,ZC-0300,0.5
548487,831728,WM-0550,1
548488,831730,MD-0131,1
548489,831733,VB-0087,1
548490,831734,AK-0650,1
548491,831736,CJ-2400,1
548492,831739,BR-1050,1
548493,831740,AB-1925,0.5
548494,831740,JJ-5000,0.5
548495,831741,AC-2250,1
548496,831742,JJ-5000,1
548497,831743,BM-1450,1
548498,831744,ZC-0300,1
548499,831745,JA-0280,1
548500,831748,ML-0375,1
548501,831753,JJ-5000,1
548502,831755,JR-1550,0.5
548503,831755,KC-2575,0.5
548504,831757,AC-2250,1
548505,831760,CN-0450,1
548506,831761,BC-1125,1
548507,831762,KJ-0100,1
548508,831763,JJ-2350,1
548509,831764,BC-1125,1
548510,831765,IY-0100,1
548511,831767,IY-0100,1
548512,831768,VM-0300,1
548513,831769,VM-0300,1
548514,831773,JM-1650,1
548515,831774,CF-0362,0.5
548516,831774,JH-0840,0.5
548517,831775,KJ-1150,0.5
548518,831775,LJ-1800,0.5
548519,831777,BC-1125,0.5
548520,831777,JJ-2350,0.5
548521,831778,IY-0100,1
548522,831779,IY-0100,1
548523,831780,IY-0100,1
548524,831783,VM-0300,1
548525,831784,JJ-2350,1
548526,831786,ML-0662,1
548527,831787,VB-0350,1
548528,831788,BM-0750,1
548529,831789,KJ-1150,0.5
548530,831789,CR-0887,0.5
548531,831790,JH-0840,0.5
548532,831790,MC-3050,0.5
548533,831793,AK-0337,0.5
548534,831793,VB-0350,0.5
548535,831800,WP-0125,1
548536,831801,KJ-0100,1
548537,831802,SH-0150,0.5
548538,831802,JJ-2350,0.5
548539,831803,AG-1350,1
548540,831804,MR-0525,1
548541,831805,IY-0100,1
548542,831806,DW-0450,0.5
548543,831806,KJ-0100,0.5
548544,831807,IY-0100,1
548545,831808,JJ-2350,0.5
548546,831808,CH-1500,0.5
548547,831809,IY-0100,1
548548,831810,JJ-2350,1
548549,831811,WP-0125,1
548550,831815,CF-0362,0.5
548551,831815,JA-0112,0.5
548552,831816,JM-1650,1
548553,831817,GC-0850,1
548554,831819,NM-0675,1
548555,831820,LJ-1800,1
548556,831821,VB-0350,1
548557,831831,MH-3793,0.5
548558,831831,GC-0850,0.5
548559,831832,TW-1750,1
548560,831833,JM-1650,1
548561,831834,LJ-1800,1
548562,831835,LJ-1800,1
548563,831836,PH-0050,0.5
548564,831836,VB-0350,0.5
548565,831837,MC-3050,0.5
548566,831837,VB-0350,0.5
548567,831838,KJ-1150,1
548568,831839,VB-0350,1
548569,831844,SH-0150,0.5
548570,831844,VM-0300,0.5
548571,831845,JJ-2350,1
548572,831846,DW-4250,1
548573,831848,GC-0850,1
548574,831850,TW-1750,1
548575,831851,JM-1650,1
548576,831852,LJ-1800,1
548577,831853,GC-0850,0.5
548578,831853,JA-0112,0.5
548579,831854,MC-3050,1
548580,831855,KJ-1150,1
548581,831860,SH-0150,0.5
548582,831860,JJ-2350,0.5
548583,831861,KJ-0100,1
548584,831863,DW-4250,0.5
548585,831863,JS-3150,0.5
548586,831866,JA-0112,1
548587,831867,KJ-1150,1
548588,831870,AG-1350,1
548589,831871,CH-1500,1
548590,831872,CH-1500,1
548591,831873,JS-3150,1
548592,831877,MC-3050,0.5
548593,831877,TW-1750,0.5
548594,831878,KJ-1150,0.5
548595,831878,JA-0112,0.5
548596,831879,MC-3050,0.5
548597,831879,TW-1750,0.5
548598,831880,TW-1750,0.5
548599,831880,TM-3375,0.5
548600,831884,JJ-2350,0.5
548601,831884,KJ-0100,0.5
548602,831885,DW-4250,0.5
548603,831885,JJ-2350,0.5
548604,831886,JJ-2350,1
548605,831887,JJ-2350,1
548606,831888,JJ-2350,0.5
548607,831888,VM-0300,0.5
548608,831891,DW-4750,1
548609,831892,NM-0675,1
548610,831893,TW-1750,1
548611,831894,LJ-1800,0.5
548612,831894,JA-0112,0.5
548613,831896,KJ-1150,0.5
548614,831896,DW-4750,0.5
548615,831897,MH-3793,0.5
548616,831897,MC-3050,0.5
548617,831901,KJ-0100,1
548618,831902,SH-0150,0.5
548619,831902,JJ-2350,0.5
548620,831903,KJ-0100,1
548621,831904,CH-1500,0.5
548622,831904,JS-3150,0.5
548623,831907,LK-0600,0.5
548624,831907,DJ-0575,0.5
548625,831908,LK-0600,1
548626,831909,ST-0550,1
548627,831912,CD-0687,1
548628,831913,LD-0150,0.5
548629,831913,JW-2687,0.5
548630,831914,WG-0550,0.5
548631,831914,DW-2375,0.5
548632,831915,CD-0687,1
548633,831916,ME-0412,1
548634,831917,WG-0550,0.5
548635,831917,DW-2375,0.5
548636,831918,WG-0550,1
548637,831919,CD-0687,1
548638,831920,JW-2687,1
548639,831921,BB-3875,0.5
548640,831921,LK-0600,0.5
548641,831922,DJ-0575,1
548642,831923,DJ-0575,1
548643,831924,GM-0500,0.5
548644,831924,LK-0600,0.5
548645,831928,VH-0050,1
548646,831930,KM-1950,1
548647,831931,JW-2687,1
548648,831932,VV-0200,0.5
548649,831932,KM-1950,0.5
548650,831937,LK-0600,1
548651,831938,ER-0150,1
548652,831940,JE-0325,1
548653,831942,KM-1950,0.5
548654,831942,LD-0150,0.5
548655,831944,LD-0150,1
548656,831946,VV-0200,0.5
548657,831946,KM-1950,0.5
548658,831948,KM-1950,0.5
548659,831948,JW-2687,0.5
548660,831952,GM-0500,1
548661,831953,LK-0600,0.5
548662,831953,TB-1850,0.5
548663,831957,JW-2687,1
548664,831959,VH-0050,1
548665,831963,LK-0600,1
548666,831964,BB-3875,1
548667,831965,DJ-0575,1
548668,831968,ST-0550,0.5
548669,831968,MH-2050,0.5
548670,831970,KM-1950,1
548671,831972,CN-0250,1
548672,831975,JB-4975,1
548673,831976,EO-0050,0.5
548674,831976,LK-0600,0.5
548675,831977,LK-0600,0.5
548676,831977,MH-2050,0.5
548677,831978,LK-0600,1
548678,831982,VH-0050,1
548679,831983,VH-0050,1
548680,831985,VH-0050,1
548681,831987,ME-0412,0.5
548682,831987,VH-0050,0.5
548683,831989,DB-2925,1
548684,831992,ME-0412,1
548685,831997,DP-1450,1
548686,831999,GM-0500,0.5
548687,831999,DJ-0575,0.5
548688,832002,VV-0200,0.5
548689,832002,JW-2687,0.5
548690,832003,KM-1950,1
548691,832004,CD-0687,1
548692,832009,ST-0550,1
548693,832010,ST-0550,1
548694,832012,ST-0550,0.5
548695,832012,TB-1850,0.5
548696,832013,LK-0600,0.5
548697,832013,ER-0150,0.5
548698,832014,LK-0600,1
548699,832018,VH-0050,1
548700,832021,KM-1950,0.5
548701,832021,LD-0150,0.5
548702,832022,AN-0150,0.5
548703,832022,LD-0150,0.5
548704,832023,TB-1850,1
548705,832024,DJ-0575,1
548706,832025,JB-4975,1
548707,832027,MA-0300,0.5
548708,832027,LK-0600,0.5
548709,832030,VH-0050,1
548710,832032,VH-0050,1
548711,832038,LK-0600,1
548712,832042,VV-0200,0.5
548713,832042,LD-0150,0.5
548714,832043,BA-0350,0.5
548715,832043,CN-0250,0.5
548716,832046,ER-0150,1
548717,832053,GM-0500,0.5
548718,832053,LK-0600,0.5
548719,832054,LK-0600,0.5
548720,832054,TB-1850,0.5
548721,832055,LK-0600,0.5
548722,832055,ER-0150,0.5
548723,832056,ST-0550,0.5
548724,832056,JC-1450,0.5
548725,832058,KS-0850,1
548726,832059,JB-4975,1
548727,832060,ST-0550,0.5
548728,832060,MH-2050,0.5
548729,832061,MH-2050,1
548730,832065,CD-0687,1
548731,832067,LD-0150,1
548732,832068,VH-0050,1
548733,832069,CD-0687,1
548734,832071,CD-0687,1
548735,832074,VH-0050,1
548736,832076,VH-0050,1
548737,832077,DP-1450,0.5
548738,832077,ST-0550,0.5
548739,832081,CJ-2350,1
548740,832082,MJ-2700,1
548741,832083,BC-0500,1
548742,832084,MP-1225,0.5
548743,832084,PO-0175,0.5
548744,832085,MH-3742,1
548745,832087,HR-0050,0.5
548746,832087,BM-3687,0.5
548747,832088,JH-3675,0.5
548748,832088,BB-0550,0.5
548749,832089,DS-5150,0.5
548750,832089,BM-3687,0.5
548751,832090,DS-5150,1
548752,832092,DS-5150,0.5
548753,832092,BM-3687,0.5
548754,832097,MH-3742,1
548755,832098,PM-0500,1
548756,832100,RG-2375,0.5
548757,832100,CJ-2050,0.5
548758,832101,TB-2700,1
548759,832102,CP-1300,0.5
548760,832102,JH-3675,0.5
548761,832104,BC-0500,1
548762,832105,BC-0500,1
548763,832106,AA-0590,1
548764,832107,TW-2350,0.5
548765,832107,TJ-0950,0.5
548766,832108,TJ-0950,0.5
548767,832108,BC-0500,0.5
548768,832114,DS-5150,0.5
548769,832114,BB-0550,0.5
548770,832115,DS-5150,1
548771,832116,DS-5150,1
548772,832117,RG-2375,1
548773,832119,HR-0050,0.5
548774,832119,JH-3675,0.5
548775,832122,PO-0175,0.5
548776,832122,TJ-0950,0.5
548777,832125,PR-0125,1
548778,832126,TB-2025,1
548779,832127,AA-0590,1
548780,832128,BC-0500,1
548781,832129,MH-3742,1
548782,832130,BC-0500,1
548783,832131,TW-2350,1
548784,832133,PO-0175,1
548785,832137,JH-3675,1
548786,832139,TS-3500,1
548787,832140,JH-3675,1
548788,832141,BB-0550,1
548789,832142,DS-5150,1
548790,832143,BB-0550,1
548791,832144,JH-3675,1
548792,832148,MP-1225,1
548793,832150,CJ-2350,1
548794,832155,HR-0050,1
548795,832159,RG-2375,1
548796,832162,AA-0590,1
548797,832168,TS-3500,0.5
548798,832168,BB-0550,0.5
548799,832169,HR-0050,1
548800,832171,BW-2020,0.5
548801,832171,MJ-2700,0.5
548802,832172,MH-3742,0.5
548803,832172,ET-0200,0.5
548804,832173,PM-0500,1
548805,832174,MH-3742,1
548806,832176,CB-1775,1
548807,832177,MH-3742,1
548808,832183,TS-3500,0.5
548809,832183,BB-0550,0.5
548810,832184,BB-0550,1
548811,832185,BM-3687,1
548812,832186,HR-0050,1
548813,832188,BM-3687,1
548814,832190,HR-0050,1
548815,832191,DS-5150,1
548816,832192,TB-2700,1
548817,832193,BB-0550,1
548818,832195,JH-3675,1
548819,832199,JH-3675,1
548820,832203,TJ-0950,1
548821,832204,AA-0590,1
548822,832205,MJ-2700,1
548823,832210,CM-0250,1
548824,832211,JH-3675,1
548825,832212,BM-3687,1
548826,832213,CM-1600,1
548827,832214,CJ-2156,1
548828,832217,BM-3687,1
548829,832222,PO-0175,1
548830,832225,JH-3675,1
548831,832226,HR-0050,1
548832,832227,CP-1300,1
548833,832228,TB-2700,1
548834,832229,BB-0550,1
548835,832238,ZA-0150,1
548836,832239,BB-0550,1
548837,832240,TB-2700,1
548838,832242,ZA-0150,0.5
548839,832242,TB-2700,0.5
548840,832243,JH-3675,0.5
548841,832243,CJ-2156,0.5
548842,832244,MB-4175,1
548843,832248,EO-0275,0.5
548844,832248,JP-4150,0.5
548845,832249,SN-0150,1
548846,832250,LW-0150,1
548847,832251,DM-0250,1
548848,832255,DT-1725,1
548849,832257,AO-0250,1
548850,832259,TE-0012,0.5
548851,832259,MM-3168,0.5
548852,832264,AO-0250,1
548853,832265,JP-1975,1
548854,832266,LC-0250,1
548855,832267,RC-1950,1
548856,832268,AB-1500,1
548857,832269,DB-0325,1
548858,832270,JJ-1550,1
548859,832271,AO-0250,0.5
548860,832271,AB-1500,0.5
548861,832272,AO-0250,1
548862,832276,HP-0050,0.5
548863,832276,MM-3168,0.5
548864,832280,JJ-1550,1
548865,832283,MT-0850,1
548866,832284,OX-0100,0.5
548867,832284,JP-1975,0.5
548868,832285,DT-1725,0.5
548869,832285,GH-0050,0.5
548870,832287,JJ-1550,1
548871,832290,AB-1500,1
548872,832294,TW-1725,1
548873,832295,TW-1725,1
548874,832299,LC-0250,1
548875,832300,JJ-1550,1
548876,832301,JP-1975,1
548877,832302,RM-2750,0.5
548878,832302,AB-1500,0.5
548879,832303,AB-1500,1
548880,832305,DB-0325,0.5
548881,832305,JP-1975,0.5
548882,832309,TE-0012,1
548883,832310,TW-1725,1
548884,832311,TW-1725,1
548885,832313,LW-0150,1
548886,832314,SL-0350,0.5
548887,832314,MM-3168,0.5
548888,832315,TE-0012,0.5
548889,832315,SN-0150,0.5
548890,832316,LW-0150,1
548891,832318,MM-3168,1
548892,832319,SN-0150,1
548893,832320,MM-3168,1
548894,832323,BH-1212,0.5
548895,832323,MT-0850,0.5
548896,832324,AO-0250,1
548897,832328,LW-0150,1
548898,832333,RC-1950,1
548899,832337,TM-3450,0.5
548900,832337,MH-4000,0.5
548901,832338,TE-0012,1
548902,832340,TW-1725,1
548903,832341,LW-0150,1
548904,832342,JP-2850,1
548905,832344,EO-0275,0.5
548906,832344,TE-0012,0.5
548907,832349,JP-1975,0.5
548908,832349,AB-1500,0.5
548909,832351,DL-0490,1
548910,832353,BH-1212,1
548911,832355,DJ-1275,0.5
548912,832355,SN-0150,0.5
548913,832356,DM-0250,1
548914,832362,MT-0850,1
548915,832364,HP-0050,0.5
548916,832364,JH-5900,0.5
548917,832365,TW-1725,1
548918,832366,MH-4000,1
548919,832367,TE-0012,0.5
548920,832367,MM-3168,0.5
548921,832368,TW-1725,1
548922,832369,JP-2850,0.5
548923,832369,SN-0150,0.5
548924,832370,LW-0150,1
548925,832371,DJ-1275,0.5
548926,832371,TW-1725,0.5
548927,832372,KJ-0650,1
548928,832373,JP-4150,1
548929,832374,JH-5900,0.5
548930,832374,MH-4000,0.5
548931,832378,JJ-1550,1
548932,832379,AB-1500,0.5
548933,832379,JJ-1550,0.5
548934,832381,MG-0925,1
548935,832382,DL-0490,0.5
548936,832382,LC-0250,0.5
548937,832383,MG-0925,1
548938,832385,JJ-1550,1
548939,832386,AB-1500,1
548940,832387,BH-1212,0.5
548941,832387,AB-1500,0.5
548942,832391,RC-1950,1
548943,832397,TE-0012,0.5
548944,832397,MH-4000,0.5
548945,832402,DL-0490,0.5
548946,832402,RC-1950,0.5
548947,832404,DB-0325,1
548948,832405,JP-1975,0.5
548949,832405,MT-0850,0.5
548950,832407,KJ-0650,1
548951,832408,MM-3168,1
548952,832412,RM-2750,0.5
548953,832412,RC-1950,0.5
548954,832413,MG-0925,0.5
548955,832413,AB-1500,0.5
548956,832414,DL-0490,1
548957,832415,MG-0925,1
548958,832416,DT-1725,0.5
548959,832416,RC-1950,0.5
548960,832418,LW-0150,1
548961,832419,LW-0150,1
548962,832420,KJ-0650,1
548963,832423,JS-4150,1
548964,832424,MC-2150,1
548965,832426,LV-0050,1
548966,832428,MI-0175,0.5
548967,832428,JB-4550,0.5
548968,832429,LC-0850,1
548969,832433,BJ-2350,1
548970,832434,JS-4150,1
548971,832435,BJ-2350,1
548972,832437,MN-0550,1
548973,832438,MS-5675,1
548974,832439,JB-4550,0.5
548975,832439,MN-0550,0.5
548976,832440,DP-0662,0.5
548977,832440,CH-3475,0.5
548978,832441,JB-4550,1
548979,832443,BJ-2350,1
548980,832444,KH-3100,1
548981,832446,XW-0200,1
548982,832447,JS-4150,1
548983,832448,JH-3210,1
548984,832449,BJ-2350,1
548985,832450,JS-4150,1
548986,832451,JS-4150,0.5
548987,832451,XW-0200,0.5
548988,832452,SL-0500,0.5
548989,832452,KF-0425,0.5
548990,832456,MI-0175,0.5
548991,832456,DR-2800,0.5
548992,832460,SL-0500,1
548993,832461,JS-4150,1
548994,832465,JS-4150,0.5
548995,832465,XW-0200,0.5
548996,832469,MN-0550,1
548997,832470,MN-0550,1
548998,832471,SH-0056,0.5
548999,832471,LC-0850,0.5
549000,832472,JN-1750,1
549001,832473,DR-2800,1
549002,832474,JB-4550,1
549003,832478,XW-0200,1
549004,832479,JS-4150,0.5
549005,832479,JH-3210,0.5
549006,832482,DP-0662,0.5
549007,832482,LC-0850,0.5
549008,832484,JM-6150,1
549009,832485,MI-0175,0.5
549010,832485,CH-3475,0.5
549011,832486,MN-0550,1
549012,832487,JN-1750,1
549013,832488,LC-0850,1
549014,832489,JB-4550,0.5
549015,832489,MN-0550,0.5
549016,832491,JM-6150,1
549017,832492,CH-3475,1
549018,832499,JM-6150,1
549019,832500,LC-0850,1
549020,832501,JB-4550,0.5
549021,832501,LC-0850,0.5
549022,832502,MN-0550,1
549023,832504,CH-3475,0.5
549024,832504,JN-1750,0.5
549025,832505,RA-1175,0.5
549026,832505,JB-4550,0.5
549027,832506,LC-0850,1
549028,832507,CH-3475,1
549029,832511,LV-0050,1
549030,832512,AB-3450,1
549031,832514,JH-3210,1
549032,832517,JL-1825,1
549033,832518,AB-3450,1
549034,832519,JJ-0375,0.5
549035,832519,BJ-2350,0.5
549036,832520,JS-4150,1
549037,832525,MN-0550,1
549038,832526,DP-0662,0.5
549039,832526,SH-0056,0.5
549040,832527,MI-0175,1
549041,832528,JM-6150,1
549042,832529,LC-0850,0.5
549043,832529,DR-2800,0.5
549044,832530,MI-0175,1
549045,832531,LC-0850,1
549046,832533,SH-0056,1
549047,832535,SH-0056,1
549048,832536,SH-0056,1
549049,832539,DA-1625,1
549050,832540,LV-0050,0.5
549051,832540,BJ-2350,0.5
549052,832541,XW-0200,1
549053,832542,JS-4150,1
549054,832545,MS-5675,1
549055,832546,DR-2800,1
549056,832547,RK-0500,1
549057,832548,MS-5675,1
549058,832549,JN-1750,1
549059,832550,JM-6150,1
549060,832551,RA-1175,1
549061,832552,RA-1175,1
549062,832553,LC-0850,0.5
549063,832553,ST-0475,0.5
549064,832557,DA-1625,1
549065,832558,LV-0050,0.5
549066,832558,CA-1350,0.5
549067,832559,LV-0050,1
549068,832560,JH-3210,1
549069,832561,JS-4150,1
549070,832562,XW-0200,1
549071,832564,BJ-2350,1
549072,832566,BJ-2350,1
549073,832571,LC-0850,1
549074,832572,MS-5675,0.5
549075,832572,JM-6150,0.5
549076,832573,LC-0850,1
549077,832574,TS-1256,1
549078,832575,CH-3475,0.5
549079,832575,MN-0550,0.5
549080,832579,DA-2050,0.5
549081,832579,JH-5500,0.5
549082,832580,MH-3250,1
549083,832582,MB-5250,1
549084,832583,DJ-2250,1
549085,832585,RE-0700,0.5
549086,832585,LR-0600,0.5
549087,832586,AJ-0050,1
549088,832588,KV-0050,1
549089,832592,DL-0925,1
549090,832594,DL-0925,0.5
549091,832594,KM-2650,0.5
549092,832598,JB-6837,1
549093,832599,JB-6837,1
549094,832601,MA-0075,1
549095,832602,DL-0925,0.5
549096,832602,KW-1850,0.5
549097,832604,TL-0950,0.5
549098,832604,KW-1850,0.5
549099,832605,MA-0075,1
549100,832606,PD-0450,1
549101,832607,DL-0925,1
549102,832608,AM-3025,1
549103,832609,DL-0925,0.5
549104,832609,KW-1850,0.5
549105,832614,JB-6837,1
549106,832617,MB-5250,1
549107,832618,DJ-2250,1
549108,832619,LR-0600,1
549109,832621,JB-6837,0.5
549110,832621,HL-0050,0.5
549111,832623,MB-5250,1
549112,832624,KV-0050,1
549113,832625,KB-2850,1
549114,832626,DJ-2250,0.5
549115,832626,KV-0050,0.5
549116,832631,DL-0925,1
549117,832632,AM-3025,1
549118,832633,PD-0450,1
549119,832637,DJ-2250,1
549120,832638,DJ-2250,0.5
549121,832638,MB-5250,0.5
549122,832641,PD-0450,1
549123,832642,AW-0262,1
549124,832644,QW-0300,1
549125,832646,KV-0050,1
549126,832649,KB-2850,1
549127,832650,CW-0100,0.5
549128,832650,LR-0600,0.5
549129,832653,KB-2850,1
549130,832655,RE-0700,1
549131,832656,RE-0700,1
549132,832659,CG-0750,1
549133,832660,GS-1250,0.5
549134,832660,DL-0925,0.5
549135,832661,PD-0450,1
549136,832666,HL-0050,1
549137,832667,KV-0050,1
549138,832668,HL-0050,0.5
549139,832668,MB-5250,0.5
549140,832669,KB-2850,1
549141,832670,JB-6837,1
549142,832671,MB-5250,1
549143,832672,RE-0700,1
549144,832674,MH-3250,1
549145,832676,KM-2650,1
549146,832677,CG-0750,1
549147,832681,JB-6837,1
549148,832682,LR-0600,0.5
549149,832682,MB-5250,0.5
549150,832683,JB-6837,1
549151,832684,JC-1700,1
549152,832688,MH-3750,1
549153,832689,GS-1250,0.5
549154,832689,RY-0050,0.5
549155,832690,KW-1850,1
549156,832691,JH-5500,1
549157,832693,GS-1250,0.5
549158,832693,JH-5500,0.5
549159,832694,KW-1850,1
549160,832696,JH-5500,0.5
549161,832696,DL-0925,0.5
549162,832697,KW-1850,1
549163,832700,SF-0125,0.5
549164,832700,RE-0700,0.5
549165,832701,HL-0050,1
549166,832704,DL-0925,0.5
549167,832704,RY-0050,0.5
549168,832705,AM-3025,1
549169,832708,JC-1700,0.5
549170,832708,JB-6837,0.5
549171,832709,JC-1700,0.5
549172,832709,SF-0125,0.5
549173,832710,KV-0050,1
549174,832716,KW-1850,1
549175,832720,HL-0050,1
549176,832722,JB-6837,1
549177,832723,JC-1700,1
549178,832724,JC-1700,0.5
549179,832724,KV-0050,0.5
549180,832725,RE-0700,0.5
549181,832725,JB-6837,0.5
549182,832726,DJ-2250,1
549183,832728,KM-2650,1
549184,832729,MH-3250,1
549185,832731,CG-0750,0.5
549186,832731,RY-0050,0.5
549187,832736,AB-1925,0.5
549188,832736,BM-1450,0.5
549189,832737,LJ-1187,1
549190,832738,BM-1450,1
549191,832740,JJ-5000,1
549192,832742,JW-4925,1
549193,832744,JR-0150,1
549194,832746,DR-0625,0.5
549195,832746,JW-1100,0.5
549196,832747,BD-1100,0.5
549197,832747,ZC-0300,0.5
549198,832750,MJ-0015,1
549199,832751,QW-0050,1
549200,832752,JW-4925,1
549201,832753,MJ-0015,0.5
549202,832753,DH-2150,0.5
549203,832754,RH-1150,0.5
549204,832754,TH-1450,0.5
549205,832756,QW-0050,0.5
549206,832756,RH-1150,0.5
549207,832757,JR-0150,1
549208,832758,RH-1150,1
549209,832759,QW-0050,0.5
549210,832759,LJ-0312,0.5
549211,832760,JR-0150,1
549212,832762,MD-0100,1
549213,832766,DR-0625,0.5
549214,832766,JW-1100,0.5
549215,832768,JR-1550,1
549216,832770,AB-1925,0.5
549217,832770,BD-1100,0.5
549218,832771,BR-1050,1
549219,832773,TH-1450,1
549220,832774,MD-0100,1
549221,832778,DR-0625,0.5
549222,832778,JJ-5000,0.5
549223,832779,JJ-5000,1
549224,832782,DS-3125,0.5
549225,832782,QW-0050,0.5
549226,832786,BS-0850,1
549227,832787,TG-0950,1
549228,832789,ZC-0300,1
549229,832792,TG-0950,1
549230,832794,TG-0950,1
549231,832795,JJ-5000,0.5
549232,832795,TG-0950,0.5
549233,832798,MJ-0015,1
549234,832800,LJ-0312,0.5
549235,832800,JW-4925,0.5
549236,832802,RH-1150,1
549237,832803,TH-1450,1
549238,832805,JR-0150,1
549239,832806,MJ-0015,1
549240,832807,DH-2150,1
549241,832812,MJ-0015,1
549242,832813,QW-0050,1
549243,832815,JW-4925,1
549244,832816,JA-1090,0.5
549245,832816,JW-4925,0.5
549246,832818,ZC-0300,0.5
549247,832818,JR-1550,0.5
549248,832819,JR-1550,0.5
549249,832819,LJ-1187,0.5
549250,832820,DR-0625,1
549251,832821,JR-1550,1
549252,832824,TH-1450,1
549253,832825,LJ-0312,1
549254,832827,JA-1090,0.5
549255,832827,MD-0100,0.5
549256,832830,BR-1050,1
549257,832832,AB-1925,0.5
549258,832832,ZC-0300,0.5
549259,832835,JA-0280,1
549260,832837,RH-1150,1
549261,832838,LM-1020,1
549262,832839,CC-0200,1
549263,832840,MJ-0015,0.5
549264,832840,JW-4925,0.5
549265,832841,QW-0050,1
549266,832842,JA-1090,1
549267,832843,JW-4925,1
549268,832845,TB-3450,0.5
549269,832845,CC-0200,0.5
549270,832850,RH-1150,0.5
549271,832850,JW-4925,0.5
549272,832851,CC-0200,0.5
549273,832851,RH-1150,0.5
549274,832855,ZC-0300,1
549275,832857,BM-1450,1
549276,832858,JJ-5000,1
549277,832860,BM-1450,1
549278,832861,LJ-1187,1
549279,832863,BM-1450,1
549280,832865,BM-1450,0.5
549281,832865,JA-0280,0.5
549282,832868,CC-0200,0.5
549283,832868,LJ-0312,0.5
549284,832869,QW-0050,1
549285,832870,QW-0050,1
549286,832873,LM-1020,0.5
549287,832873,QW-0050,0.5
549288,832875,ZC-0300,1
549289,832876,TG-0950,1
549290,832877,CO-0850,0.5
549291,832877,ZC-0300,0.5
549292,832878,BD-1100,0.5
549293,832878,BM-1450,0.5
549294,832880,JA-0280,1
549295,832881,JJ-5000,1
549296,832882,JJ-5000,1
549297,832886,BM-1450,0.5
549298,832886,BS-0850,0.5
549299,832888,ZC-0300,1
549300,832895,TF-0750,0.5
549301,832895,CJ-2175,0.5
549302,832898,JJ-4850,0.5
549303,832898,MI-0150,0.5
549304,832899,JB-4450,0.5
549305,832899,BM-1800,0.5
549306,832902,JT-0687,1
549307,832903,TW-0152,1
549308,832904,RM-3850,1
549309,832905,DK-0465,0.5
549310,832905,JT-0687,0.5
549311,832907,DS-2250,1
549312,832908,JT-0687,0.5
549313,832908,QD-0300,0.5
549314,832913,AP-1050,1
549315,832914,BM-1800,0.5
549316,832914,TD-0700,0.5
549317,832915,AP-1050,1
549318,832916,BF-0050,1
549319,832917,MI-0150,0.5
549320,832917,AP-1050,0.5
549321,832918,UN-0200,0.5
549322,832918,TD-0700,0.5
549323,832923,JT-0687,1
549324,832924,TW-3250,0.5
549325,832924,TW-0152,0.5
549326,832927,TD-0700,1
549327,832928,AP-1050,1
549328,832929,JB-4450,1
549329,832930,TD-0700,1
549330,832931,BF-0050,1
549331,832933,CH-2250,1
549332,832934,JB-4450,1
549333,832936,TW-0152,1
549334,832938,QD-0300,1
549335,832942,TD-0700,0.5
549336,832942,CH-2250,0.5
549337,832943,MI-0150,1
549338,832944,TD-0700,1
549339,832945,TD-0700,1
549340,832946,TD-0700,0.5
549341,832946,AP-1050,0.5
549342,832947,JT-2843,1
549343,832948,TD-0700,0.5
549344,832948,CH-2250,0.5
549345,832949,UN-0200,1
549346,832952,DK-0465,1
549347,832954,RM-3850,1
549348,832955,KS-2450,0.5
549349,832955,DK-0465,0.5
549350,832958,AP-1050,1
549351,832959,MI-0150,1
549352,832961,JW-0950,1
549353,832962,KW-0896,1
549354,832967,AR-1115,1
549355,832970,DS-2250,1
549356,832972,RM-3850,1
549357,832976,KW-0896,1
549358,832977,AP-1050,1
549359,832978,JB-4450,0.5
549360,832978,BF-0050,0.5
549361,832979,MI-0150,0.5
549362,832979,TD-0700,0.5
549363,832980,BF-0050,1
549364,832981,BF-0050,1
549365,832984,CJ-2175,0.5
549366,832984,QD-0300,0.5
549367,832986,TW-0152,1
549368,832989,DS-2250,1
549369,832991,JT-0687,1
549370,832992,KW-0896,1
549371,832993,BM-1800,0.5
549372,832993,KW-0896,0.5
549373,832994,JB-4450,0.5
549374,832994,MI-0150,0.5
549375,832996,JT-0687,1
549376,832997,DS-2250,1
549377,832998,JT-0687,1
549378,832999,RO-0450,0.5
549379,832999,TW-0152,0.5
549380,833000,TW-0152,1
549381,833001,DK-0465,1
549382,833004,BF-0050,1
549383,833007,DK-0465,1
549384,833008,AR-1115,1
549385,833009,RM-3850,1
549386,833010,TW-0152,1
549387,833011,JT-0687,1
549388,833012,QD-0300,1
549389,833015,TD-0700,0.5
549390,833015,KW-0896,0.5
549391,833016,UN-0200,1
549392,833017,KW-0896,0.5
549393,833017,BF-0050,0.5
549394,833018,KW-0896,1
549395,833019,JB-4450,0.5
549396,833019,UN-0200,0.5
549397,833020,BF-0050,1
549398,833021,RJ-0650,1
549399,833027,TW-0152,1
549400,833029,JT-0687,0.5
549401,833029,TW-0152,0.5
549402,833030,AR-1115,1
549403,833031,RM-3850,1
549404,833032,CJ-2175,1
549405,833033,QD-0300,1
549406,833034,DS-2250,1
549407,833035,TW-0152,1
549408,833036,QD-0300,1
549409,833039,MI-0150,1
549410,833040,UN-0200,1
549411,833041,TD-0700,1
549412,833044,HS-0130,1
549413,833045,AB-0650,1
549414,833046,EW-1350,1
549415,833050,BM-0345,0.5
549416,833050,JA-0475,0.5
549417,833051,BM-0345,1
549418,833052,JA-0475,1
549419,833053,AA-0543,1
549420,833054,BM-0345,0.5
549421,833054,ZS-0075,0.5
549422,833058,LJ-1700,1
549423,833059,DH-4650,1
549424,833060,TW-1187,1
549425,833061,JK-0225,1
549426,833062,DH-4650,0.5
549427,833062,EG-0900,0.5
549428,833063,JK-0225,1
549429,833064,DH-4650,0.5
549430,833064,EK-0250,0.5
549431,833065,AB-0650,1
549432,833066,XR-0100,1
549433,833072,BM-0345,1
549434,833073,ZS-0075,1
549435,833074,DS-0712,1
549436,833076,XR-0100,1
549437,833077,AB-0650,1
549438,833078,AB-0650,1
549439,833086,AH-1300,1
549440,833088,EK-0250,1
549441,833089,HS-0130,0.5
549442,833089,XR-0100,0.5
549443,833091,ZS-0075,1
549444,833094,DH-4650,0.5
549445,833094,LJ-1700,0.5
549446,833095,DH-4650,1
549447,833096,JJ-2525,1
549448,833098,BM-0345,0.5
549449,833098,ZS-0075,0.5
549450,833099,ZS-0075,1
549451,833102,EK-0250,1
549452,833104,AH-1300,1
549453,833107,HS-0130,1
549454,833110,BG-0850,1
549455,833113,AB-0650,1
549456,833114,AH-1300,1
549457,833115,AB-0650,1
549458,833116,EK-0250,1
549459,833117,HS-0130,0.5
549460,833117,JK-0225,0.5
549461,833118,LJ-1700,1
549462,833119,BM-0345,1
549463,833120,DS-0712,1
549464,833122,AA-0543,1
549465,833128,HM-0025,1
549466,833132,KC-1225,0.5
549467,833132,ZS-0075,0.5
549468,833134,DL-2325,1
549469,833136,PS-0550,1
549470,833138,DH-4650,1
549471,833139,EW-1350,1
549472,833140,AH-1300,1
549473,833142,EK-0250,1
549474,833143,TW-1187,1
549475,833147,BM-0345,1
549476,833151,EW-1350,1
549477,833152,DH-4650,1
549478,833153,TW-1187,1
549479,833154,EG-0900,0.5
549480,833154,EK-0250,0.5
549481,833159,DS-0712,1
549482,833160,JA-0475,1
549483,833161,BM-0345,1
549484,833162,PS-0550,1
549485,833163,AA-0543,1
549486,833166,KK-0750,1
549487,833168,HS-0130,1
549488,833170,LJ-1700,0.5
549489,833170,EG-0900,0.5
549490,833173,BM-0345,1
549491,833174,BG-0850,1
549492,833176,BM-0345,1
549493,833177,DS-0712,1
549494,833183,XR-0100,1
549495,833185,DS-0712,1
549496,833186,BM-0345,1
549497,833187,TL-0275,1
549498,833188,BM-0345,1
549499,833189,BM-0345,1
549500,833190,DL-2325,0.5
549501,833190,KF-0050,0.5
549502,833191,DL-2325,1
549503,833192,DS-0712,1
549504,833196,JK-0225,1
549505,833198,MA-0275,1
549506,833202,EK-0250,1
549507,833203,HS-0130,1
549508,833204,DH-4650,1
549509,833205,AH-1300,1
549510,833206,EW-1350,0.5
549511,833206,AH-1300,0.5
549512,833207,EK-0250,1
549513,833208,LJ-1700,1
549514,833213,LG-1000,1
549515,833214,JC-3550,1
549516,833217,DG-1275,1
549517,833218,MF-0550,1
549518,833219,BM-0775,1
549519,833221,XH-0100,1
549520,833222,ER-0475,1
549521,833223,CW-2150,1
549522,833224,MF-0550,1
549523,833226,RM-3150,0.5
549524,833226,JB-0550,0.5
549525,833230,DH-2950,0.5
549526,833230,SG-0650,0.5
549527,833231,ER-0250,1
549528,833232,ER-0250,1
549529,833233,LG-1000,1
549530,833234,LG-1000,0.5
549531,833234,JM-2800,0.5
549532,833236,PC-0300,1
549533,833239,XH-0100,1
549534,833240,JB-0550,1
549535,833241,SE-0150,0.5
549536,833241,JB-0550,0.5
549537,833242,CL-0212,1
549538,833243,JB-0550,1
549539,833245,PC-0300,1
549540,833246,ER-0250,0.5
549541,833246,JJ-0050,0.5
549542,833247,DM-1300,0.5
549543,833247,JJ-4565,0.5
549544,833249,BM-0775,1
549545,833251,SP-0425,1
549546,833252,KW-0862,1
549547,833253,JB-0550,1
549548,833254,RM-3150,0.5
549549,833254,JB-0550,0.5
549550,833255,JW-5450,1
549551,833259,DH-2950,1
549552,833264,ER-0475,1
549553,833265,JB-0550,1
549554,833266,JW-5450,1
549555,833267,TC-0370,0.5
549556,833267,ER-0475,0.5
549557,833268,JW-5450,1
549558,833269,TC-0370,1
549559,833270,JB-0550,1
549560,833271,BM-0775,1
549561,833275,PC-0300,1
549562,833277,JM-2800,1
549563,833281,BM-0775,1
549564,833282,AM-2975,0.5
549565,833282,DG-1275,0.5
549566,833283,JB-0550,0.5
549567,833283,CH-1450,0.5
549568,833291,XH-0100,1
549569,833292,JB-0550,1
549570,833294,BM-0775,1
549571,833295,DG-1275,0.5
549572,833295,BM-0775,0.5
549573,833301,AB-4000,1
549574,833302,JM-2800,1
549575,833304,TC-0370,0.5
549576,833304,SE-0150,0.5
549577,833305,MF-0550,1
549578,833306,BM-0775,0.5
549579,833306,MF-0550,0.5
549580,833307,JW-5450,0.5
549581,833307,MF-0550,0.5
549582,833309,ER-0475,1
549583,833310,CH-1450,0.5
549584,833310,XH-0100,0.5
549585,833311,SE-0150,0.5
549586,833311,CH-1450,0.5
549587,833321,AM-2975,1
549588,833323,DG-1275,0.5
549589,833323,SE-0150,0.5
549590,833324,DG-1275,1
549591,833328,JJ-4565,1
549592,833329,SC-0025,1
549593,833330,JB-3125,1
549594,833331,JB-3125,1
549595,833335,JC-3550,1
549596,833336,JM-2800,1
549597,833337,JJ-0050,1
549598,833342,DM-1300,1
549599,833344,TB-2750,1
549600,833346,DH-1250,1
549601,833350,JC-3550,0.5
549602,833350,SG-0650,0.5
549603,833351,MF-0550,1
549604,833356,JB-0550,1
549605,833357,RM-3150,0.5
549606,833357,ER-0475,0.5
549607,833358,RM-3150,1
549608,833359,CW-2150,0.5
549609,833359,JB-0550,0.5
549610,833363,JC-3550,1
549611,833364,ER-0250,0.5
549612,833364,SC-0025,0.5
549613,833365,BC-2650,0.5
549614,833365,ER-0250,0.5
549615,833366,DH-1250,1
549616,833370,JJ-4565,1
549617,833371,DH-2950,0.5
549618,833371,JJ-4565,0.5
549619,833375,FW-0350,1
549620,833376,KW-1550,1
549621,833378,SH-1393,1
549622,833379,DK-0750,0.5
549623,833379,JB-1650,0.5
549624,833380,PB-0750,1
549625,833384,AW-1850,1
549626,833385,DF-1350,0.5
549627,833385,JT-0650,0.5
549628,833386,RS-1000,1
549629,833387,KW-1550,1
549630,833388,DG-2693,0.5
549631,833388,RS-1000,0.5
549632,833389,RB-2212,0.5
549633,833389,DG-2693,0.5
549634,833390,FW-0350,1
549635,833391,FW-0350,0.5
549636,833391,KW-1550,0.5
549637,833396,DK-0750,1
549638,833397,SH-1393,0.5
549639,833397,PB-0750,0.5
549640,833398,CD-2200,0.5
549641,833398,GA-0400,0.5
549642,833399,SW-1550,1
549643,833400,PB-0750,0.5
549644,833400,JB-1650,0.5
549645,833401,KW-2800,0.5
549646,833401,PB-0750,0.5
549647,833405,RB-2212,1
549648,833406,RS-1000,1
549649,833407,AW-1850,1
549650,833409,RB-2212,1
549651,833411,TM-3162,0.5
549652,833411,KW-1550,0.5
549653,833418,KA-0625,1
549654,833422,DK-0750,1
549655,833423,PB-0750,1
549656,833424,SW-1550,1
549657,833425,PB-0750,1
549658,833426,PB-0750,0.5
549659,833426,SW-1550,0.5
549660,833431,KA-0625,1
549661,833432,KA-0625,0.5
549662,833432,KW-1550,0.5
549663,833434,KW-1550,1
549664,833435,KA-0625,0.5
549665,833435,AW-1850,0.5
549666,833437,AA-0562,0.5
549667,833437,FW-0350,0.5
549668,833441,SW-1550,1
549669,833442,GA-0400,0.5
549670,833442,CL-0375,0.5
549671,833443,JB-1650,1
549672,833447,JT-0650,1
549673,833448,KA-0625,1
549674,833449,JT-0650,1
549675,833451,AA-0562,1
549676,833452,FW-0350,1
549677,833454,FW-0350,0.5
549678,833454,JT-0650,0.5
549679,833458,BW-2550,1
549680,833460,SW-1550,1
549681,833462,SH-1393,0.5
549682,833462,PB-0750,0.5
549683,833463,BW-0770,1
549684,833464,DK-0750,1
549685,833470,SW-1550,1
549686,833471,JB-1650,1
549687,833472,CD-2200,1
549688,833473,DK-0750,1
549689,833474,NV-0200,0.5
549690,833474,PB-0750,0.5
549691,833475,SH-1393,1
549692,833479,RS-1000,0.5
549693,833479,JT-0650,0.5
549694,833480,KA-0625,0.5
549695,833480,KW-1550,0.5
549696,833481,RB-2212,1
549697,833486,DK-0750,1
549698,833487,SW-1550,1
549699,833488,GA-0400,0.5
549700,833488,PB-0750,0.5
549701,833490,JB-1650,1
549702,833491,CD-2200,0.5
549703,833491,AB-1650,0.5
549704,833492,CD-2200,0.5
549705,833492,WJ-0150,0.5
549706,833496,FW-0350,1
549707,833500,JB-1650,1
549708,833501,AB-1650,1
549709,833502,SW-1550,1
549710,833503,JB-1650,1
549711,833504,GA-0400,1
549712,833508,SD-0531,1
549713,833509,AW-1850,1
549714,833512,CD-2200,0.5
549715,833512,PB-0750,0.5
549716,833513,SH-1393,0.5
549717,833513,JB-1650,0.5
549718,833515,SH-1393,1
549719,833516,PB-0750,1
549720,833517,NV-0200,0.5
549721,833517,JB-1650,0.5
549722,833518,CD-2200,1
549723,833519,JT-4325,0.5
549724,833519,PB-0750,0.5
549725,833520,DP-1266,1
549726,833522,SD-0531,0.5
549727,833522,DR-0750,0.5
549728,833524,TM-3162,0.5
549729,833524,AW-1850,0.5
549730,833525,DR-0750,1
549731,833526,ST-0525,0.5
549732,833526,AA-0250,0.5
549733,833527,TM-3162,1
549734,833529,DR-0750,1
549735,833530,TM-3162,1
549736,833533,SW-1550,1
549737,833534,JB-1650,1
549738,833535,JT-4325,0.5
549739,833535,PB-0750,0.5
549740,833536,RG-1150,1
549741,833538,DG-2693,1
549742,833539,ST-0525,1
549743,833547,DH-3112,1
549744,833548,AW-1900,1
549745,833551,SN-0450,1
549746,833553,MB-0650,0.5
549747,833553,BD-1200,0.5
549748,833556,BW-0150,1
549749,833560,TW-1137,0.5
549750,833560,TE-0006,0.5
549751,833561,SD-0250,1
549752,833563,VW-0250,1
549753,833564,SD-0250,1
549754,833565,VW-0250,0.5
549755,833565,TE-0006,0.5
549756,833570,KW-2500,0.5
549757,833570,SG-1600,0.5
549758,833571,BJ-0250,1
549759,833572,BW-0150,1
549760,833573,JC-3350,0.5
549761,833573,MK-0730,0.5
549762,833577,JH-0100,1
549763,833579,TW-1137,1
549764,833580,QJ-0150,1
549765,833587,SN-0450,1
549766,833588,DB-6050,0.5
549767,833588,TE-0006,0.5
549768,833590,TW-1137,1
549769,833591,JH-0100,1
549770,833593,TE-0006,1
549771,833594,TE-0006,1
549772,833595,MB-0650,0.5
549773,833595,DB-6050,0.5
549774,833596,DM-1475,1
549775,833597,CH-3100,0.5
549776,833597,DM-1475,0.5
549777,833602,AW-1900,0.5
549778,833602,BJ-0250,0.5
549779,833603,KW-2500,1
549780,833608,SD-0250,1
549781,833611,KW-2500,1
549782,833612,SG-1600,1
549783,833613,TF-0725,1
549784,833614,KW-2500,1
549785,833617,BW-0150,0.5
549786,833617,BM-1250,0.5
549787,833620,TA-0600,0.5
549788,833620,DB-6050,0.5
549789,833621,SD-0250,1
549790,833622,MB-0650,1
549791,833623,CS-4425,1
549792,833625,JH-1375,0.5
549793,833625,BD-1200,0.5
549794,833626,CS-4425,1
549795,833627,CS-4425,1
549796,833629,SN-0450,1
549797,833633,BD-1200,1
549798,833634,TE-0006,1
549799,833636,AW-1900,1
549800,833639,MH-2975,1
549801,833640,SN-0450,1
549802,833641,ST-1150,1
549803,833643,SD-0250,1
549804,833648,BM-1250,1
549805,833649,DH-3112,1
549806,833650,AW-1900,0.5
549807,833650,RG-1675,0.5
549808,833651,MK-0730,1
549809,833652,KW-2500,0.5
549810,833652,DH-3112,0.5
549811,833655,TW-1137,0.5
549812,833655,JH-0100,0.5
549813,833656,TE-0006,1
549814,833657,DB-6050,0.5
549815,833657,BD-1200,0.5
549816,833658,CH-3100,1
549817,833659,JH-0100,1
549818,833660,TA-0600,1
549819,833664,BW-0150,0.5
549820,833664,KW-2500,0.5
549821,833665,SG-1600,1
549822,833666,BW-0150,1
549823,833667,KW-2500,1
549824,833668,MK-0730,1
549825,833669,SG-1600,1
549826,833670,RG-1675,0.5
549827,833670,BW-0150,0.5
549828,833672,BW-0150,0.5
549829,833672,KW-2500,0.5
549830,833673,TF-0725,1
549831,833674,JC-3350,1
549832,833678,MB-0650,0.5
549833,833678,SN-0450,0.5
549834,833679,DB-6050,0.5
549835,833679,TE-0006,0.5
549836,833682,DB-6050,1
549837,833684,TE-0006,0.5
549838,833684,MH-2975,0.5
549839,833685,TW-1137,0.5
549840,833685,TE-0006,0.5
549841,833689,JT-0850,1
549842,833690,BM-1250,1
549843,833699,KK-0325,0.5
549844,833699,MH-2975,0.5
549845,833700,MH-2975,1
549846,833701,SN-0450,1
549847,833702,DB-6050,0.5
549848,833702,TE-0006,0.5
549849,833703,KK-0325,1
549850,833704,MB-0650,1
549851,833706,OA-0075,1
549852,833707,KK-0325,1
549853,833708,CH-3100,1
549854,833713,DW-4025,0.5
549855,833713,CW-0637,0.5
549856,833715,DL-0550,1
549857,833718,BB-2725,1
549858,833720,XW-0100,1
549859,833721,AH-3350,1
549860,833722,CJ-2168,1
549861,833725,JH-0840,0.5
549862,833725,KJ-1150,0.5
549863,833726,CR-0887,1
549864,833728,LJ-1800,1
549865,833729,JH-0840,1
549866,833732,AH-3350,1
549867,833733,BB-2725,1
549868,833734,DW-4025,0.5
549869,833734,JT-2650,0.5
549870,833737,JT-2650,1
549871,833741,VB-0350,1
549872,833743,LJ-1800,1
549873,833744,TW-1750,1
549874,833746,NM-0675,1
549875,833749,CJ-2168,0.5
549876,833749,FC-0150,0.5
549877,833753,CR-0887,1
549878,833754,MH-3793,0.5
549879,833754,DW-4750,0.5
549880,833758,AH-3350,0.5
549881,833758,KF-0450,0.5
549882,833759,KF-0450,1
549883,833760,TK-0825,1
549884,833762,CW-0637,1
549885,833765,GC-0850,1
549886,833767,CR-0887,1
549887,833769,GC-0850,1
549888,833771,JH-0840,0.5
549889,833771,VB-0350,0.5
549890,833772,DW-4750,1
549891,833773,TM-3375,1
549892,833774,TW-1750,1
549893,833775,TW-1750,0.5
549894,833775,DW-4750,0.5
549895,833782,BB-2725,1
549896,833783,FC-0150,0.5
549897,833783,DL-0550,0.5
549898,833786,TM-0850,1
549899,833788,CF-0362,0.5
549900,833788,KJ-1150,0.5
549901,833789,DW-4750,1
549902,833790,KN-0350,1
549903,833791,TW-1750,1
549904,833797,EO-0075,1
549905,833798,CJ-2168,0.5
549906,833798,BN-0475,0.5
549907,833803,KF-0450,1
549908,833805,BN-0475,1
549909,833808,BN-0475,1
549910,833810,KN-0350,1
549911,833811,JH-0840,1
549912,833813,VB-0350,1
549913,833815,PH-0050,1
549914,833818,CW-0637,1
549915,833819,DN-1237,0.5
549916,833819,DW-4025,0.5
549917,833820,KF-0450,1
549918,833821,FC-0150,0.5
549919,833821,TM-0850,0.5
549920,833822,CJ-2168,0.5
549921,833822,JT-2650,0.5
549922,833824,LJ-1800,1
549923,833825,JH-0840,1
549924,833826,DW-4750,1
549925,833828,CF-0362,1
549926,833830,BM-0750,0.5
549927,833830,VB-0350,0.5
549928,833832,AH-3350,1
549929,833834,XW-0100,1
549930,833835,DW-4025,0.5
549931,833835,BB-2725,0.5
549932,833836,XW-0100,1
549933,833838,EH-0175,1
549934,833839,TW-1750,1
549935,833840,LJ-1800,1
549936,833841,DW-4750,1
549937,833843,MC-3050,0.5
549938,833843,TW-1750,0.5
549939,833846,BB-2725,1
549940,833847,BB-2725,1
549941,833851,CF-0362,1
549942,833855,BB-2725,1
549943,833857,CW-0637,1
549944,833858,AH-3350,1
549945,833859,KF-0450,1
549946,833861,DW-4025,1
549947,833862,EO-0075,1
549948,833866,KJ-1150,1
549949,833867,GC-0850,1
549950,833868,JM-1650,1
549951,833869,TW-1750,1
549952,833870,EH-0175,1
549953,833871,DW-4750,1
549954,833872,PH-0050,1
549955,833873,LJ-1800,1
549956,833875,LJ-1800,1
549957,833876,MC-3050,1
549958,833879,RS-2250,1
549959,833880,EJ-0125,1
549960,833881,BS-2300,0.5
549961,833881,EJ-0125,0.5
549962,833882,PA-0300,1
549963,833883,NW-0400,1
549964,833884,HC-0050,1
549965,833885,EJ-0125,1
549966,833886,DT-1950,0.5
549967,833886,EJ-0125,0.5
549968,833887,DT-1950,0.5
549969,833887,PA-0300,0.5
549970,833890,BC-1125,1
549971,833891,KJ-0100,1
549972,833894,LF-0450,1
549973,833895,BN-0450,1
549974,833896,EG-0350,1
549975,833897,EJ-0125,1
549976,833899,SH-0150,0.5
549977,833899,JJ-2350,0.5
549978,833900,IY-0100,1
549979,833901,VM-0300,0.5
549980,833901,JS-3150,0.5
549981,833902,KJ-0100,1
549982,833904,CN-0450,1
549983,833905,VM-0300,1
549984,833906,DW-4250,1
549985,833907,KJ-0100,1
549986,833908,JS-3150,1
549987,833909,SH-0150,1
549988,833910,SH-0150,1
549989,833911,DW-4250,0.5
549990,833911,JJ-2350,0.5
549991,833914,DT-1950,1
549992,833915,KF-0500,1
549993,833917,RS-2250,1
549994,833918,RS-2250,1
549995,833919,AH-3050,1
549996,833922,BC-1125,1
549997,833923,JS-3150,1
549998,833924,CH-1500,1
549999,833925,JS-3150,1
550000,833926,JS-3150,1
550001,833927,BC-1125,1
550002,833929,KJ-0100,1
550003,833930,DW-4250,1
550004,833933,DT-1950,1
550005,833934,HC-0050,1
550006,833935,RS-2250,1
550007,833937,RR-0850,0.5
550008,833937,PA-0300,0.5
550009,833940,DT-1950,1
550010,833944,JS-3150,1
550011,833945,DW-4250,1
550012,833949,AH-3050,1
550013,833950,RS-2250,1
550014,833956,BC-1125,1
550015,833960,IY-0100,1
550016,833961,JJ-2350,1
550017,833963,DT-1950,0.5
550018,833963,RS-2250,0.5
550019,833964,EG-0350,0.5
550020,833964,EJ-0125,0.5
550021,833965,DT-1950,1
550022,833966,EJ-0125,1
550023,833967,LF-0450,1
550024,833968,BS-2300,1
550025,833969,AL-1200,1
550026,833970,EG-0350,0.5
550027,833970,RS-2250,0.5
550028,833973,JS-3150,1
550029,833974,JS-3150,1
550030,833975,AG-1350,0.5
550031,833975,CN-0450,0.5
550032,833976,JJ-2350,1
550033,833977,SH-0150,0.5
550034,833977,DW-0450,0.5
550035,833978,DW-4250,1
550036,833980,BC-1125,1
550037,833981,DW-4250,0.5
550038,833981,AG-1350,0.5
550039,833985,PA-0300,1
550040,833986,DT-1950,1
550041,833987,RS-2250,1
550042,833988,PA-0300,1
550043,833989,RS-2250,1
550044,833997,SH-0150,0.5
550045,833997,JJ-2350,0.5
550046,834001,KF-0500,1
550047,834003,KF-0500,1
550048,834004,II-0400,0.5
550049,834004,RS-2250,0.5
550050,834005,EJ-0125,1
550051,834006,DT-1950,1
550052,834008,BS-2300,0.5
550053,834008,EJ-0125,0.5
550054,834009,RS-2250,1
550055,834010,DT-1950,1
550056,834011,RS-2250,1
550057,834012,HC-0050,1
550058,834013,EJ-0125,1
550059,834014,BS-2300,1
550060,834015,RS-2250,0.5
550061,834015,KF-0500,0.5
550062,834017,CN-0450,1
550063,834018,CH-1500,1
550064,834019,JJ-2350,1
550065,834020,KJ-0100,1
550066,834021,JS-3150,1
550067,834023,DT-1950,1
550068,834027,KF-0500,1
550069,834028,DT-1950,1
550070,834029,PA-0300,1
550071,834031,PA-0300,1
550072,834033,KF-0500,1
550073,834038,IY-0100,1
550074,834043,CH-1500,1
550075,834046,SJ-0793,1
550076,834047,BH-0050,1
550077,834048,NR-0350,1
550078,834049,JJ-3450,1
550079,834051,DD-0250,1
550080,834053,ML-0375,1
550081,834054,MB-3875,0.5
550082,834054,DD-0250,0.5
550083,834057,PW-0850,1
550084,834058,MW-2275,0.5
550085,834058,ML-0375,0.5
550086,834061,CL-0987,0.5
550087,834061,AT-0100,0.5
550088,834062,CL-0987,1
550089,834063,CM-0900,1
550090,834066,EA-0575,1
550091,834068,ST-1500,0.5
550092,834068,VB-0087,0.5
550093,834069,CJ-2400,1
550094,834071,MD-0131,1
550095,834074,BH-0050,1
550096,834075,TR-0075,0.5
550097,834075,AT-0100,0.5
550098,834077,AD-1475,1
550099,834079,JJ-3450,1
550100,834080,JJ-3450,1
550101,834084,DD-0250,1
550102,834087,EW-0400,1
550103,834088,MB-3650,0.5
550104,834088,BH-0050,0.5
550105,834090,NR-0350,1
550106,834091,TS-1950,0.5
550107,834091,DF-1481,0.5
550108,834096,DO-0250,1
550109,834097,VB-0087,1
550110,834098,EA-0575,1
550111,834099,ML-0375,1
550112,834100,EA-0575,1
550113,834101,CJ-2400,1
550114,834102,MW-2275,1
550115,834106,AK-0650,1
550116,834109,CM-0900,0.5
550117,834109,NR-0350,0.5
550118,834111,DF-1481,1
550119,834113,TR-0075,0.5
550120,834113,EW-0400,0.5
550121,834114,MB-3650,0.5
550122,834114,SE-0025,0.5
550123,834115,MB-3875,1
550124,834116,DO-0250,1
550125,834117,VB-0087,1
550126,834118,DD-0250,1
550127,834119,AK-0650,0.5
550128,834119,ML-0375,0.5
550129,834126,AA-0552,1
550130,834130,NR-0350,1
550131,834131,EW-0400,1
550132,834132,EW-0400,1
550133,834133,CL-0987,0.5
550134,834133,JJ-3450,0.5
550135,834134,CL-0987,1
550136,834135,BH-0050,1
550137,834137,NR-0350,1
550138,834140,EA-0575,1
550139,834141,AA-0552,1
550140,834142,MW-2275,1
550141,834146,EA-0575,1
550142,834147,CJ-2400,1
550143,834148,MB-3875,0.5
550144,834148,ML-0375,0.5
550145,834149,VB-0087,1
550146,834154,CL-0987,0.5
550147,834154,NR-0350,0.5
550148,834158,EA-0575,1
550149,834159,DO-0250,1
550150,834160,KA-0750,0.5
550151,834160,DD-0250,0.5
550152,834161,CJ-2400,1
550153,834165,DF-1481,1
550154,834167,TR-0075,1
550155,834168,TR-0075,0.5
550156,834168,EW-0400,0.5
550157,834169,CL-0987,1
550158,834170,EW-0400,1
550159,834172,EW-0400,1
550160,834177,ME-0425,0.5
550161,834177,AK-0650,0.5
550162,834179,PW-0850,1
550163,834180,AK-0650,1
550164,834185,DF-1481,1
550165,834186,JJ-3450,0.5
550166,834186,TR-0075,0.5
550167,834187,JJ-3450,1
550168,834188,CL-0987,0.5
550169,834188,TR-0075,0.5
550170,834193,TH-1350,1
550171,834194,EA-0575,1
550172,834195,CG-0275,1
550173,834196,AK-0650,0.5
550174,834196,VB-0087,0.5
550175,834198,DO-0250,0.5
550176,834198,MD-0131,0.5
550177,834201,CL-0987,1
550178,834208,ZB-0400,1
550179,834209,ZB-0400,1
550180,834210,RM-3050,1
550181,834211,MJ-0600,1
550182,834212,RM-3050,0.5
550183,834212,SJ-0775,0.5
550184,834213,JS-7425,0.5
550185,834213,ZB-0400,0.5
550186,834214,RM-3050,1
550187,834215,BG-1200,1
550188,834217,SJ-0775,1
550189,834220,DC-0325,1
550190,834221,IO-0150,1
550191,834224,JC-5560,0.5
550192,834224,DC-0325,0.5
550193,834225,GJ-0250,0.5
550194,834225,DK-0362,0.5
550195,834229,RM-3050,1
550196,834231,RD-0050,1
550197,834233,DB-0875,1
550198,834234,AS-0600,0.5
550199,834234,MJ-0600,0.5
550200,834237,KN-0125,1
550201,834238,GJ-0250,1
550202,834239,AB-0100,1
550203,834242,JS-7425,0.5
550204,834242,RD-1550,0.5
550205,834246,TM-2250,1
550206,834247,GJ-0250,0.5
550207,834247,KN-0125,0.5
550208,834248,RA-0675,1
550209,834249,DC-0325,0.5
550210,834249,DJ-2450,0.5
550211,834250,DK-0362,1
550212,834252,DJ-2450,1
550213,834257,AS-0600,1
550214,834258,RM-3050,0.5
550215,834258,SJ-0775,0.5
550216,834259,NG-0150,1
550217,834262,SJ-0775,1
550218,834267,ZB-0400,1
550219,834268,RM-3050,1
550220,834269,DB-0875,1
550221,834271,NB-0500,0.5
550222,834271,RD-0050,0.5
550223,834278,IO-0150,0.5
550224,834278,DK-0362,0.5
550225,834279,TD-0850,1
550226,834280,DJ-2450,1
550227,834285,AM-0250,1
550228,834286,RD-0050,1
550229,834289,KN-0125,1
550230,834290,KN-0125,1
550231,834292,KS-0750,1
550232,834293,KN-0125,1
550233,834299,RD-1550,1
550234,834300,ZB-0400,1
550235,834304,DC-0325,1
550236,834305,DK-0362,1
550237,834306,DJ-2450,1
550238,834309,DC-0325,1
550239,834313,JS-7425,1
550240,834314,VC-0400,1
550241,834316,DC-0325,1
550242,834317,KN-0125,1
550243,834318,DJ-2450,1
550244,834320,FO-0150,1
550245,834324,MJ-0600,1
550246,834325,NB-0500,1
550247,834326,SJ-0775,1
550248,834327,SJ-0775,1
550249,834328,FC-0400,1
550250,834330,RM-3050,1
550251,834331,BG-1200,1
550252,834333,KN-0125,1
550253,834334,TM-2250,1
550254,834337,NG-0150,1
550255,834338,AM-0250,1
550256,834341,KN-0125,1
550257,834343,RA-0675,1
550258,834344,RA-0675,1
550259,834345,GJ-0250,1
550260,834346,DJ-2450,0.5
550261,834346,DK-0362,0.5
550262,834347,DK-0362,1
550263,834348,TD-0850,0.5
550264,834348,DJ-2450,0.5
550265,834349,FO-0150,1
550266,834350,IO-0150,1
550267,834351,BW-2900,1
550268,834352,JC-3850,1
550269,834353,TD-0850,1
550270,834357,NB-0500,1
550271,834361,AM-0250,1
550272,834366,IO-0150,1
550273,834368,DC-0325,1
550274,834372,RA-0675,1
550275,834374,DC-0325,1
550276,834376,KN-0125,0.5
550277,834376,IO-0150,0.5
550278,834379,LW-1350,0.5
550279,834379,JJ-1675,0.5
550280,834380,HA-0400,0.5
550281,834380,BC-0625,0.5
550282,834381,BC-0625,1
550283,834383,NH-1225,1
550284,834384,BC-0625,1
550285,834385,NH-0075,1
550286,834386,LW-1350,0.5
550287,834386,HL-0100,0.5
550288,834391,SR-0670,1
550289,834395,BK-0150,1
550290,834398,BC-0625,0.5
550291,834398,TB-0625,0.5
550292,834399,DR-1950,1
550293,834403,MG-0287,0.5
550294,834403,LO-0050,0.5
550295,834407,NH-1225,0.5
550296,834407,BP-1050,0.5
550297,834408,SM-2200,1
550298,834410,FF-0050,1
550299,834411,BC-0625,0.5
550300,834411,DR-1950,0.5
550301,834413,LO-0050,0.5
550302,834413,EM-2100,0.5
550303,834414,JS-1025,0.5
550304,834414,EM-2100,0.5
550305,834415,JW-2675,1
550306,834417,OV-0200,1
550307,834420,JS-1025,1
550308,834422,JA-0150,1
550309,834424,JA-0150,1
550310,834425,KP-0625,0.5
550311,834425,TB-0625,0.5
550312,834431,EM-2100,1
550313,834432,SR-0670,0.5
550314,834432,DE-0575,0.5
550315,834433,CK-0850,1
550316,834436,JS-1025,1
550317,834437,JS-1025,1
550318,834438,MG-0287,0.5
550319,834438,DW-0850,0.5
550320,834439,SR-0670,1
550321,834440,JS-1025,1
550322,834442,DW-0850,0.5
550323,834442,MB-5100,0.5
550324,834443,GW-1350,1
550325,834446,NH-0075,1
550326,834448,NH-1225,0.5
550327,834448,NH-0075,0.5
550328,834451,JA-0150,1
550329,834454,SR-0670,0.5
550330,834454,MB-5100,0.5
550331,834457,JW-2675,1
550332,834462,MM-1725,1
550333,834467,JS-1025,0.5
550334,834467,JW-2675,0.5
550335,834468,CK-0850,0.5
550336,834468,DW-0850,0.5
550337,834471,DR-1950,1
550338,834477,JW-2675,1
550339,834478,JS-1025,1
550340,834480,SM-2200,0.5
550341,834480,HA-0400,0.5
550342,834481,BP-1050,1
550343,834486,CT-0937,0.5
550344,834486,MB-5100,0.5
550345,834487,CK-0850,0.5
550346,834487,DW-0850,0.5
550347,834488,DW-0850,1
550348,834489,JS-1025,1
550349,834490,MW-3150,0.5
550350,834490,MB-5100,0.5
550351,834492,JS-1025,0.5
550352,834492,GW-1350,0.5
550353,834496,MB-5100,1
550354,834497,JS-1025,1
550355,834501,JA-0150,1
550356,834502,NH-1225,1
550357,834504,LO-0050,1
550358,834505,JW-2675,1
550359,834507,DE-0575,1
550360,834508,CT-0937,0.5
550361,834508,CK-0850,0.5
550362,834509,DW-0850,1
550363,834510,MM-1725,1
550364,834511,SM-2200,0.5
550365,834511,NH-1225,0.5
550366,834512,DR-1950,1
550367,834514,KP-0625,1
550368,834516,LO-0050,1
550369,834517,JS-1025,1
550370,834518,GW-1350,1
550371,834519,SR-0670,1
550372,834521,JS-1025,1
550373,834522,DR-1950,1
550374,834523,FF-0050,1
550375,834524,JA-0150,1
550376,834525,SM-2200,0.5
550377,834525,NH-1225,0.5
550378,834528,SM-2200,0.5
550379,834528,TB-0625,0.5
550380,834529,RM-4100,1
550381,834530,BP-1050,1
550382,834531,BK-0150,1
550383,834535,JS-1025,0.5
550384,834535,MW-3150,0.5
550385,834536,JW-2675,1
550386,834538,DW-0850,1
550387,834539,MW-3150,1
550388,834540,MW-3150,1
